# Blender 5.1.1
# www.blender.org
mtllib lab3var8.mtl
o Куб
v 4.737520 0.569290 2.289481
v 3.864182 0.126117 2.136027
v 3.864182 0.217660 2.136027
v 4.399176 0.903434 1.342422
v 4.762357 0.571736 2.289481
v 4.119463 1.166023 1.692648
v 3.864182 0.126117 0.641323
v 4.786239 0.578981 2.289481
v 3.864182 0.217660 0.641323
v 4.119463 1.166023 1.500937
v 4.808249 0.590745 2.289481
v 5.245886 0.126117 2.136027
v 5.245886 0.217660 2.136027
v 4.827541 0.606578 2.289481
v 4.311175 1.166023 1.692648
v 4.843374 0.625870 2.289481
v 5.245886 0.126117 0.641323
v 5.245886 0.217660 0.641323
v 4.311175 1.166023 1.500937
v 4.855138 0.647880 2.289481
v 3.864182 0.126117 1.868509
v 4.862383 0.671763 2.289481
v 3.864182 0.126117 0.908841
v 3.864182 0.217660 0.908841
v 3.864182 0.217660 1.868509
v 4.864829 0.696599 2.289481
v 5.245886 0.126117 0.908841
v 5.245886 0.126117 1.868509
v 4.862383 0.721436 2.289481
v 5.245886 0.217660 1.868509
v 4.476786 0.402454 1.436990
v 4.855138 0.745319 2.289481
v 5.245886 0.217660 0.908841
v 4.476786 0.903434 1.436990
v 4.843374 0.767329 2.289481
v 3.864182 0.255840 1.840502
v 4.827541 0.786621 2.289481
v 4.472283 0.402454 1.451834
v 3.864182 0.255840 0.936848
v 4.472283 0.903434 1.451834
v 4.808249 0.802453 2.289481
v 4.464970 0.402454 1.465514
v 5.245886 0.255840 0.936848
v 4.786239 0.814218 2.289481
v 5.245886 0.255840 1.840502
v 4.762357 0.821463 2.289481
v 4.464970 0.903434 1.465514
v 5.245886 0.164297 1.840502
v 4.455130 0.402454 1.477505
v 4.737520 0.823909 2.289481
v 4.455130 0.903434 1.477505
v 4.712683 0.821463 2.289481
v 5.245886 0.164297 0.936848
v 4.443139 0.402454 1.487346
v 3.864182 0.164297 0.936848
v 4.688800 0.814218 2.289481
v 3.864182 0.164297 1.840502
v 4.666790 0.802453 2.289481
v 4.443139 0.903434 1.487346
v 4.429458 0.402454 1.494659
v 4.647499 0.786621 2.289481
v 4.039655 0.126117 0.641323
v 4.429458 0.903434 1.494659
v 5.070413 0.126117 0.641323
v 4.631666 0.767329 2.289481
v 5.070413 0.217660 0.641323
v 4.414614 0.402454 1.499162
v 4.619901 0.745319 2.289481
v 4.039655 0.217660 0.641323
v 4.414614 0.903434 1.499162
v 4.612657 0.721436 2.289481
v 5.070413 0.126117 2.136027
v 4.399176 0.402454 1.500682
v 4.610210 0.696599 2.289481
v 4.039655 0.126117 2.136027
v 4.399176 0.903434 1.500682
v 4.612657 0.671763 2.289481
v 4.039655 0.217660 2.136027
v 4.619901 0.647880 2.289481
v 4.383739 0.402454 1.499162
v 5.070413 0.217660 2.136027
v 4.631666 0.625870 2.289481
v 4.383739 0.903434 1.499162
v 4.039655 0.217660 1.868509
v 4.647499 0.606578 2.289481
v 4.368895 0.402454 1.494659
v 5.070413 0.217660 1.868509
v 4.666790 0.590745 2.289481
v 4.368895 0.903434 1.494659
v 4.355214 0.402454 1.487346
v 5.070413 0.217660 0.908841
v 4.688800 0.578981 2.289481
v 4.355214 0.903434 1.487346
v 4.712683 0.571736 2.289481
v 4.039655 0.217660 0.908841
v 5.070413 0.126117 1.868509
v 4.343223 0.402454 1.477505
v 4.737520 0.569290 2.169288
v 4.762357 0.571736 2.169288
v 4.039655 0.126117 1.868509
v 4.343223 0.903434 1.477505
v 4.786239 0.578981 2.169288
v 4.039655 0.126117 0.908841
v 4.808249 0.590745 2.169288
v 4.333382 0.402454 1.465514
v 4.827541 0.606578 2.169288
v 4.333382 0.903434 1.465514
v 4.843374 0.625870 2.169288
v 5.070413 0.126117 0.908841
v 4.855138 0.647880 2.169288
v 4.326069 0.402454 1.451834
v 4.862383 0.671763 2.169288
v 4.864829 0.696599 2.169288
v 5.070413 0.164297 0.936848
v 4.326069 0.903434 1.451834
v 4.862383 0.721436 2.169288
v 4.039655 0.164297 0.936848
v 4.855138 0.745319 2.169288
v 4.321567 0.402454 1.436990
v 4.843374 0.767329 2.169288
v 4.827541 0.786621 2.169288
v 4.039655 0.164297 1.840502
v 4.808249 0.802453 2.169288
v 5.070413 0.164297 1.840502
v 4.321567 0.903434 1.436990
v 4.786239 0.814218 2.169288
v 4.320046 0.402454 1.421552
v 4.762357 0.821463 2.169288
v 4.737520 0.823909 2.169288
v 4.039655 0.255840 0.936848
v 4.320046 0.903434 1.421552
v 4.712683 0.821463 2.169288
v 4.688800 0.814218 2.169288
v 5.070413 0.255840 0.936848
v 5.070413 0.255840 1.840502
v 4.666790 0.802453 2.169288
v 4.647499 0.786621 2.169288
v 4.321567 0.402454 1.406115
v 4.631666 0.767329 2.169288
v 4.039655 0.255840 1.840502
v 4.321567 0.903434 1.406115
v 4.619901 0.745319 2.169288
v 4.612657 0.721436 2.169288
v 4.326069 0.402454 1.391270
v 4.610210 0.696599 2.169288
v 4.071923 0.164297 0.936848
v 4.326069 0.903434 1.391270
v 4.612657 0.671763 2.169288
v 5.038146 0.164297 0.936848
v 4.619901 0.647880 2.169288
v 4.631666 0.625870 2.169288
v 4.333382 0.402454 1.377590
v 4.647499 0.606578 2.169288
v 5.038146 0.164297 0.908841
v 4.666790 0.590745 2.169288
v 4.333382 0.903434 1.377590
v 4.688800 0.578981 2.169288
v 4.071923 0.164297 0.908841
v 4.712683 0.571736 2.169288
v 4.343223 0.402454 1.365599
v 4.762357 0.571736 2.273901
v 4.071923 0.164297 1.868509
v 5.038146 0.164297 1.868509
v 4.786239 0.578981 2.273901
v 4.808249 0.590745 2.273901
v 4.343223 0.903434 1.365599
v 4.827541 0.606578 2.273901
v 4.355214 0.402454 1.355758
v 5.038146 0.164297 1.840502
v 4.843374 0.625870 2.273901
v 4.071923 0.164297 1.840502
v 4.855138 0.647880 2.273901
v 4.862383 0.671763 2.273901
v 4.355214 0.903434 1.355758
v 5.038146 0.255840 0.936848
v 4.864829 0.696599 2.273901
v 4.862383 0.721436 2.273901
v 4.368895 0.402454 1.348446
v 4.368895 0.903434 1.348446
v 4.855138 0.745319 2.273901
v 4.071923 0.255840 0.936848
v 4.843374 0.767329 2.273901
v 4.827541 0.786621 2.273901
v 4.071923 0.255840 0.908841
v 5.038146 0.255840 0.908841
v 4.808249 0.802453 2.273901
v 4.786239 0.814218 2.273901
v 4.383739 0.903434 1.343943
v 4.762357 0.821463 2.273901
v 5.038146 0.255840 1.868509
v 4.737520 0.823909 2.273901
v 4.399176 0.936567 1.325810
v 4.071923 0.255840 1.868509
v 4.712683 0.821463 2.273901
v 4.071923 0.255840 1.840502
v 4.688800 0.814218 2.273901
v 4.666790 0.802453 2.273901
v 5.038146 0.255840 1.840502
v 4.647499 0.786621 2.273901
v 5.038146 0.255840 2.136027
v 4.631666 0.767329 2.273901
v 4.071923 0.255840 2.136027
v 4.071923 0.255840 0.641323
v 4.619901 0.745319 2.273901
v 4.612657 0.721436 2.273901
v 5.038146 0.255840 0.641323
v 4.610210 0.696599 2.273901
v 4.071923 0.164297 2.136027
v 4.493078 0.936567 1.440230
v 4.612657 0.671763 2.273901
v 4.619901 0.647880 2.273901
v 5.038146 0.164297 2.136027
v 4.487630 0.936567 1.458191
v 4.631666 0.625870 2.273901
v 4.647499 0.606578 2.273901
v 5.038146 0.164297 0.641323
v 4.666790 0.590745 2.273901
v 4.071923 0.164297 0.641323
v 4.688800 0.578981 2.273901
v 4.478782 0.936567 1.474743
v 4.712683 0.571736 2.273901
v 4.372919 0.164297 0.641323
v 4.466876 0.936567 1.489252
v 4.737520 0.569290 2.273901
v 4.452367 0.936567 1.501158
v 4.737520 0.569290 1.823008
v 4.762357 0.571736 1.823008
v 4.372919 0.255840 0.641323
v 4.786239 0.578981 1.823008
v 4.435815 0.936567 1.510006
v 4.808249 0.590745 1.823008
v 4.372919 0.164297 2.136027
v 4.827541 0.606578 1.823008
v 4.417854 0.936567 1.515454
v 4.843374 0.625870 1.823008
v 4.372919 0.255840 2.136027
v 4.855138 0.647880 1.823008
v 4.372919 0.164297 0.908841
v 4.862383 0.671763 1.823008
v 4.399176 0.936567 1.517294
v 4.864829 0.696599 1.823008
v 4.372919 0.164297 1.868509
v 4.862383 0.721436 1.823008
v 4.380498 0.936567 1.515454
v 4.855138 0.745319 1.823008
v 4.362537 0.936567 1.510006
v 4.843374 0.767329 1.823008
v 4.372919 0.255840 0.908841
v 4.827541 0.786621 1.823008
v 4.345985 0.936567 1.501158
v 4.372919 0.255840 1.868509
v 4.808249 0.802453 1.823008
v 4.786239 0.814218 1.823008
v 4.372919 0.164297 1.840502
v 4.331476 0.936567 1.489252
v 4.762357 0.821463 1.823008
v 4.372919 0.164297 0.936848
v 4.737520 0.823909 1.823008
v 4.319570 0.936567 1.474743
v 4.712683 0.821463 1.823008
v 4.688800 0.814218 1.823008
v 4.310722 0.936567 1.458191
v 4.372919 0.255840 1.840502
v 4.666790 0.802453 1.823008
v 4.372919 0.255840 0.936848
v 4.647499 0.786621 1.823008
v 4.305274 0.936567 1.440230
v 4.631666 0.767329 1.823008
v 4.619901 0.745319 1.823008
v 4.303434 0.936567 1.421552
v 4.612657 0.721436 1.823008
v 3.864182 0.164297 1.435959
v 4.610210 0.696599 1.823008
v 3.864182 0.255840 1.435959
v 4.305274 0.936567 1.402874
v 4.612657 0.671763 1.823008
v 5.245886 0.164297 1.435959
v 4.619901 0.647880 1.823008
v 4.631666 0.625870 1.823008
v 4.310722 0.936567 1.384913
v 5.245886 0.255840 1.435959
v 4.647499 0.606578 1.823008
v 4.319570 0.936567 1.368361
v 4.666790 0.590745 1.823008
v 4.039655 0.255840 1.435959
v 4.688800 0.578981 1.823008
v 4.712683 0.571736 1.823008
v 4.331476 0.936567 1.353853
v 5.070413 0.255840 1.435959
v 4.737520 0.569290 1.724384
v 4.762357 0.571736 1.724384
v 4.345985 0.936567 1.341946
v 5.070413 0.164297 1.435959
v 4.786239 0.578981 1.724384
v 4.808249 0.590745 1.724384
v 4.362537 0.936567 1.333098
v 4.039655 0.164297 1.435959
v 4.827541 0.606578 1.724384
v 4.380498 0.936567 1.327650
v 4.843374 0.625870 1.724384
v 4.855138 0.647880 1.724384
v 4.071923 0.164297 1.435959
v 4.862383 0.671763 1.724384
v 5.038146 0.164297 1.435959
v 4.864829 0.696599 1.724384
v 4.399176 0.936567 1.309356
v 5.038146 0.255840 1.435959
v 4.862383 0.721436 1.724384
v 4.855138 0.745319 1.724384
v 4.071923 0.255840 1.435959
v 4.372919 0.164297 1.435959
v 4.843374 0.767329 1.724384
v 5.038146 0.164297 0.716562
v 4.827541 0.786621 1.724384
v 4.808249 0.802453 1.724384
v 4.071923 0.164297 0.716562
v 4.786239 0.814218 1.724384
v 4.039655 0.126117 0.716562
v 4.762357 0.821463 1.724384
v 5.070413 0.126117 0.716562
v 4.509216 0.936567 1.443441
v 4.737520 0.823909 1.724384
v 5.070413 0.217660 0.716562
v 4.712683 0.821463 1.724384
v 4.688800 0.814218 1.724384
v 4.502832 0.936567 1.464488
v 4.039655 0.217660 0.716562
v 4.666790 0.802453 1.724384
v 4.492464 0.936567 1.483885
v 4.647499 0.786621 1.724384
v 5.245886 0.217660 0.716562
v 4.631666 0.767329 1.724384
v 4.478511 0.936567 1.500887
v 4.619901 0.745319 1.724384
v 4.612657 0.721436 1.724384
v 3.864182 0.217660 0.716562
v 4.610210 0.696599 1.724384
v 4.461509 0.936567 1.514840
v 5.245886 0.126117 0.716562
v 4.612657 0.671763 1.724384
v 4.442111 0.936567 1.525208
v 4.619901 0.647880 1.724384
v 3.864182 0.126117 0.716562
v 4.631666 0.625870 1.724384
v 4.421064 0.936567 1.531593
v 4.647499 0.606578 1.724384
v 5.058340 0.479283 1.423886
v 4.666790 0.590745 1.724384
v 4.399176 0.936567 1.533748
v 4.688800 0.578981 1.724384
v 5.070413 0.467209 1.435959
v 4.712683 0.571736 1.724384
v 4.377288 0.936567 1.531593
v 4.737520 0.557626 2.273901
v 5.062960 0.478364 1.428506
v 4.737520 0.557626 2.169288
v 4.710407 0.560296 2.169288
v 4.356240 0.936567 1.525208
v 5.066877 0.475746 1.432423
v 4.684337 0.568205 2.169288
v 4.660310 0.581047 2.169288
v 4.336843 0.936567 1.514840
v 4.639251 0.598330 2.169288
v 5.069494 0.471829 1.435040
v 4.319841 0.936567 1.500887
v 4.621968 0.619390 2.169288
v 4.305888 0.936567 1.483885
v 4.609125 0.643417 2.169288
v 5.070413 0.467209 0.936848
v 4.601217 0.669487 2.169288
v 5.058340 0.479283 0.948922
v 4.598547 0.696599 2.169288
v 4.601217 0.723712 2.169288
v 4.295520 0.936567 1.464488
v 4.609125 0.749782 2.169288
v 5.069494 0.471829 0.937767
v 4.289135 0.936567 1.443441
v 4.621968 0.773809 2.169288
v 4.639251 0.794868 2.169288
v 5.066877 0.475746 0.940385
v 4.286980 0.936567 1.421552
v 4.660310 0.812152 2.169288
v 5.062960 0.478364 0.944301
v 4.684337 0.824994 2.169288
v 4.710407 0.832902 2.169288
v 4.289135 0.936567 1.399664
v 4.384992 0.479283 0.653396
v 4.737520 0.835573 2.169288
v 4.295520 0.936567 1.378617
v 4.764632 0.832902 2.169288
v 4.790702 0.824994 2.169288
v 4.372919 0.467209 0.641323
v 4.814729 0.812152 2.169288
v 4.305888 0.936567 1.359219
v 4.835789 0.794868 2.169288
v 4.380372 0.478364 0.648776
v 4.853072 0.773809 2.169288
v 4.319841 0.936567 1.342217
v 4.336843 0.936567 1.328264
v 4.865914 0.749782 2.169288
v 4.873823 0.723712 2.169288
v 4.376455 0.475746 0.644859
v 4.876493 0.696599 2.169288
v 4.373837 0.471829 0.642242
v 4.873823 0.669487 2.169288
v 4.356240 0.936567 1.317896
v 4.865914 0.643417 2.169288
v 5.026072 0.479283 0.653396
v 4.377288 0.936567 1.311512
v 4.853072 0.619390 2.169288
v 4.835789 0.598330 2.169288
v 5.038146 0.467209 0.641323
v 4.399176 1.166023 1.309356
v 4.814729 0.581047 2.169288
v 4.790702 0.568205 2.169288
v 5.030692 0.478364 0.648776
v 5.034609 0.475746 0.644859
v 4.764632 0.560296 2.169288
v 4.764632 0.560296 2.273901
v 5.037227 0.471829 0.642242
v 4.790702 0.568205 2.273901
v 4.384992 0.479283 0.908841
v 4.814729 0.581047 2.273901
v 4.372919 0.467209 0.908841
v 4.835789 0.598330 2.273901
v 4.380372 0.478364 0.908841
v 4.853072 0.619390 2.273901
v 4.376455 0.475746 0.908841
v 4.373837 0.471829 0.908841
v 4.865914 0.643417 2.273901
v 4.873823 0.669487 2.273901
v 4.509216 1.166023 1.443441
v 4.876493 0.696599 2.273901
v 5.026072 0.479283 0.908841
v 4.873823 0.723712 2.273901
v 4.502832 1.166023 1.464488
v 4.865914 0.749782 2.273901
v 5.038146 0.467209 0.908841
v 4.492464 1.166023 1.483885
v 4.853072 0.773809 2.273901
v 5.030693 0.478364 0.908841
v 4.835789 0.794868 2.273901
v 4.478511 1.166023 1.500887
v 4.814729 0.812152 2.273901
v 4.790702 0.824994 2.273901
v 5.034609 0.475746 0.908841
v 4.461509 1.166023 1.514840
v 4.764632 0.832902 2.273901
v 5.037227 0.471829 0.908841
v 4.737520 0.835573 2.273901
v 4.710407 0.832902 2.273901
v 5.038146 0.467209 1.435959
v 4.684337 0.824994 2.273901
v 4.442111 1.166023 1.525208
v 5.038146 0.479283 1.423886
v 4.660310 0.812152 2.273901
v 4.421064 1.166023 1.531593
v 4.639251 0.794868 2.273901
v 4.399176 1.166023 1.533748
v 4.621968 0.773809 2.273901
v 5.038146 0.471829 1.435040
v 4.609125 0.749782 2.273901
v 4.601217 0.723712 2.273901
v 4.377288 1.166023 1.531593
v 5.038146 0.475746 1.432423
v 4.598547 0.696599 2.273901
v 4.356240 1.166023 1.525208
v 4.601217 0.669487 2.273901
v 4.609125 0.643417 2.273901
v 5.038146 0.478364 1.428506
v 4.621968 0.619390 2.273901
v 4.336843 1.166023 1.514840
v 5.026072 0.479283 0.948922
v 4.639251 0.598330 2.273901
v 4.319841 1.166023 1.500887
v 4.660310 0.581047 2.273901
v 5.038146 0.467209 0.936848
v 4.684337 0.568205 2.273901
v 4.710407 0.560296 2.273901
v 5.030693 0.478364 0.944301
v 4.305888 1.166023 1.483885
v 4.764632 0.560296 1.724384
v 4.295520 1.166023 1.464488
v 4.764632 0.560296 1.823008
v 5.034609 0.475746 0.940385
v 4.790702 0.568205 1.724384
v 5.037227 0.471829 0.937767
v 4.790702 0.568205 1.823008
v 4.289135 1.166023 1.443441
v 4.814729 0.581047 1.724384
v 4.286980 1.166023 1.421552
v 4.814729 0.581047 1.823008
v 4.372919 0.467209 0.936848
v 4.835789 0.598330 1.724384
v 4.289135 1.166023 1.399664
v 4.835789 0.598330 1.823008
v 4.853072 0.619390 1.724384
v 4.384992 0.479283 0.936848
v 4.295520 1.166023 1.378617
v 4.853072 0.619390 1.823008
v 4.865914 0.643417 1.724384
v 4.373837 0.471829 0.936848
v 4.376455 0.475746 0.936848
v 4.865914 0.643417 1.823008
v 4.873823 0.669487 1.724384
v 4.305888 1.166023 1.359219
v 4.873823 0.669487 1.823008
v 4.319841 1.166023 1.342217
v 4.876493 0.696599 1.724384
v 4.380372 0.478364 0.936848
v 4.336843 1.166023 1.328264
v 4.876493 0.696599 1.823008
v 4.873823 0.723712 1.724384
v 4.356240 1.166023 1.317896
v 4.377288 1.166023 1.311512
v 4.873823 0.723712 1.823008
v 5.038146 0.255840 0.716562
v 4.865914 0.749782 1.724384
v 4.071923 0.255840 0.716562
v 4.865914 0.749782 1.823008
v 4.853072 0.773809 1.724384
v 4.372919 0.255840 0.716562
v 4.372919 0.164297 0.716562
v 4.853072 0.773809 1.823008
v 5.038146 0.467209 0.716562
v 4.835789 0.794868 1.724384
v 4.835789 0.794868 1.823008
v 5.037227 0.471829 0.717223
v 4.814729 0.812152 1.724384
v 5.034609 0.475746 0.719104
v 5.030692 0.478364 0.721919
v 4.814729 0.812152 1.823008
v 5.026072 0.479283 0.725240
v 4.790702 0.824994 1.724384
v 4.372919 0.467209 0.716562
v 4.790702 0.824994 1.823008
v 4.764632 0.832902 1.724384
v 4.373837 0.471829 0.717223
v 4.376455 0.475746 0.719104
v 4.764632 0.832902 1.823008
v 4.380372 0.478364 0.721919
v 4.737520 0.835573 1.724384
v 4.384992 0.479283 0.725240
v 4.737520 0.835573 1.823008
v 4.710407 0.832902 1.724384
v 4.391805 0.255840 0.641323
v 4.391805 0.164297 2.136027
v 4.710407 0.832902 1.823008
v 4.684337 0.824994 1.724384
v 4.391805 0.164297 1.868509
v 4.684337 0.824994 1.823008
v 4.391805 0.164297 0.936848
v 4.660310 0.812152 1.724384
v 4.391805 0.255840 1.840502
v 4.660310 0.812152 1.823008
v 4.391805 0.164297 0.641323
v 4.391805 0.255840 2.136027
v 4.639251 0.794868 1.724384
v 4.391805 0.164297 0.908841
v 4.639251 0.794868 1.823008
v 4.621968 0.773809 1.724384
v 4.391805 0.255840 1.868509
v 4.621968 0.773809 1.823008
v 4.391805 0.164297 1.840502
v 4.391805 0.164297 1.435959
v 4.609125 0.749782 1.724384
v 4.403193 0.479283 0.653396
v 4.609125 0.749782 1.823008
v 4.398835 0.478364 0.648776
v 4.601217 0.723712 1.724384
v 4.601217 0.723712 1.823008
v 4.395141 0.475746 0.644859
v 4.392672 0.471829 0.642242
v 4.598547 0.696599 1.724384
v 4.391805 0.467209 0.641323
v 4.598547 0.696599 1.823008
v 4.403193 0.479283 0.908841
v 4.601217 0.669487 1.724384
v 4.403193 0.479283 0.937191
v 4.601217 0.669487 1.823008
v 4.609125 0.643417 1.724384
v 4.403193 0.479283 0.725240
v 4.609125 0.643417 1.823008
v 4.391805 0.164297 0.716562
v 5.026072 1.166023 0.725240
v 4.621968 0.619390 1.724384
v 5.026072 1.166023 0.908841
v 4.621968 0.619390 1.823008
v 4.639251 0.598330 1.724384
v 5.026072 1.166023 0.948922
v 4.639251 0.598330 1.823008
v 5.038146 1.166023 1.423886
v 4.403193 1.166023 0.908841
v 4.660310 0.581047 1.724384
v 4.660310 0.581047 1.823008
v 4.403193 1.166023 0.937191
v 4.403536 1.166023 1.423886
v 4.684337 0.568205 1.724384
v 4.684337 0.568205 1.823008
v 4.403193 1.166023 0.725240
v 4.311175 0.255840 1.692648
v 4.710407 0.560296 1.724384
v 4.119463 0.255840 1.692648
v 4.710407 0.560296 1.823008
v 4.119463 0.255840 1.500937
v 4.737520 0.557626 1.823008
v 4.281927 0.255840 1.246076
v 4.737520 0.557626 1.724384
v 4.372919 0.255840 1.213094
v 4.358003 0.255840 1.214563
v 4.318413 0.255840 1.226573
v 4.189551 0.255840 1.435959
v 4.188132 0.255840 1.421552
v 4.192187 0.255840 1.380379
v 4.249946 0.255840 1.272322
v 4.204197 0.255840 1.340789
v 4.223700 0.255840 1.304302
v 4.391805 0.255840 1.631870
v 4.372919 0.255840 1.630010
v 4.192187 0.255840 1.462725
v 4.203779 0.255840 1.500937
v 4.358003 0.255840 1.628541
v 4.318413 0.255840 1.616531
v 4.311175 0.255840 1.612662
v 4.372919 0.467209 1.347225
v 4.373837 0.471829 1.346946
v 4.376455 0.475746 1.346152
v 4.380372 0.478364 1.344964
v 4.383739 0.479033 1.343943
v 4.384992 0.479283 1.343819
v 4.403479 0.479283 1.342846
v 4.399176 0.479283 1.342422
v 4.608801 0.255840 1.435959
v 4.476887 0.402454 1.435959
v 4.476887 0.467209 1.435959
v 4.372919 0.402454 1.347225
v 4.372919 0.340813 1.289547
v 4.476978 0.471829 1.435040
v 4.477235 0.475746 1.432423
v 4.477621 0.478364 1.428506
v 4.478076 0.479283 1.423886
v 4.574653 0.255840 1.538802
v 4.606165 0.255840 1.462725
v 4.594155 0.255840 1.502315
v 4.440349 0.255840 1.628541
v 4.399176 0.255840 1.632596
v 4.548407 0.255840 1.570783
v 4.516426 0.255840 1.597028
v 4.479939 0.255840 1.616531
v 4.403455 0.936567 1.309777
v 4.403479 0.903434 1.342846
v 4.403467 0.936567 1.326233
v 4.403455 1.166023 1.309777
v 4.478076 0.903434 1.423886
v 4.511142 0.936567 1.423886
v 4.511142 1.166023 1.423886
v 4.494688 0.936567 1.423886
v 4.207525 0.259843 1.500937
v 4.280369 0.331590 1.500937
v 4.311175 0.358186 1.500937
v 4.311175 0.352081 1.509553
v 4.311175 0.314352 1.553255
v 4.666790 0.802453 1.423886
v 4.712683 0.821463 1.423886
v 4.688800 0.814218 1.423886
v 4.762357 0.821463 1.423886
v 4.808249 0.802453 1.423886
v 4.786239 0.814218 1.423886
v 4.737520 0.823909 1.423886
v 4.843374 0.767329 1.423886
v 4.864829 0.696599 1.423886
v 4.862383 0.671763 1.423886
v 4.862383 0.721436 1.423886
v 4.855138 0.647880 1.423886
v 4.855138 0.745319 1.423886
v 4.827541 0.786621 1.423886
v 4.610210 0.696599 1.423886
v 4.619901 0.647880 1.423886
v 4.612657 0.671763 1.423886
v 4.612657 0.721436 1.423886
v 4.647499 0.786621 1.423886
v 4.631666 0.625870 1.423886
v 4.646847 0.607373 1.423886
v 4.631666 0.767329 1.423886
v 4.647499 0.606578 1.423886
v 4.619901 0.745319 1.423886
v 4.666790 0.590746 1.423886
v 4.737520 0.569290 1.423886
v 4.712683 0.571736 1.423886
v 4.688800 0.578981 1.423886
v 4.786239 0.578981 1.423886
v 4.827541 0.606578 1.423886
v 4.843374 0.625870 1.423886
v 4.762357 0.571736 1.423886
v 4.808249 0.590746 1.423886
vn -1.0000 -0.0000 -0.0000
vn 1.0000 -0.0000 -0.0000
vn -0.0000 -0.0000 -1.0000
vn -0.0000 -1.0000 -0.0000
vn -0.0000 1.0000 -0.0000
vn -0.0000 -0.0000 1.0000
vn -0.0000 0.5915 0.8063
vn -0.0000 0.5915 -0.8063
vn -0.0000 -0.5915 -0.8063
vn -0.0000 -0.5915 0.8063
vn 0.9808 0.1951 -0.0000
vn 0.4392 -0.7424 0.5060
vn -0.4392 -0.7424 0.5060
vn -0.7638 -0.6455 -0.0000
vn 0.7638 -0.6455 -0.0000
vn 0.4392 -0.7424 -0.5060
vn -0.4392 -0.7424 -0.5060
vn 0.4392 0.7424 -0.5060
vn -0.4392 0.7424 -0.5060
vn -0.7638 0.6455 -0.0000
vn 0.7638 0.6455 -0.0000
vn 0.4392 0.7424 0.5060
vn -0.4392 0.7424 0.5060
vn -0.8315 0.5556 -0.0000
vn -0.1951 0.9808 -0.0000
vn 0.8315 0.5556 -0.0000
vn 0.5556 0.8315 -0.0000
vn 0.1951 0.9808 -0.0000
vn -0.9808 0.1951 -0.0000
vn -0.5556 0.8315 -0.0000
vn -0.0000 0.9808 -0.1951
vn -0.0000 0.8315 -0.5556
vn -0.0000 0.5556 -0.8315
vn -0.0000 0.1951 -0.9808
vn 0.5555 0.8315 -0.0000
vn -0.0000 0.1950 0.9808
vn -0.0000 0.5556 0.8315
vn -0.0000 0.8315 0.5556
vn -0.0000 0.9808 0.1951
vn 0.9997 -0.0000 -0.0254
vn -1.0000 -0.0000 0.0007
vn 0.0980 -0.0000 -0.9952
vn 0.9952 -0.0000 0.0980
vn 0.9569 -0.0000 0.2903
vn 0.8819 -0.0000 0.4714
vn 0.7730 -0.0000 0.6344
vn 0.6344 -0.0000 0.7730
vn 0.4714 -0.0000 0.8819
vn 0.2903 -0.0000 0.9569
vn 0.0980 -0.0000 0.9952
vn -0.0980 -0.0000 0.9952
vn -0.2903 -0.0000 0.9569
vn -0.4714 -0.0000 0.8819
vn -0.6344 -0.0000 0.7730
vn -0.7730 -0.0000 0.6344
vn -0.8819 -0.0000 0.4714
vn -0.9569 -0.0000 0.2903
vn -0.9952 -0.0000 0.0980
vn -0.9952 -0.0000 -0.0980
vn -0.9569 -0.0000 -0.2903
vn -0.8819 -0.0000 -0.4714
vn -0.7730 -0.0000 -0.6344
vn -0.6344 -0.0000 -0.7730
vn -0.4714 -0.0000 -0.8819
vn -0.2903 -0.0000 -0.9569
vn -0.0980 -0.0000 -0.9952
vn 0.4218 -0.4465 0.7892
vn -0.8563 -0.4465 0.2597
vn 0.0877 -0.4464 -0.8905
vn -0.0877 -0.4465 -0.8905
vn 0.8563 -0.4465 0.2597
vn -0.4218 -0.4465 0.7892
vn -0.6917 -0.4465 -0.5677
vn 0.2598 -0.4465 0.8563
vn -0.8905 -0.4465 0.0877
vn 0.7891 -0.4465 0.4218
vn -0.5677 -0.4465 0.6917
vn -0.5677 -0.4465 -0.6917
vn 0.0877 -0.4465 0.8905
vn -0.8905 -0.4465 -0.0877
vn 0.6917 -0.4464 0.5677
vn -0.6917 -0.4465 0.5677
vn -0.4218 -0.4465 -0.7892
vn -0.0877 -0.4465 0.8905
vn -0.8563 -0.4465 -0.2597
vn 0.5677 -0.4465 0.6917
vn -0.7891 -0.4465 0.4218
vn -0.2598 -0.4465 -0.8563
vn 0.8905 -0.4465 0.0877
vn -0.2598 -0.4465 0.8563
vn -0.7891 -0.4465 -0.4218
vn 0.6570 0.6671 0.3512
vn -0.4726 0.6671 0.5759
vn -0.4726 0.6671 -0.5759
vn 0.0730 0.6671 0.7414
vn -0.7414 0.6671 -0.0730
vn 0.5759 0.6671 0.4726
vn -0.5759 0.6671 0.4726
vn -0.3512 0.6671 -0.6570
vn -0.0730 0.6671 0.7414
vn -0.7129 0.6671 -0.2163
vn 0.4726 0.6671 0.5759
vn -0.6570 0.6671 0.3512
vn -0.2163 0.6671 -0.7129
vn 0.7414 0.6671 0.0730
vn -0.2163 0.6671 0.7129
vn -0.6570 0.6671 -0.3512
vn 0.3512 0.6671 0.6570
vn -0.7129 0.6671 0.2163
vn -0.0730 0.6671 -0.7414
vn 0.7129 0.6671 0.2163
vn -0.3512 0.6671 0.6570
vn -0.5759 0.6671 -0.4726
vn 0.2163 0.6671 0.7129
vn -0.7414 0.6671 0.0730
vn 0.0980 -0.9952 -0.0000
vn 0.2903 -0.9569 -0.0000
vn 0.4714 -0.8819 -0.0000
vn 0.6344 -0.7730 -0.0000
vn 0.7730 -0.6344 -0.0000
vn 0.8819 -0.4714 -0.0000
vn 0.9569 -0.2903 -0.0000
vn 0.9952 -0.0980 -0.0000
vn 0.9952 0.0980 -0.0000
vn 0.9569 0.2903 -0.0000
vn 0.8819 0.4714 -0.0000
vn 0.7730 0.6344 -0.0000
vn 0.6344 0.7730 -0.0000
vn 0.4714 0.8819 -0.0000
vn 0.2903 0.9569 -0.0000
vn 0.0980 0.9952 -0.0000
vn -0.0980 0.9952 -0.0000
vn -0.2903 0.9569 -0.0000
vn -0.4714 0.8819 -0.0000
vn -0.6344 0.7730 -0.0000
vn -0.7730 0.6344 -0.0000
vn -0.8819 0.4714 -0.0000
vn -0.9569 0.2903 -0.0000
vn -0.9952 0.0980 -0.0000
vn -0.9952 -0.0980 -0.0000
vn -0.9569 -0.2903 -0.0000
vn -0.8819 -0.4714 -0.0000
vn -0.7730 -0.6344 -0.0000
vn -0.6344 -0.7730 -0.0000
vn -0.4714 -0.8819 -0.0000
vn -0.2903 -0.9569 -0.0000
vn -0.0980 -0.9952 -0.0000
vt 0.375000 0.000000
vt 0.625000 0.000000
vt 0.625000 0.044744
vt 0.375000 0.044744
vt 0.375000 0.237416
vt 0.625000 0.237416
vt 0.625000 0.250000
vt 0.375000 0.250000
vt 0.375000 0.512584
vt 0.625000 0.512584
vt 0.625000 0.544744
vt 0.375000 0.544744
vt 0.375000 0.705256
vt 0.625000 0.705256
vt 0.625000 0.750000
vt 0.375000 0.750000
vt 0.375000 0.117091
vt 0.625000 0.117091
vt 0.625000 0.200571
vt 0.375000 0.200571
vt 0.375000 0.632909
vt 0.625000 0.632909
vt 0.625000 0.700571
vt 0.375000 0.700571
vt 0.625000 0.205256
vt 0.375000 0.205256
vt 0.625000 0.049429
vt 0.375000 0.049429
vt 0.625000 0.549429
vt 0.375000 0.549429
vt 0.625000 0.281749
vt 0.375000 0.281749
vt 0.343251 0.512584
vt 0.343251 0.544744
vt 0.125000 0.512584
vt 0.156749 0.512584
vt 0.156749 0.544744
vt 0.125000 0.544744
vt 0.375000 0.468251
vt 0.625000 0.468251
vt 0.625000 0.500000
vt 0.375000 0.500000
vt 0.656749 0.512584
vt 0.656749 0.544744
vt 0.843251 0.512584
vt 0.875000 0.512584
vt 0.875000 0.544744
vt 0.843251 0.544744
vt 0.625000 0.781749
vt 0.375000 0.781749
vt 0.125000 0.705256
vt 0.156749 0.705256
vt 0.156749 0.750000
vt 0.125000 0.750000
vt 0.343251 0.705256
vt 0.343251 0.750000
vt 0.375000 0.968251
vt 0.625000 0.968251
vt 0.625000 1.000000
vt 0.375000 1.000000
vt 0.843251 0.705256
vt 0.875000 0.705256
vt 0.875000 0.750000
vt 0.843251 0.750000
vt 0.656749 0.705256
vt 0.656749 0.750000
vt 0.656749 0.700571
vt 0.843251 0.700571
vt 0.875000 0.700571
vt 0.875000 0.549429
vt 0.843251 0.549429
vt 0.656749 0.549429
vt 0.125000 0.700571
vt 0.156749 0.700571
vt 0.343251 0.700571
vt 0.343251 0.549429
vt 0.156749 0.549429
vt 0.125000 0.549429
vt 0.125000 0.632909
vt 0.156749 0.632909
vt 0.343251 0.632909
vt 0.656749 0.632909
vt 0.843251 0.632909
vt 0.875000 0.632909
vt 0.375000 0.345466
vt 0.625000 0.345466
vt 0.625000 0.462412
vt 0.375000 0.462412
vt 0.375000 0.907951
vt 0.625000 0.907951
vt 0.625000 0.962412
vt 0.375000 0.962412
vt 0.220466 0.512584
vt 0.220466 0.500000
vt 0.337412 0.500000
vt 0.337412 0.512584
vt 0.220466 0.750000
vt 0.220466 0.705256
vt 0.337412 0.705256
vt 0.337412 0.750000
vt 0.782951 0.512584
vt 0.782951 0.500000
vt 0.837412 0.500000
vt 0.837412 0.512584
vt 0.782951 0.750000
vt 0.782951 0.705256
vt 0.837412 0.705256
vt 0.837412 0.750000
vt 0.220466 0.632909
vt 0.220466 0.549429
vt 0.337412 0.549429
vt 0.337412 0.632909
vt 0.785650 0.595879
vt 0.782951 0.595633
vt 0.782951 0.549429
vt 0.837412 0.549429
vt 0.837412 0.632909
vt 0.816129 0.632909
vt 0.816386 0.630499
vt 0.815652 0.623613
vt 0.813479 0.616991
vt 0.809950 0.610888
vt 0.805202 0.605539
vt 0.799415 0.601149
vt 0.792813 0.597887
vt 0.779534 0.700571
vt 0.779534 0.705256
vt 0.662588 0.705256
vt 0.662588 0.700571
vt 0.662588 0.544744
vt 0.662588 0.512584
vt 0.662588 0.512695
vt 0.217049 0.700571
vt 0.217049 0.705256
vt 0.162588 0.705256
vt 0.162588 0.700571
vt 0.217049 0.544744
vt 0.217049 0.549429
vt 0.162588 0.549429
vt 0.162588 0.544744
vt 0.337412 0.700571
vt 0.162588 0.632909
vt 0.337412 0.544744
vt 0.162588 0.512584
vt 0.162588 0.750000
vt 0.662588 0.549429
vt 0.837412 0.700571
vt 0.662588 0.632909
vt 0.837412 0.544744
vt 0.662588 0.750000
vt 0.625000 0.787588
vt 0.375000 0.787588
vt 0.625000 0.287588
vt 0.375000 0.287588
vt 0.220466 0.544744
vt 0.220466 0.700571
vt 0.782951 0.544744
vt 0.782951 0.700571
vt 0.782951 0.500154
vt 0.782944 0.512688
vt 0.782798 0.512868
vt 0.782738 0.500394
vt 0.217049 0.632909
vt 0.779534 0.750000
vt 0.217049 0.750000
vt 0.162588 0.500000
vt 0.217049 0.500000
vt 0.217049 0.512584
vt 0.375000 0.904534
vt 0.625000 0.904534
vt 0.625000 0.342049
vt 0.375000 0.342049
vt 0.782951 0.665365
vt 0.779534 0.665676
vt 0.781603 0.501247
vt 0.781603 0.513480
vt 0.780767 0.514036
vt 0.780767 0.502019
vt 0.815652 0.637385
vt 0.828810 0.643777
vt 0.813555 0.643777
vt 0.792813 0.663111
vt 0.794123 0.662464
vt 0.794123 0.675842
vt 0.828811 0.675842
vt 0.785650 0.665119
vt 0.662588 0.500000
vt 0.656749 0.500000
vt 0.662741 0.512868
vt 0.663936 0.513480
vt 0.663936 0.544744
vt 0.664772 0.514036
vt 0.664772 0.544744
vt 0.782951 0.500000
vt 0.777473 0.544744
vt 0.777474 0.514036
vt 0.780767 0.544744
vt 0.843251 0.500000
vt 0.656833 0.549506
vt 0.656833 0.632832
vt 0.657069 0.549725
vt 0.657069 0.632613
vt 0.658098 0.550675
vt 0.658098 0.631662
vt 0.658934 0.551448
vt 0.658934 0.630889
vt 0.777473 0.502019
vt 0.664772 0.502019
vt 0.663936 0.501247
vt 0.778262 0.501247
vt 0.662801 0.500394
vt 0.779333 0.500394
vt 0.625000 0.346070
vt 0.625000 0.461773
vt 0.625000 0.462246
vt 0.625000 0.345623
vt 0.625000 0.462412
vt 0.662588 0.500154
vt 0.662671 0.549506
vt 0.663936 0.550675
vt 0.664772 0.551448
vt 0.780767 0.549429
vt 0.781603 0.544744
vt 0.781603 0.549429
vt 0.782883 0.618084
vt 0.782951 0.618067
vt 0.782687 0.618132
vt 0.781603 0.617689
vt 0.780994 0.617518
vt 0.780767 0.617498
vt 0.662588 0.631662
vt 0.662588 0.630889
vt 0.778201 0.617264
vt 0.777422 0.617335
vt 0.777474 0.549486
vt 0.764140 0.632909
vt 0.740272 0.632909
vt 0.764139 0.632909
vt 0.782951 0.608420
vt 0.782951 0.618067
vt 0.156749 0.500000
vt 0.343251 0.500000
vt 0.875000 0.500000
vt 0.125000 0.500000
vt 0.764193 0.632844
vt 0.764348 0.632658
vt 0.764007 0.631662
vt 0.763924 0.630889
vt 0.625000 0.342215
vt 0.625000 0.342689
vt 0.778200 0.665798
vt 0.740749 0.637385
vt 0.742922 0.644007
vt 0.746450 0.650110
vt 0.751199 0.655459
vt 0.756986 0.659849
vt 0.763587 0.663111
vt 0.770751 0.665119
vt 0.777412 0.630889
vt 0.777424 0.614556
vt 0.777426 0.611804
vt 0.777422 0.617335
vt 0.760919 0.630889
vt 0.763925 0.630889
vt 0.733388 0.630889
vt 0.736135 0.630889
vt 0.738263 0.630889
vt 0.739574 0.630889
vt 0.740017 0.630889
vt 0.739574 0.630889
vt 0.738263 0.630889
vt 0.736135 0.630889
vt 0.733270 0.630889
vt 0.757942 0.630889
vt 0.733270 0.630889
vt 0.757942 0.630889
vt 0.729779 0.630889
vt 0.725797 0.630889
vt 0.721476 0.630889
vt 0.716982 0.630889
vt 0.712488 0.630889
vt 0.708167 0.630889
vt 0.704184 0.630889
vt 0.700694 0.630889
vt 0.697829 0.630889
vt 0.695700 0.630889
vt 0.694390 0.630889
vt 0.693947 0.630889
vt 0.694389 0.630889
vt 0.695700 0.630889
vt 0.697829 0.630889
vt 0.700694 0.630889
vt 0.704184 0.630889
vt 0.708167 0.630889
vt 0.712488 0.630889
vt 0.716982 0.630889
vt 0.721476 0.630889
vt 0.725797 0.630889
vt 0.729779 0.630889
vt 0.375140 0.000000
vt 0.375140 0.250000
vt 0.375140 0.359951
vt 0.404546 0.500000
vt 0.396905 0.459828
vt 0.376291 0.364836
vt 0.402792 0.511237
vt 0.375140 0.750000
vt 0.375140 0.645695
vt 0.391952 0.568226
vt 0.375140 1.000000
vt 1.000000 0.576678
vt 1.000000 1.000000
vt 0.991290 1.000000
vt 0.991290 0.576678
vt 0.745276 0.576678
vt 0.745276 1.000000
vt 0.718750 1.000000
vt 0.718750 0.500000
vt 0.720836 0.500000
vt 0.720836 0.564628
vt 0.722696 0.569240
vt 0.727994 0.573149
vt 0.735923 0.575761
vt 0.687500 1.000000
vt 0.687500 0.500000
vt 0.656250 1.000000
vt 0.656250 0.500000
vt 0.593750 1.000000
vt 0.593750 0.500000
vt 0.562500 1.000000
vt 0.562500 0.500000
vt 0.531250 1.000000
vt 0.531250 0.500000
vt 0.500000 1.000000
vt 0.500000 0.500000
vt 0.468750 1.000000
vt 0.468750 0.500000
vt 0.437500 1.000000
vt 0.437500 0.500000
vt 0.406250 1.000000
vt 0.406250 0.500000
vt 0.343750 1.000000
vt 0.343750 0.500000
vt 0.312500 1.000000
vt 0.312500 0.500000
vt 0.281250 1.000000
vt 0.281250 0.500000
vt 0.250000 1.000000
vt 0.250000 0.500000
vt 0.218750 1.000000
vt 0.218750 0.500000
vt 0.187500 1.000000
vt 0.187500 0.500000
vt 0.156250 1.000000
vt 0.156250 0.500000
vt 0.125000 1.000000
vt 0.093750 1.000000
vt 0.093750 0.500000
vt 0.062500 1.000000
vt 0.062500 0.500000
vt 0.054028 0.500000
vt 0.031250 1.000000
vt 0.031250 0.576429
vt 0.038337 0.575761
vt 0.046584 0.573149
vt 0.052094 0.569240
vt 0.054028 0.564628
vt 0.000000 1.000000
vt 0.000000 0.576678
vt 0.028712 0.576678
vt 0.992821 1.000000
vt 0.746096 1.000000
vt 0.993891 1.000000
vt 0.746669 1.000000
vt 0.250000 0.010000
vt 0.296822 0.014612
vt 0.341844 0.028269
vt 0.383337 0.050447
vt 0.419706 0.080294
vt 0.449553 0.116663
vt 0.471731 0.158156
vt 0.485388 0.203178
vt 0.489508 0.245009
vt 0.259326 0.245009
vt 0.259154 0.489098
vt 0.250000 0.490000
vt 0.203178 0.485388
vt 0.158156 0.471731
vt 0.116663 0.449553
vt 0.080294 0.419706
vt 0.050447 0.383337
vt 0.028269 0.341844
vt 0.014612 0.296822
vt 0.010000 0.250000
vt 0.014612 0.203178
vt 0.028269 0.158156
vt 0.050447 0.116663
vt 0.080294 0.080294
vt 0.116663 0.050447
vt 0.158156 0.028269
vt 0.203178 0.014612
vt 0.993892 1.000000
vt 0.366827 0.500000
vt 0.375000 0.500000
vt 0.343750 0.500000
vt 0.494286 0.500000
vt 0.468750 0.500000
vt 0.480145 0.500000
vt 0.593750 0.500000
vt 0.031250 0.500000
vt 0.054028 0.500000
vt 0.738985 0.500000
vt 0.468750 0.500000
vt 0.281250 0.500000
vt 0.311369 0.500000
vt 0.031250 0.500000
vt 0.019855 0.500000
vt 0.431180 0.500000
vt 0.437500 0.500000
vt 0.261015 0.500000
vt 0.968750 0.821625
vt 1.000000 0.821625
vt 1.000000 0.992654
vt 0.968750 0.992654
vt 0.937500 0.821625
vt 0.937500 0.992654
vt 0.906250 0.821625
vt 0.906250 0.992654
vt 0.875000 0.821625
vt 0.875000 0.992655
vt 0.843750 0.992654
vt 0.843750 0.821625
vt 0.812500 0.992654
vt 0.812500 0.821625
vt 0.781250 0.992654
vt 0.781250 0.821625
vt 0.750000 0.992654
vt 0.750000 0.821625
vt 0.718750 0.992654
vt 0.718750 0.821625
vt 0.687500 0.992654
vt 0.687500 0.821625
vt 0.656250 0.992654
vt 0.656250 0.821625
vt 0.625000 0.992654
vt 0.625000 0.821625
vt 0.593750 0.992654
vt 0.593750 0.821625
vt 0.562500 0.992654
vt 0.562500 0.821625
vt 0.531250 0.992654
vt 0.531250 0.821625
vt 0.500000 0.992654
vt 0.500000 0.821625
vt 0.468750 0.992654
vt 0.468750 0.821625
vt 0.437500 0.992654
vt 0.437500 0.821625
vt 0.406250 0.992654
vt 0.406250 0.821625
vt 0.375000 0.992654
vt 0.375000 0.821625
vt 0.343750 0.992654
vt 0.343750 0.821625
vt 0.312500 0.992654
vt 0.312500 0.821625
vt 0.281250 0.992654
vt 0.281250 0.821625
vt 0.250000 0.992654
vt 0.250000 0.821625
vt 0.218750 0.992654
vt 0.218750 0.821625
vt 0.187500 0.992654
vt 0.187500 0.821625
vt 0.156250 0.992654
vt 0.156250 0.821625
vt 0.125000 0.992655
vt 0.125000 0.821625
vt 0.126287 0.992654
vt 0.093750 0.821625
vt 0.093750 0.992654
vt 0.062500 0.821625
vt 0.062500 0.992654
vt 0.031250 0.821625
vt 0.031250 0.992654
vt 0.000000 0.821625
vt 0.000000 0.992654
vt 0.703178 0.485388
vt 0.750000 0.490000
vt 0.796822 0.485388
vt 0.841844 0.471731
vt 0.883337 0.449553
vt 0.919706 0.419706
vt 0.949553 0.383337
vt 0.971731 0.341844
vt 0.985388 0.296822
vt 0.990000 0.250000
vt 0.658156 0.028269
vt 0.616663 0.050447
vt 0.580294 0.080294
vt 0.550447 0.116663
vt 0.528269 0.158156
vt 0.514612 0.203178
vt 0.510000 0.250000
vt 0.218750 0.765493
vt 0.250000 0.765493
vt 0.375000 0.508868
vt 0.406250 0.508868
vt 0.395753 0.508868
vt 0.187500 0.765493
vt 1.000000 0.568408
vt 0.968750 0.568408
vt 0.437500 0.508868
vt 0.431163 0.508868
vt 0.156250 0.765493
vt 0.937500 0.568408
vt 0.468750 0.508868
vt 0.465773 0.508868
vt 0.125000 0.765493
vt 0.906250 0.568408
vt 0.500000 0.508868
vt 0.093750 0.765493
vt 0.875000 0.568408
vt 0.531250 0.508868
vt 0.062500 0.765493
vt 0.843750 0.568408
vt 0.562500 0.508868
vt 0.031250 0.765493
vt 0.812500 0.568408
vt 0.593750 0.508868
vt 0.000000 0.765493
vt 0.812500 0.568408
vt 0.781250 0.568408
vt 0.625000 0.508868
vt 0.750000 0.568408
vt 0.656250 0.508868
vt 0.718750 0.568408
vt 0.687500 0.508868
vt 0.687500 0.568408
vt 0.718750 0.508868
vt 0.656250 0.568408
vt 0.682010 0.568408
vt 0.750000 0.508868
vt 0.625000 0.568408
vt 0.641279 0.568408
vt 1.000000 0.500000
vt 1.000000 0.508868
vt 0.968750 0.508868
vt 0.968750 0.500000
vt 0.937500 0.508868
vt 0.937500 0.500000
vt 0.906250 0.508868
vt 0.906250 0.500000
vt 0.875000 0.508868
vt 0.843750 0.508868
vt 0.843750 0.500000
vt 0.812500 0.508868
vt 0.812500 0.500000
vt 0.781250 0.508868
vt 0.781250 0.500000
vt 0.750000 0.500000
vt 0.343750 0.508868
vt 0.312500 0.508868
vt 0.281250 0.508868
vt 0.250000 0.508868
vt 0.218750 0.508868
vt 0.187500 0.508868
vt 0.156250 0.508868
vt 0.125000 0.508868
vt 0.093750 0.508868
vt 0.062500 0.508868
vt 0.031250 0.508868
vt 0.000000 0.508868
vt 0.000000 0.500000
vt 0.031250 0.568408
vt 0.000000 0.568408
vt 0.062500 0.568408
vt 0.093750 0.568408
vt 0.125000 0.568408
vt 0.156250 0.568408
vt 0.187500 0.568408
vt 0.218750 0.568408
vt 0.250000 0.568408
vt 0.281250 0.568408
vt 0.281250 0.765493
vt 0.312500 0.568408
vt 0.312500 0.765493
vt 0.343750 0.568408
vt 0.343750 0.765493
vt 0.375000 0.568408
vt 0.375000 0.765493
vt 0.406250 0.568408
vt 0.406250 0.765493
vt 0.437500 0.568408
vt 0.437500 0.765493
vt 0.468750 0.568408
vt 0.468750 0.765493
vt 0.500000 0.568408
vt 0.500000 0.765493
vt 0.531250 0.568408
vt 0.531250 0.765493
vt 0.562500 0.568408
vt 0.562500 0.765493
vt 0.593750 0.568408
vt 0.593750 0.765493
vt 0.625000 0.765493
vt 0.656250 0.765493
vt 0.687500 0.765493
vt 0.718750 0.765493
vt 0.750000 0.765493
vt 0.781250 0.765493
vt 0.812500 0.765493
vt 0.843750 0.765493
vt 0.875000 0.765493
vt 0.906250 0.765493
vt 0.937500 0.765493
vt 0.968750 0.765493
vt 1.000000 0.765493
vt 0.604247 0.568408
vt 0.568837 0.568408
vt 0.817989 0.508868
vt 0.534227 0.568408
vt 0.858721 0.508868
vt 0.895753 0.508868
vt 0.931163 0.508868
vt 0.965773 0.508868
vt 0.682010 0.821625
vt 0.358721 0.508868
vt 0.317990 0.508868
vt 0.317990 0.765493
vt 0.358721 0.765493
vt 0.395753 0.765493
vt 0.431163 0.765493
vt 0.034227 0.821625
vt 0.465773 0.765493
vt 0.068837 0.821625
vt 0.104247 0.821625
vt 0.141279 0.821625
vt 0.182010 0.821625
vt 0.817990 0.765493
vt 0.858721 0.765493
vt 0.034227 0.568408
vt 0.895753 0.765493
vt 0.068837 0.568408
vt 0.931163 0.765493
vt 0.104247 0.568408
vt 0.534227 0.821625
vt 0.965773 0.765493
vt 0.141279 0.568408
vt 0.568837 0.821625
vt 0.182010 0.568408
vt 0.604247 0.821625
vt 0.641279 0.821625
s 0
f 2/1/1 3/2/1 25/3/1 21/4/1
f 343/5/1 336/6/1 9/7/1 7/8/1
f 339/9/2 331/10/2 33/11/2 27/12/2
f 28/13/2 30/14/2 13/15/2 12/16/2
f 272/17/1 274/18/1 39/19/1 55/20/1
f 277/21/2 281/22/2 45/23/2 48/24/2
f 24/25/1 23/26/1 55/20/1 39/19/1
f 36/27/1 57/28/1 21/4/1 25/3/1
f 43/29/2 53/30/2 27/12/2 33/11/2
f 30/14/2 28/13/2 48/24/2 45/23/2
f 7/8/3 9/7/3 69/31/3 62/32/3
f 320/33/4 339/9/4 27/12/4 109/34/4
f 343/35/4 318/36/4 103/37/4 23/38/4
f 64/39/3 66/40/3 18/41/3 17/42/3
f 331/10/5 323/43/5 91/44/5 33/11/5
f 327/45/5 336/46/5 24/47/5 95/48/5
f 12/16/6 13/15/6 81/49/6 72/50/6
f 21/51/4 100/52/4 75/53/4 2/54/4
f 96/55/4 28/13/4 12/16/4 72/56/4
f 75/57/6 78/58/6 3/59/6 2/60/6
f 84/61/5 25/62/5 3/63/5 78/64/5
f 30/14/5 87/65/5 81/66/5 13/15/5
f 87/65/7 30/14/7 45/23/7 135/67/7
f 25/62/7 84/61/7 140/68/7 36/69/7
f 39/70/8 130/71/8 95/48/8 24/47/8
f 134/72/8 43/29/8 33/11/8 91/44/8
f 100/52/9 21/51/9 57/73/9 122/74/9
f 28/13/9 96/55/9 124/75/9 48/24/9
f 53/30/10 114/76/10 109/34/10 27/12/10
f 117/77/10 55/78/10 23/38/10 103/37/10
f 272/79/4 297/80/4 122/74/4 57/73/4
f 293/81/4 277/21/4 48/24/4 124/75/4
f 281/22/5 289/82/5 135/67/5 45/23/5
f 285/83/5 274/84/5 36/69/5 140/68/5
f 556/85/3 546/86/3 206/87/3 216/88/3
f 232/89/6 236/90/6 202/91/6 208/92/6
f 584/93/4 556/94/4 216/95/4 313/96/4
f 547/97/4 550/98/4 163/99/4 212/100/4
f 522/101/5 228/102/5 203/103/5 519/104/5
f 236/105/5 251/106/5 193/107/5 202/108/5
f 565/109/4 552/110/4 149/111/4 304/112/4
f 610/113/5 609/114/5 265/115/5 181/116/5 310/117/5 612/118/5 613/119/5 614/120/5 616/121/5 617/122/5 615/123/5 607/124/5 611/125/5
f 554/126/5 562/127/5 190/128/5 198/129/5
f 438/130/11 525/131/11 528/132/11 449/130/11
f 254/133/4 242/134/4 162/135/4 171/136/4
f 238/137/4 257/138/4 146/139/4 158/140/4
f 117/77/12 103/37/12 158/140/12 146/139/12
f 293/81/4 124/75/4 169/141/4 304/112/4
f 302/142/4 171/136/4 122/74/4 297/80/4
f 149/111/13 154/143/13 109/34/13 114/76/13
f 320/33/14 109/34/14 154/143/14 313/96/14
f 316/144/15 158/140/15 103/37/15 318/36/15
f 100/52/16 122/74/16 171/136/16 162/135/16
f 96/55/14 72/56/14 212/100/14 163/99/14
f 162/135/15 208/145/15 75/53/15 100/52/15
f 163/99/17 169/141/17 124/75/17 96/55/17
f 134/72/18 91/44/18 185/130/18 175/146/18
f 285/83/5 140/68/5 195/147/5 310/117/5
f 307/148/5 198/129/5 135/67/5 289/82/5
f 181/116/19 184/149/19 95/48/19 130/71/19
f 327/45/20 95/48/20 184/149/20 519/104/20
f 517/131/21 185/130/21 91/44/21 323/43/21
f 87/65/22 135/67/22 198/129/22 190/128/22
f 84/61/20 78/64/20 202/108/20 193/107/20
f 190/128/21 200/150/21 81/66/21 87/65/21
f 193/107/23 195/147/23 140/68/23 84/61/23
f 200/151/6 212/152/6 72/50/6 81/49/6
f 78/58/6 75/57/6 208/92/6 202/91/6
f 66/40/3 64/39/3 216/88/3 206/87/3
f 203/153/3 218/154/3 62/32/3 69/31/3
f 559/155/4 552/110/4 257/138/4 238/137/4
f 564/156/4 550/98/4 242/134/4 254/133/4
f 184/149/5 181/116/5 265/115/5 248/157/5
f 195/147/5 193/107/5 251/106/5 263/158/5
f 404/159/24 538/160/24 539/161/24 402/162/24
f 302/142/4 146/139/4 257/138/4 311/163/4
f 557/164/5 562/127/5 251/106/5 236/105/5
f 185/130/2 517/131/2 525/131/2 438/130/2
f 208/145/4 162/135/4 242/134/4 232/165/4
f 316/144/4 218/166/4 222/167/4 523/168/4
f 547/169/6 557/170/6 236/90/6 232/89/6
f 218/154/3 203/153/3 228/171/3 222/172/3
f 171/136/4 302/142/4 311/163/4 254/133/4
f 619/173/5 263/158/5 554/126/5 618/174/5
f 396/175/25 541/176/25 543/177/25 387/178/25
f 130/71/5 285/83/5 310/117/5 181/116/5
f 146/139/4 302/142/4 297/80/4 117/77/4
f 114/76/4 293/81/4 304/112/4 149/111/4
f 620/179/5 612/118/5 310/117/5 605/180/5 621/181/5
f 623/182/5 624/183/5 601/184/5 603/185/5 605/180/5 310/117/5 195/147/5 263/158/5 619/173/5 622/186/5
f 564/156/4 565/109/4 304/112/4 169/141/4
f 130/71/5 39/70/5 274/84/5 285/83/5
f 43/29/5 134/72/5 289/82/5 281/22/5
f 114/76/4 53/30/4 277/21/4 293/81/4
f 55/78/4 117/77/4 297/80/4 272/79/4
f 53/30/2 43/29/2 281/22/2 277/21/2
f 57/28/1 36/27/1 274/18/1 272/17/1
f 206/187/21 517/131/21 323/43/21 66/188/21
f 158/140/4 316/144/4 523/168/4 238/137/4
f 449/130/26 528/132/26 530/189/26 446/130/26
f 446/130/27 530/189/27 531/190/27 441/191/27
f 441/191/28 531/190/28 533/192/28 434/193/28
f 392/194/29 535/101/29 538/160/29 404/159/29
f 402/162/30 539/161/30 541/176/30 396/175/30
f 577/195/5 582/196/5 543/177/5 422/197/5
f 228/102/1 522/101/1 535/101/1 392/194/1
f 69/198/20 327/45/20 519/104/20 203/103/20
f 351/82/11 369/72/11 376/199/11 364/200/11
f 364/200/26 376/199/26 380/201/26 359/202/26
f 359/202/27 380/201/27 383/203/27 355/204/27
f 355/204/28 383/203/28 371/205/28 347/206/28
f 567/207/31 408/208/31 416/209/31 569/210/31
f 569/210/32 416/209/32 417/211/32 572/212/32
f 572/213/33 417/214/33 420/215/33 573/216/33
f 573/216/34 420/215/34 412/217/34 575/86/34
f 525/131/11 412/187/11 420/218/11 528/132/11
f 528/132/26 420/218/26 417/211/26 530/189/26
f 530/189/35 417/211/35 416/209/35 531/190/35
f 531/190/28 416/209/28 408/208/28 533/192/28
f 477/146/11 438/130/11 449/130/11 487/219/11
f 487/219/26 449/130/26 446/130/26 485/146/26
f 485/146/27 446/130/27 441/191/27 480/220/27
f 480/220/28 441/191/28 434/193/28 473/221/28
f 473/221/31 371/205/31 383/203/31 480/220/31
f 480/220/32 383/203/32 380/201/32 485/146/32
f 485/146/33 380/201/33 376/199/33 487/219/33
f 487/219/34 376/199/34 369/72/34 477/146/34
f 498/222/25 422/197/25 426/223/25 510/224/25
f 510/224/30 426/223/30 428/157/30 503/115/30
f 503/115/24 428/157/24 429/157/24 502/115/24
f 502/115/29 429/157/29 424/157/29 493/115/29
f 535/101/29 424/157/29 429/157/29 538/160/29
f 538/160/24 429/157/24 428/157/24 539/161/24
f 539/161/30 428/157/30 426/223/30 541/176/30
f 541/176/25 426/223/25 422/197/25 543/177/25
f 626/225/29 502/115/29 493/115/29 625/226/29
f 627/227/24 503/115/24 502/115/24 626/225/24
f 628/228/30 510/224/30 503/115/30 627/227/30
f 629/229/25 630/230/25 498/222/25 510/224/25 628/228/25
f 452/148/36 351/82/36 364/200/36 461/148/36
f 461/148/37 364/200/37 359/202/37 465/148/37
f 465/148/38 359/202/38 355/204/38 470/231/38
f 470/231/39 355/204/39 347/206/39 455/232/39
f 289/82/2 134/72/2 369/72/2 351/82/2
f 473/221/5 455/232/5 347/206/5 371/205/5
f 307/148/6 289/82/6 351/82/6 452/148/6
f 134/72/3 175/146/3 477/146/3 369/72/3
f 546/86/3 228/171/3 392/171/3 575/86/3
f 582/196/5 567/207/5 387/178/5 543/177/5
f 522/101/1 248/157/1 424/157/1 535/101/1
f 517/131/2 206/187/2 412/187/2 525/131/2
f 248/157/1 265/115/1 493/115/1 424/157/1
f 455/232/40 473/221/40 590/221/40 592/232/40
f 175/146/2 185/130/2 438/130/2 477/146/2
f 632/233/5 631/234/5 579/235/5 498/222/5 630/230/5
f 634/236/6 633/237/6 307/148/6 452/148/6 635/238/6
f 637/239/1 636/240/1 625/226/1 493/115/1 265/115/1 609/114/1
f 218/166/15 316/144/15 318/36/15 62/241/15
f 64/242/14 320/33/14 313/96/14 216/95/14
f 248/157/5 522/101/5 519/104/5 184/149/5
f 559/155/4 584/93/4 313/96/4 154/143/4
f 69/198/5 9/243/5 336/46/5 327/45/5
f 18/41/5 66/188/5 323/43/5 331/10/5
f 7/244/4 62/241/4 318/36/4 343/35/4
f 64/242/4 17/42/4 339/9/4 320/33/4
f 17/42/2 18/41/2 331/10/2 339/9/2
f 23/26/1 24/25/1 336/6/1 343/5/1
f 238/137/4 523/168/4 584/93/4 559/155/4
f 473/221/2 434/193/2 587/193/2 590/221/2
f 422/197/5 498/222/5 579/235/5 577/195/5
f 533/192/5 408/208/5 567/207/5 582/196/5
f 206/87/3 546/86/3 575/86/3 412/217/3
f 452/148/36 461/148/36 638/245/36 635/238/36
f 461/148/37 465/148/37 639/246/37 638/245/37
f 465/148/38 470/231/38 640/247/38 639/246/38
f 470/231/39 455/232/39 641/248/39 640/247/39
f 404/249/34 573/216/34 575/86/34 392/171/34
f 402/250/33 572/213/33 573/216/33 404/249/33
f 396/175/32 569/210/32 572/212/32 402/162/32
f 387/178/31 567/207/31 569/210/31 396/175/31
f 434/193/2 533/192/2 585/192/2 587/193/2
f 254/133/4 311/163/4 565/109/4 564/156/4
f 646/251/5 618/174/5 554/126/5 198/129/5 307/148/5 633/237/5 643/252/5 644/253/5 642/254/5 647/255/5 648/256/5 649/257/5 645/258/5
f 212/152/6 200/151/6 557/170/6 547/169/6
f 200/150/5 190/128/5 562/127/5 557/164/5
f 169/141/4 163/99/4 550/98/4 564/156/4
f 154/143/4 149/111/4 552/110/4 559/155/4
f 263/158/5 251/106/5 562/127/5 554/126/5
f 311/163/4 257/138/4 552/110/4 565/109/4
f 232/165/4 242/134/4 550/98/4 547/97/4
f 523/168/4 222/167/4 556/94/4 584/93/4
f 222/172/3 228/171/3 546/86/3 556/85/3
f 593/195/5 596/235/5 590/221/5 587/193/5
f 592/232/5 590/221/5 596/235/5 597/259/5
f 587/193/5 585/192/5 600/196/5 593/195/5
f 652/260/41 650/261/41 653/261/41 596/235/41 579/235/41 631/234/41 651/262/41
f 657/263/6 654/264/6 641/248/6 683/265/6 682/266/6 678/267/6 679/268/6 677/269/6 680/270/6 686/271/6 684/272/6 681/273/6 655/274/6
f 685/275/6 683/265/6 641/248/6 455/232/6 592/232/6 656/276/6 655/274/6 681/273/6 663/277/6 665/278/6 664/279/6 669/280/6 666/281/6 668/282/6 667/283/6 676/284/6 670/285/6 675/286/6 673/287/6 671/288/6 672/289/6 674/290/6 693/291/6 692/292/6 695/293/6 691/294/6 694/295/6 688/296/6 689/297/6 690/298/6 687/299/6
f 533/192/3 582/196/3 600/196/3 585/192/3
f 582/196/1 577/195/1 593/195/1 600/196/1
f 577/195/1 579/235/1 596/235/1 593/195/1
f 603/300/1 6/2/1 10/7/1 605/301/1
f 621/302/3 605/301/3 10/7/3 19/41/3 660/303/3 659/304/3 658/305/3
f 661/306/2 660/303/2 19/41/2 15/15/2 601/307/2 624/308/2 662/309/2
f 601/307/6 15/15/6 6/59/6 603/310/6
f 19/41/5 10/243/5 6/63/5 15/15/5
f 632/311/42 4/312/42 651/313/42 631/314/42
f 641/315/43 654/316/43 34/317/43 31/318/43 634/319/43 635/320/43 638/321/43 639/322/43 640/323/43
f 31/318/44 34/317/44 40/324/44 38/325/44
f 38/325/45 40/324/45 47/326/45 42/327/45
f 42/327/46 47/326/46 51/59/46 49/41/46
f 49/41/47 51/59/47 59/328/47 54/329/47
f 54/329/48 59/328/48 63/330/48 60/331/48
f 60/331/49 63/330/49 70/332/49 67/333/49
f 67/333/50 70/332/50 76/334/50 73/335/50
f 73/335/51 76/334/51 83/336/51 80/337/51
f 80/337/52 83/336/52 89/338/52 86/339/52
f 86/339/53 89/338/53 93/340/53 90/341/53
f 90/341/54 93/340/54 101/60/54 97/42/54
f 97/42/55 101/60/55 107/342/55 105/343/55
f 105/343/56 107/342/56 115/344/56 111/345/56
f 111/345/57 115/344/57 125/346/57 119/347/57
f 119/347/58 125/346/58 131/348/58 127/349/58
f 127/349/59 131/348/59 141/350/59 138/351/59
f 138/351/60 141/350/60 147/352/60 144/353/60
f 144/353/61 147/352/61 156/354/61 152/355/61
f 152/355/62 156/354/62 166/356/62 160/244/62
f 160/244/63 166/356/63 174/357/63 168/358/63
f 168/358/64 174/357/64 179/359/64 178/360/64
f 636/361/65 178/360/65 179/359/65 188/362/65 629/363/65 628/364/65 627/365/65 626/366/65 625/367/65
f 629/363/66 188/362/66 4/368/66 632/369/66 630/370/66
f 223/59/4 220/326/4 329/326/4 333/59/4
f 63/330/67 59/328/67 225/328/67 230/330/67
f 125/346/68 115/344/68 262/344/68 267/346/68
f 651/313/69 4/312/69 192/312/69 652/371/69
f 4/368/70 188/362/70 299/362/70 192/368/70
f 40/324/71 34/317/71 209/317/71 213/324/71
f 93/340/72 89/338/72 246/338/72 250/340/72
f 166/356/73 156/354/73 283/354/73 288/356/73
f 70/332/74 63/330/74 230/330/74 234/332/74
f 131/348/75 125/346/75 267/346/75 270/348/75
f 47/326/76 40/324/76 213/324/76 220/326/76
f 101/60/77 93/340/77 250/340/77 255/60/77
f 174/357/78 166/356/78 288/356/78 292/357/78
f 76/334/79 70/332/79 234/332/79 240/334/79
f 141/350/80 131/348/80 270/348/80 275/350/80
f 51/59/81 47/326/81 220/326/81 223/59/81
f 107/342/82 101/60/82 255/60/82 259/342/82
f 179/359/83 174/357/83 292/357/83 296/359/83
f 83/336/84 76/334/84 240/334/84 244/336/84
f 147/352/85 141/350/85 275/350/85 280/352/85
f 59/328/86 51/59/86 223/59/86 225/328/86
f 115/344/87 107/342/87 259/342/87 262/344/87
f 188/362/88 179/359/88 296/359/88 299/362/88
f 657/372/89 209/317/89 34/317/89 654/316/89
f 89/338/90 83/336/90 244/336/90 246/338/90
f 156/354/91 147/352/91 280/352/91 283/354/91
f 345/332/49 341/330/49 454/330/49 457/332/49
f 280/352/4 275/350/4 386/350/4 389/352/4
f 225/328/4 223/59/4 333/59/4 338/328/4
f 283/354/4 280/352/4 389/352/4 394/354/4
f 230/330/4 225/328/4 338/328/4 341/330/4
f 652/371/4 192/312/4 306/312/4 650/373/4
f 288/356/4 283/354/4 394/354/4 398/356/4
f 234/332/4 230/330/4 341/330/4 345/332/4
f 292/357/4 288/356/4 398/356/4 399/357/4
f 240/334/4 234/332/4 345/332/4 349/334/4
f 296/359/4 292/357/4 399/357/4 406/359/4
f 244/336/4 240/334/4 349/334/4 353/336/4
f 299/362/4 296/359/4 406/359/4 409/362/4
f 246/338/4 244/336/4 353/336/4 358/338/4
f 192/368/4 299/362/4 409/362/4 306/368/4
f 250/340/4 246/338/4 358/338/4 362/340/4
f 255/60/4 250/340/4 362/340/4 365/60/4
f 259/342/4 255/60/4 365/60/4 367/342/4
f 262/344/4 259/342/4 367/342/4 374/344/4
f 321/317/4 209/317/4 657/372/4 655/374/4
f 267/346/4 262/344/4 374/344/4 377/346/4
f 213/324/4 209/317/4 321/317/4 326/324/4
f 270/348/4 267/346/4 377/346/4 381/348/4
f 220/326/4 213/324/4 326/324/4 329/326/4
f 275/350/4 270/348/4 381/348/4 386/350/4
f 459/375/5 457/376/5 454/377/5 447/378/5 443/379/5 439/380/5 436/381/5 432/382/5 656/383/5 597/384/5 653/385/5 413/386/5 515/387/5 514/388/5 511/389/5 508/390/5 506/391/5 499/392/5 495/393/5 491/394/5 489/395/5 483/396/5 481/397/5 475/398/5 472/399/5 467/400/5 464/401/5
f 399/357/63 398/356/63 508/356/63 511/357/63
f 349/334/50 345/332/50 457/332/50 459/334/50
f 406/359/64 399/357/64 511/357/64 514/359/64
f 353/336/51 349/334/51 459/334/51 464/336/51
f 409/362/65 406/359/65 514/359/65 515/362/65
f 358/338/52 353/336/52 464/336/52 467/338/52
f 306/368/66 409/362/66 515/362/66 413/368/66
f 362/340/53 358/338/53 467/338/53 472/340/53
f 365/60/54 362/340/54 472/340/54 475/60/54
f 367/342/55 365/60/55 475/60/55 481/342/55
f 374/344/56 367/342/56 481/342/56 483/344/56
f 656/374/43 432/317/43 321/317/43 655/374/43
f 377/346/57 374/344/57 483/344/57 489/346/57
f 326/324/44 321/317/44 432/317/44 436/324/44
f 381/348/58 377/346/58 489/346/58 491/348/58
f 329/326/45 326/324/45 436/324/45 439/326/45
f 386/350/59 381/348/59 491/348/59 495/350/59
f 333/59/46 329/326/46 439/326/46 443/59/46
f 389/352/60 386/350/60 495/350/60 499/352/60
f 338/328/47 333/59/47 443/59/47 447/328/47
f 394/354/61 389/352/61 499/352/61 506/354/61
f 341/330/48 338/328/48 447/328/48 454/330/48
f 306/312/42 413/312/42 653/402/42 650/402/42
f 398/356/62 394/354/62 506/354/62 508/356/62
f 38/325/92 42/327/92 642/327/92 644/325/92
f 662/341/93 90/341/93 97/42/93 661/42/93
f 615/244/94 160/244/94 168/358/94 607/358/94
f 645/333/95 67/333/95 73/335/95 646/335/95
f 613/349/96 127/349/96 138/351/96 614/351/96
f 642/327/97 42/327/97 49/41/97 647/41/97
f 660/403/98 661/404/98 97/42/98 105/343/98 659/405/98
f 168/358/99 178/360/99 611/360/99 607/358/99
f 618/406/100 646/335/100 73/335/100 80/337/100 622/407/100 619/408/100
f 138/351/101 144/353/101 616/353/101 614/351/101
f 49/41/102 54/329/102 648/409/102 647/41/102
f 659/405/103 105/343/103 111/345/103 658/345/103
f 610/410/104 611/360/104 178/360/104 636/411/104 637/410/104
f 31/318/105 643/318/105 633/412/105 634/319/105
f 622/413/106 80/337/106 86/339/106 623/339/106
f 144/353/107 152/355/107 617/355/107 616/353/107
f 54/329/108 60/331/108 649/331/108 648/409/108
f 658/345/109 111/345/109 119/347/109 620/414/109 621/415/109
f 610/416/110 637/410/110 609/417/110
f 643/318/111 31/318/111 38/325/111 644/325/111
f 662/341/112 624/418/112 623/419/112 86/339/112 90/341/112
f 152/355/113 160/244/113 615/244/113 617/355/113
f 60/331/114 67/333/114 645/333/114 649/331/114
f 620/414/115 119/347/115 127/349/115 613/349/115 612/420/115
f 291/421/116 290/422/116 688/423/116 694/424/116
f 294/425/117 291/421/117 694/424/117 691/426/117
f 295/427/118 294/425/118 691/426/118 695/428/118
f 298/429/119 295/427/119 695/428/119 692/430/119
f 693/431/120 300/432/120 298/429/120 692/430/120
f 674/433/121 301/434/121 300/432/121 693/431/121
f 672/435/122 303/436/122 301/434/122 674/433/122
f 671/437/123 305/438/123 303/436/123 672/435/123
f 673/439/124 308/440/124 305/438/124 671/437/124
f 675/441/125 309/442/125 308/440/125 673/439/125
f 670/443/126 312/444/126 309/442/126 675/441/126
f 676/445/127 314/446/127 312/444/127 670/443/127
f 667/447/128 315/448/128 314/446/128 676/445/128
f 668/449/129 317/450/129 315/448/129 667/447/129
f 666/451/130 319/452/130 317/450/130 668/449/130
f 669/453/131 322/454/131 319/452/131 666/451/131
f 664/455/132 324/456/132 322/454/132 669/453/132
f 665/457/133 325/458/133 324/456/133 664/455/133
f 663/459/134 328/460/134 325/458/134 665/457/134
f 681/461/135 330/462/135 328/460/135 663/459/135
f 684/463/136 332/464/136 330/462/136 681/461/136
f 686/465/137 334/466/137 332/464/137 684/463/137
f 680/467/138 335/468/138 334/466/138 686/465/138
f 677/469/139 337/470/139 335/468/139 680/467/139
f 679/471/140 340/472/140 337/470/140 677/469/140
f 678/473/141 342/474/141 340/472/141 679/471/141
f 682/475/142 344/476/142 342/474/142 678/473/142
f 685/477/143 346/478/143 344/476/143 682/475/143 683/479/143
f 348/480/144 346/478/144 685/477/144 687/481/144
f 350/482/145 348/480/145 687/481/145 690/483/145
f 352/484/146 350/482/146 690/483/146 689/485/146
f 290/486/147 352/484/147 689/485/147 688/487/147
f 94/488/6 1/489/6 5/490/6 8/491/6 11/492/6 14/493/6 16/494/6 20/495/6 22/496/6 26/497/6 29/496/6 32/495/6 35/494/6 37/493/6 41/492/6 44/491/6 46/490/6 50/489/6 52/488/6 56/498/6 58/499/6 61/500/6 65/501/6 68/502/6 71/503/6 74/504/6 77/503/6 79/502/6 82/501/6 85/500/6 88/499/6 92/498/6
f 276/505/6 273/505/6 576/506/6 580/505/6
f 199/507/6 197/508/6 456/509/6 458/507/6
f 278/510/6 276/510/6 580/505/6 583/510/6
f 98/511/3 99/512/3 418/512/3 356/511/3
f 197/508/6 196/513/6 453/514/6 456/508/6
f 279/515/6 278/510/6 583/510/6 588/515/6
f 99/512/3 102/516/3 415/516/3 418/512/3
f 196/513/6 194/517/6 451/518/6 453/513/6
f 282/519/6 279/515/6 588/515/6 591/519/6
f 102/516/3 104/520/3 414/520/3 415/516/3
f 194/517/6 191/521/6 450/521/6 451/517/6
f 284/522/6 282/519/6 591/519/6 595/522/6
f 104/520/3 106/523/3 411/523/3 414/520/3
f 191/521/6 189/524/6 448/524/6 450/521/6
f 286/525/6 284/522/6 595/522/6 599/525/6
f 106/523/3 108/526/3 410/526/3 411/523/3
f 189/524/6 187/527/6 445/527/6 448/524/6
f 287/528/6 286/525/6 599/525/6 604/528/6
f 108/526/3 110/529/3 407/529/3 410/526/3
f 187/527/6 186/530/6 444/530/6 445/527/6
f 226/531/6 287/528/6 604/528/6 606/531/6
f 110/529/3 112/532/3 405/533/3 407/529/3
f 186/530/6 183/534/6 442/534/6 444/530/6
f 112/533/3 113/533/3 403/535/3 405/533/3
f 183/534/6 182/536/6 440/536/6 442/534/6
f 113/535/3 116/537/3 401/535/3 403/535/3
f 182/536/6 180/538/6 437/538/6 440/536/6
f 116/537/3 118/539/3 400/537/3 401/537/3
f 180/538/6 177/538/6 435/540/6 437/538/6
f 118/539/3 120/541/3 397/542/3 400/539/3
f 177/540/6 176/540/6 433/543/6 435/540/6
f 120/541/3 121/544/3 395/545/3 397/541/3
f 1/546/116 224/547/116 161/548/116 5/549/116
f 5/549/117 161/548/117 164/550/117 8/551/117
f 8/551/118 164/550/118 165/552/118 11/553/118
f 11/553/119 165/552/119 167/554/119 14/243/119
f 14/243/120 167/554/120 170/555/120 16/556/120
f 16/556/121 170/555/121 172/557/121 20/558/121
f 20/558/122 172/557/122 173/559/122 22/560/122
f 22/560/123 173/559/123 176/543/123 26/561/123
f 26/561/124 176/543/124 177/540/124 29/318/124
f 29/318/125 177/540/125 180/538/125 32/325/125
f 32/325/126 180/538/126 182/536/126 35/327/126
f 35/327/127 182/536/127 183/534/127 37/41/127
f 37/41/128 183/534/128 186/530/128 41/329/128
f 41/329/129 186/530/129 187/527/129 44/331/129
f 44/331/130 187/527/130 189/524/130 46/333/130
f 46/333/131 189/524/131 191/521/131 50/335/131
f 50/335/132 191/521/132 194/517/132 52/337/132
f 52/337/133 194/517/133 196/513/133 56/339/133
f 56/339/134 196/513/134 197/508/134 58/341/134
f 58/341/135 197/508/135 199/507/135 61/42/135
f 61/42/136 199/507/136 201/562/136 65/343/136
f 65/343/137 201/562/137 204/563/137 68/345/137
f 68/345/138 204/563/138 205/564/138 71/347/138
f 71/347/139 205/564/139 207/565/139 74/349/139
f 74/349/140 207/565/140 210/566/140 77/351/140
f 77/351/141 210/566/141 211/567/141 79/353/141
f 79/353/142 211/567/142 214/568/142 82/355/142
f 82/355/143 214/568/143 215/569/143 85/244/143
f 85/244/144 215/569/144 217/570/144 88/358/144
f 88/358/145 217/570/145 219/571/145 92/360/145
f 92/360/146 219/571/146 221/572/146 94/410/146
f 94/410/147 221/572/147 224/573/147 1/574/147
f 159/575/147 287/528/147 226/531/147 98/576/147
f 157/577/146 286/525/146 287/528/146 159/575/146
f 155/578/145 284/522/145 286/525/145 157/577/145
f 153/579/144 282/519/144 284/522/144 155/578/144
f 151/580/143 279/515/143 282/519/143 153/579/143
f 150/581/142 278/510/142 279/515/142 151/580/142
f 148/582/141 276/505/141 278/510/141 150/581/141
f 145/583/140 273/506/140 276/505/140 148/582/140
f 143/584/139 271/585/139 273/506/139 145/583/139
f 142/586/138 269/587/138 271/585/138 143/584/138
f 139/588/137 268/589/137 269/587/137 142/586/137
f 137/590/136 266/591/136 268/589/136 139/588/136
f 136/592/135 264/593/135 266/591/135 137/590/135
f 133/594/134 261/595/134 264/593/134 136/592/134
f 132/596/133 260/597/133 261/595/133 133/594/133
f 129/598/132 258/599/132 260/597/132 132/596/132
f 128/600/131 256/601/131 258/599/131 129/598/131
f 126/602/130 253/603/130 256/601/130 128/600/130
f 123/604/129 252/605/129 253/603/129 126/602/129
f 121/544/128 249/606/128 252/605/128 123/604/128
f 120/541/127 247/607/127 249/606/127 121/544/127
f 118/539/126 245/608/126 247/607/126 120/541/126
f 116/537/125 243/609/125 245/608/125 118/539/125
f 113/535/124 241/610/124 243/609/124 116/537/124
f 112/533/123 239/611/123 241/610/123 113/535/123
f 110/529/122 237/612/122 239/611/122 112/533/122
f 108/526/121 235/613/121 237/612/121 110/529/121
f 106/523/120 233/614/120 235/613/120 108/526/120
f 104/520/119 231/615/119 233/614/119 106/523/119
f 102/516/118 229/616/118 231/615/118 104/520/118
f 99/512/117 227/617/117 229/616/117 102/516/117
f 98/511/116 226/618/116 227/617/116 99/512/116
f 176/543/6 173/559/6 431/543/6 433/543/6
f 121/544/3 123/604/3 393/619/3 395/544/3
f 173/559/6 172/557/6 430/559/6 431/559/6
f 123/604/3 126/602/3 391/620/3 393/604/3
f 172/557/6 170/555/6 427/621/6 430/557/6
f 290/422/3 291/421/3 482/421/3 608/422/3
f 126/602/3 128/600/3 390/622/3 391/602/3
f 170/555/6 167/554/6 425/623/6 427/555/6
f 291/421/3 294/425/3 486/425/3 482/421/3
f 128/600/3 129/598/3 388/598/3 390/600/3
f 167/554/6 165/552/6 423/624/6 425/554/6
f 294/425/3 295/427/3 490/427/3 486/425/3
f 129/598/3 132/596/3 385/596/3 388/598/3
f 165/552/6 164/550/6 421/625/6 423/552/6
f 295/427/3 298/429/3 494/429/3 490/427/3
f 132/596/3 133/594/3 384/594/3 385/596/3
f 164/550/6 161/548/6 419/626/6 421/550/6
f 298/429/3 300/432/3 497/432/3 494/429/3
f 133/594/3 136/592/3 382/592/3 384/594/3
f 161/548/6 224/547/6 354/547/6 419/548/6
f 300/432/3 301/434/3 501/434/3 497/432/3
f 136/592/3 137/590/3 379/590/3 382/592/3
f 301/434/3 303/434/3 505/436/3 501/434/3
f 137/590/3 139/588/3 378/588/3 379/590/3
f 303/436/3 305/436/3 509/438/3 505/436/3
f 139/588/3 142/586/3 375/586/3 378/588/3
f 305/438/3 308/440/3 513/438/3 509/438/3
f 142/586/3 143/586/3 373/584/3 375/586/3
f 308/440/3 309/442/3 518/440/3 513/440/3
f 143/584/3 145/584/3 372/583/3 373/584/3
f 309/442/3 312/444/3 521/627/3 518/442/3
f 145/583/3 148/582/3 370/583/3 372/583/3
f 479/572/147 357/575/147 356/576/147 354/573/147
f 478/571/146 360/577/146 357/575/146 479/572/146
f 476/570/145 361/578/145 360/577/145 478/571/145
f 474/569/144 363/579/144 361/578/144 476/570/144
f 471/568/143 366/580/143 363/579/143 474/569/143
f 469/567/142 368/581/142 366/580/142 471/568/142
f 468/566/141 370/582/141 368/581/141 469/567/141
f 466/565/140 372/583/140 370/582/140 468/566/140
f 463/564/139 373/584/139 372/583/139 466/565/139
f 462/563/138 375/586/138 373/584/138 463/564/138
f 460/562/137 378/588/137 375/586/137 462/563/137
f 458/507/136 379/590/136 378/588/136 460/562/136
f 456/508/135 382/592/135 379/590/135 458/507/135
f 453/513/134 384/594/134 382/592/134 456/508/134
f 451/517/133 385/596/133 384/594/133 453/513/133
f 450/521/132 388/598/132 385/596/132 451/517/132
f 448/524/131 390/600/131 388/598/131 450/521/131
f 445/527/130 391/602/130 390/600/130 448/524/130
f 444/530/129 393/604/129 391/602/129 445/527/129
f 442/534/128 395/544/128 393/604/128 444/530/128
f 440/536/127 397/541/127 395/544/127 442/534/127
f 437/538/126 400/539/126 397/541/126 440/536/126
f 435/540/125 401/537/125 400/539/125 437/538/125
f 433/543/124 403/535/124 401/537/124 435/540/124
f 431/559/123 405/533/123 403/535/123 433/543/123
f 430/557/122 407/529/122 405/533/122 431/559/122
f 427/555/121 410/526/121 407/529/121 430/557/121
f 425/554/120 411/523/120 410/526/120 427/555/120
f 423/552/119 414/520/119 411/523/119 425/554/119
f 421/550/118 415/516/118 414/520/118 423/552/118
f 419/548/117 418/512/117 415/516/117 421/550/117
f 354/547/116 356/511/116 418/512/116 419/548/116
f 604/528/147 602/484/147 608/486/147 606/531/147
f 599/525/146 598/482/146 602/484/146 604/528/146
f 595/522/145 594/480/145 598/482/145 599/525/145
f 591/519/144 589/478/144 594/480/144 595/522/144
f 588/515/143 586/476/143 589/478/143 591/519/143
f 583/510/142 581/474/142 586/476/142 588/515/142
f 580/505/141 578/472/141 581/474/141 583/510/141
f 576/506/140 574/470/140 578/472/140 580/505/140
f 571/585/139 570/468/139 574/470/139 576/506/139
f 568/587/138 566/466/138 570/468/138 571/585/138
f 563/589/137 561/464/137 566/466/137 568/587/137
f 560/591/136 558/462/136 561/464/136 563/589/136
f 555/593/135 553/460/135 558/462/135 560/591/135
f 551/595/134 549/458/134 553/460/134 555/593/134
f 548/597/133 545/456/133 549/458/133 551/595/133
f 544/599/132 542/454/132 545/456/132 548/597/132
f 540/601/131 537/452/131 542/454/131 544/599/131
f 536/603/130 534/450/130 537/452/130 540/601/130
f 532/605/129 529/448/129 534/450/129 536/603/129
f 527/606/128 526/446/128 529/448/128 532/605/128
f 524/607/127 521/444/127 526/446/127 527/606/127
f 520/608/126 518/442/126 521/444/126 524/607/126
f 516/609/125 513/440/125 518/442/125 520/608/125
f 512/610/124 509/438/124 513/440/124 516/609/124
f 507/611/123 505/436/123 509/438/123 512/610/123
f 504/612/122 501/434/122 505/436/122 507/611/122
f 500/613/121 497/432/121 501/434/121 504/612/121
f 496/614/120 494/429/120 497/432/120 500/613/120
f 492/615/119 490/427/119 494/429/119 496/614/119
f 488/616/118 486/425/118 490/427/118 492/615/118
f 484/617/117 482/421/117 486/425/117 488/616/117
f 606/618/116 608/422/116 482/421/116 484/617/116
f 201/562/6 199/507/6 458/628/6 460/562/6
f 273/506/6 271/585/6 571/506/6 576/506/6
f 204/563/6 201/562/6 460/629/6 462/563/6
f 271/585/6 269/587/6 568/585/6 571/585/6
f 205/564/6 204/563/6 462/564/6 463/564/6
f 269/587/6 268/589/6 563/630/6 568/587/6
f 207/565/6 205/564/6 463/565/6 466/565/6
f 268/589/6 266/591/6 560/631/6 563/589/6
f 210/566/6 207/566/6 466/565/6 468/566/6
f 266/591/6 264/593/6 555/632/6 560/591/6
f 211/567/6 210/567/6 468/566/6 469/567/6
f 352/484/3 290/486/3 608/486/3 602/484/3
f 264/593/6 261/595/6 551/633/6 555/593/6
f 214/568/6 211/567/6 469/567/6 471/568/6
f 350/482/3 352/484/3 602/634/3 598/482/3
f 261/595/6 260/597/6 548/635/6 551/595/6
f 215/569/6 214/568/6 471/568/6 474/569/6
f 348/480/3 350/482/3 598/636/3 594/480/3
f 260/597/6 258/599/6 544/599/6 548/597/6
f 217/570/6 215/569/6 474/569/6 476/570/6
f 346/478/3 348/480/3 594/637/3 589/478/3
f 258/599/6 256/601/6 540/601/6 544/599/6
f 219/571/6 217/570/6 476/570/6 478/571/6
f 344/476/3 346/478/3 589/638/3 586/476/3
f 256/601/6 253/603/6 536/603/6 540/601/6
f 221/572/6 219/571/6 478/571/6 479/572/6
f 342/474/3 344/476/3 586/639/3 581/474/3
f 253/603/6 252/605/6 532/605/6 536/603/6
f 224/573/6 221/572/6 479/572/6 354/573/6
f 340/472/3 342/474/3 581/472/3 578/472/3
f 252/605/6 249/606/6 527/606/6 532/605/6
f 337/470/3 340/472/3 578/470/3 574/470/3
f 249/606/6 247/607/6 524/607/6 527/606/6
f 335/468/3 337/468/3 574/470/3 570/468/3
f 247/607/6 245/608/6 520/608/6 524/607/6
f 334/466/3 335/466/3 570/468/3 566/466/3
f 245/608/6 243/608/6 516/609/6 520/608/6
f 332/464/3 334/466/3 566/466/3 561/464/3
f 243/609/6 241/609/6 512/610/6 516/609/6
f 330/462/3 332/464/3 561/464/3 558/462/3
f 241/610/6 239/611/6 507/610/6 512/610/6
f 328/460/3 330/462/3 558/462/3 553/460/3
f 239/611/6 237/612/6 504/611/6 507/611/6
f 325/458/3 328/460/3 553/460/3 549/458/3
f 237/612/6 235/613/6 500/640/6 504/612/6
f 159/575/3 98/576/3 356/576/3 357/575/3
f 324/456/3 325/458/3 549/458/3 545/456/3
f 235/613/6 233/614/6 496/641/6 500/613/6
f 157/577/3 159/575/3 357/642/3 360/577/3
f 322/454/3 324/456/3 545/456/3 542/454/3
f 233/614/6 231/615/6 492/643/6 496/614/6
f 155/578/3 157/577/3 360/644/3 361/578/3
f 319/452/3 322/454/3 542/454/3 537/452/3
f 231/615/6 229/616/6 488/645/6 492/615/6
f 153/579/3 155/578/3 361/646/3 363/579/3
f 317/450/3 319/452/3 537/647/3 534/450/3
f 229/616/6 227/617/6 484/648/6 488/616/6
f 151/580/3 153/579/3 363/649/3 366/580/3
f 315/448/3 317/450/3 534/650/3 529/448/3
f 227/617/6 226/618/6 606/618/6 484/617/6
f 150/581/3 151/580/3 366/651/3 368/581/3
f 314/446/3 315/448/3 529/652/3 526/446/3
f 148/582/3 150/581/3 368/582/3 370/582/3
f 312/444/3 314/446/3 526/653/3 521/444/3
o Куб.001
v 4.301567 3.034271 1.731963
v 4.470517 1.517967 1.571368
v 3.959454 1.177737 1.844927
v 4.301567 3.071314 1.731963
v 4.284424 1.398882 1.807656
v 4.301567 3.034271 0.918486
v 4.301567 3.071314 0.918486
v 3.959454 1.177737 0.822924
v 4.652860 3.034271 1.731963
v 4.485078 1.517967 1.572802
v 4.652860 3.071314 1.731963
v 4.284424 1.398882 0.860195
v 4.652860 3.034271 0.918486
v 4.652860 3.071314 0.918486
v 4.301567 3.034271 1.585186
v 4.499079 1.517967 1.577049
v 5.021432 1.177737 1.844927
v 4.301567 3.071314 1.585186
v 4.915626 1.398882 1.807656
v 4.652860 3.034271 1.585186
v 4.652860 3.071314 1.585186
v 5.021432 1.177737 0.822924
v 4.301567 3.071314 1.059276
v 4.652860 3.034271 1.059276
v 4.511983 1.517967 1.583946
v 4.915626 1.398882 0.860195
v 4.301567 3.034271 1.059276
v 4.652860 3.071314 1.059276
v 4.652860 3.120991 1.059276
v 3.959454 1.398882 1.844927
v 4.652860 3.120991 1.585186
v 4.523293 1.517967 1.593229
v 4.301567 3.120991 1.585186
v 3.959454 1.398882 0.822924
v 4.301567 3.120991 1.059276
v 5.021432 1.398882 0.822924
v 4.639300 3.120991 1.079576
v 4.639300 3.120991 1.564887
v 4.532575 1.517967 1.604539
v 4.315126 3.120991 1.564887
v 5.021432 1.398882 1.844927
v 4.315126 3.120991 1.079576
v 4.597783 3.546417 1.175717
v 4.284424 1.475590 1.807656
v 4.539472 1.517967 1.617442
v 4.597783 3.546417 1.468745
v 4.356644 3.546417 1.468745
v 4.356644 3.546417 1.175717
v 4.284424 1.475590 0.860195
v 4.639300 3.546417 1.079576
v 4.915626 1.475590 1.807656
v 4.543720 1.517967 1.631444
v 4.639300 3.546417 1.564887
v 4.915626 1.475590 0.860195
v 4.315126 3.546417 1.564887
v 4.315126 3.546417 1.079576
v 4.597783 3.569064 1.175717
v 4.545154 1.517967 1.646005
v 4.597783 3.569064 1.468745
v 4.356644 3.569064 1.468745
v 4.543720 1.517967 1.660566
v 4.356644 3.569064 1.175717
v 4.539472 1.517967 1.674567
v 4.532575 1.517967 1.687471
v 4.523293 1.517967 1.698781
v 4.511983 1.517967 1.708063
v 4.499079 1.517967 1.714960
v 4.485078 1.517967 1.719208
v 4.470517 1.517967 1.720642
v 4.455956 1.517967 1.719208
v 4.441955 1.517967 1.714960
v 4.429051 1.517967 1.708063
v 4.417740 1.517967 1.698781
v 4.408458 1.517967 1.687471
v 4.401561 1.517967 1.674567
v 4.397314 1.517967 1.660566
v 4.395880 1.517967 1.646005
v 4.397314 1.517967 1.631444
v 4.401561 1.517967 1.617442
v 4.408458 1.517967 1.604539
v 4.417740 1.517967 1.593229
v 4.429051 1.517967 1.583946
v 4.441955 1.517967 1.577049
v 4.455956 1.517967 1.572802
v 4.470517 1.517967 1.536408
v 4.491898 1.517967 1.538514
v 4.512458 1.517967 1.544751
v 4.531405 1.517967 1.554878
v 4.548013 1.517967 1.568508
v 4.561643 1.517967 1.585116
v 4.571771 1.517967 1.604064
v 4.578008 1.517967 1.624624
v 4.580113 1.517967 1.646005
v 4.578008 1.517967 1.667386
v 4.571771 1.517967 1.687946
v 4.561643 1.517967 1.706894
v 4.548013 1.517967 1.723501
v 4.531405 1.517967 1.737131
v 4.512458 1.517967 1.747259
v 4.491898 1.517967 1.753496
v 4.470517 1.517967 1.755602
v 4.449136 1.517967 1.753496
v 4.428576 1.517967 1.747259
v 4.409628 1.517967 1.737131
v 4.393020 1.517967 1.723501
v 4.379390 1.517967 1.706894
v 4.369263 1.517967 1.687946
v 4.363026 1.517967 1.667386
v 4.360920 1.517967 1.646005
v 4.363026 1.517967 1.624624
v 4.369263 1.517967 1.604064
v 4.379390 1.517967 1.585116
v 4.393020 1.517967 1.568508
v 4.409628 1.517967 1.554878
v 4.428576 1.517967 1.544751
v 4.449136 1.517967 1.538514
v 4.470517 1.489696 1.536408
v 4.491898 1.489696 1.538514
v 4.512458 1.489696 1.544751
v 4.531405 1.489696 1.554878
v 4.548013 1.489696 1.568508
v 4.561643 1.489696 1.585116
v 4.571771 1.489696 1.604064
v 4.578008 1.489696 1.624624
v 4.580113 1.489696 1.646005
v 4.578008 1.489696 1.667386
v 4.571771 1.489696 1.687946
v 4.561643 1.489696 1.706894
v 4.548013 1.489696 1.723501
v 4.531405 1.489696 1.737131
v 4.512458 1.489696 1.747259
v 4.491898 1.489696 1.753496
v 4.470517 1.489696 1.755602
v 4.449136 1.489696 1.753496
v 4.428576 1.489696 1.747259
v 4.409628 1.489696 1.737131
v 4.393020 1.489696 1.723501
v 4.379390 1.489696 1.706894
v 4.369263 1.489696 1.687946
v 4.363026 1.489696 1.667386
v 4.360920 1.489696 1.646005
v 4.363026 1.489696 1.624624
v 4.369263 1.489696 1.604064
v 4.379390 1.489696 1.585116
v 4.393020 1.489696 1.568508
v 4.409628 1.489696 1.554878
v 4.428576 1.489696 1.544751
v 4.449136 1.489696 1.538514
v 4.470517 1.489696 1.506447
v 4.497743 1.489696 1.509129
v 4.523923 1.489696 1.517070
v 4.548051 1.489696 1.529967
v 4.569199 1.489696 1.547323
v 4.586555 1.489696 1.568471
v 4.599452 1.489696 1.592598
v 4.607393 1.489696 1.618778
v 4.610075 1.489696 1.646005
v 4.607393 1.489696 1.673231
v 4.599452 1.489696 1.699411
v 4.586555 1.489696 1.723539
v 4.569199 1.489696 1.744687
v 4.548051 1.489696 1.762043
v 4.523923 1.489696 1.774940
v 4.497743 1.489696 1.782881
v 4.470517 1.489696 1.785563
v 4.443290 1.489696 1.782881
v 4.417110 1.489696 1.774940
v 4.392982 1.489696 1.762043
v 4.371834 1.489696 1.744687
v 4.354479 1.489696 1.723539
v 4.341582 1.489696 1.699411
v 4.333641 1.489696 1.673231
v 4.330959 1.489696 1.646005
v 4.333641 1.489696 1.618778
v 4.341582 1.489696 1.592598
v 4.354479 1.489696 1.568471
v 4.371834 1.489696 1.547323
v 4.392982 1.489696 1.529967
v 4.417110 1.489696 1.517070
v 4.443290 1.489696 1.509129
v 4.470517 1.517967 0.927415
v 4.485078 1.517967 0.928850
v 4.499079 1.517967 0.933097
v 4.511983 1.517967 0.939994
v 4.523293 1.517967 0.949276
v 4.532575 1.517967 0.960586
v 4.539472 1.517967 0.973490
v 4.543720 1.517967 0.987492
v 4.545154 1.517967 1.002053
v 4.543720 1.517967 1.016613
v 4.539472 1.517967 1.030615
v 4.532575 1.517967 1.043519
v 4.523293 1.517967 1.054829
v 4.511983 1.517967 1.064111
v 4.499079 1.517967 1.071008
v 4.485078 1.517967 1.075255
v 4.470517 1.517967 1.076689
v 4.455956 1.517967 1.075255
v 4.441955 1.517967 1.071008
v 4.429051 1.517967 1.064111
v 4.417740 1.517967 1.054829
v 4.408458 1.517967 1.043519
v 4.401561 1.517967 1.030615
v 4.397314 1.517967 1.016613
v 4.395880 1.517967 1.002053
v 4.397314 1.517967 0.987492
v 4.401561 1.517967 0.973490
v 4.408458 1.517967 0.960586
v 4.417740 1.517967 0.949276
v 4.429051 1.517967 0.939994
v 4.441955 1.517967 0.933097
v 4.455956 1.517967 0.928850
v 4.470517 1.517967 0.892456
v 4.491898 1.517967 0.894562
v 4.512458 1.517967 0.900798
v 4.531405 1.517967 0.910926
v 4.548013 1.517967 0.924556
v 4.561643 1.517967 0.941164
v 4.571771 1.517967 0.960112
v 4.578008 1.517967 0.980671
v 4.580113 1.517967 1.002053
v 4.578008 1.517967 1.023434
v 4.571771 1.517967 1.043993
v 4.561643 1.517967 1.062941
v 4.548013 1.517967 1.079549
v 4.531405 1.517967 1.093179
v 4.512458 1.517967 1.103307
v 4.491898 1.517967 1.109543
v 4.470517 1.517967 1.111649
v 4.449136 1.517967 1.109543
v 4.428576 1.517967 1.103307
v 4.409628 1.517967 1.093179
v 4.393020 1.517967 1.079549
v 4.379390 1.517967 1.062941
v 4.369263 1.517967 1.043993
v 4.363026 1.517967 1.023434
v 4.360920 1.517967 1.002053
v 4.363026 1.517967 0.980671
v 4.369263 1.517967 0.960112
v 4.379390 1.517967 0.941164
v 4.393020 1.517967 0.924556
v 4.409628 1.517967 0.910926
v 4.428576 1.517967 0.900798
v 4.449136 1.517967 0.894562
v 4.470517 1.489696 0.892456
v 4.491898 1.489696 0.894562
v 4.512458 1.489696 0.900798
v 4.531405 1.489696 0.910926
v 4.548013 1.489696 0.924556
v 4.561643 1.489696 0.941164
v 4.571771 1.489696 0.960112
v 4.578008 1.489696 0.980671
v 4.580113 1.489696 1.002053
v 4.578008 1.489696 1.023434
v 4.571771 1.489696 1.043993
v 4.561643 1.489696 1.062941
v 4.548013 1.489696 1.079549
v 4.531405 1.489696 1.093179
v 4.512458 1.489696 1.103307
v 4.491898 1.489696 1.109543
v 4.470517 1.489696 1.111649
v 4.449136 1.489696 1.109543
v 4.428576 1.489696 1.103307
v 4.409628 1.489696 1.093179
v 4.393020 1.489696 1.079549
v 4.379390 1.489696 1.062941
v 4.369263 1.489696 1.043993
v 4.363026 1.489696 1.023434
v 4.360920 1.489696 1.002053
v 4.363026 1.489696 0.980671
v 4.369263 1.489696 0.960112
v 4.379390 1.489696 0.941164
v 4.393020 1.489696 0.924556
v 4.409628 1.489696 0.910926
v 4.428576 1.489696 0.900798
v 4.449136 1.489696 0.894562
v 4.470517 1.489696 0.862495
v 4.497743 1.489696 0.865176
v 4.523923 1.489696 0.873118
v 4.548051 1.489696 0.886014
v 4.569199 1.489696 0.903370
v 4.586555 1.489696 0.924518
v 4.599452 1.489696 0.948646
v 4.607393 1.489696 0.974826
v 4.610075 1.489696 1.002053
v 4.607393 1.489696 1.029279
v 4.599452 1.489696 1.055459
v 4.586555 1.489696 1.079587
v 4.569199 1.489696 1.100735
v 4.548051 1.489696 1.118091
v 4.523923 1.489696 1.130987
v 4.497743 1.489696 1.138929
v 4.470517 1.489696 1.141610
v 4.443290 1.489696 1.138929
v 4.417110 1.489696 1.130987
v 4.392982 1.489696 1.118091
v 4.371834 1.489696 1.100735
v 4.354479 1.489696 1.079587
v 4.341582 1.489696 1.055459
v 4.333641 1.489696 1.029279
v 4.330959 1.489696 1.002053
v 4.333641 1.489696 0.974826
v 4.341582 1.489696 0.948646
v 4.354479 1.489696 0.924518
v 4.371834 1.489696 0.903370
v 4.392982 1.489696 0.886014
v 4.417110 1.489696 0.873118
v 4.443290 1.489696 0.865176
v 4.470517 1.502111 1.260134
v 4.483215 1.502111 1.261384
v 4.495426 1.502111 1.265089
v 4.506679 1.502111 1.271104
v 4.516542 1.502111 1.279198
v 4.524638 1.502111 1.289062
v 4.530653 1.502111 1.300315
v 4.534357 1.502111 1.312526
v 4.535607 1.502111 1.325224
v 4.534357 1.502111 1.337923
v 4.530653 1.502111 1.350133
v 4.524638 1.502111 1.361387
v 4.516542 1.502111 1.371250
v 4.506679 1.502111 1.379345
v 4.495426 1.502111 1.385360
v 4.483215 1.502111 1.389064
v 4.470517 1.502111 1.390315
v 4.457818 1.502111 1.389064
v 4.445608 1.502111 1.385360
v 4.434354 1.502111 1.379345
v 4.424491 1.502111 1.371250
v 4.416396 1.502111 1.361387
v 4.410381 1.502111 1.350133
v 4.406677 1.502111 1.337923
v 4.405427 1.502111 1.325224
v 4.406677 1.502111 1.312526
v 4.410381 1.502111 1.300315
v 4.416396 1.502111 1.289062
v 4.424491 1.502111 1.279198
v 4.434354 1.502111 1.271104
v 4.445608 1.502111 1.265089
v 4.457818 1.502111 1.261384
v 4.470517 1.502111 1.249006
v 4.485386 1.502111 1.250470
v 4.499684 1.502111 1.254807
v 4.512862 1.502111 1.261851
v 4.524412 1.502111 1.271330
v 4.533890 1.502111 1.282880
v 4.540934 1.502111 1.296057
v 4.545271 1.502111 1.310355
v 4.546735 1.502111 1.325224
v 4.545271 1.502111 1.340094
v 4.540934 1.502111 1.354392
v 4.533890 1.502111 1.367569
v 4.524412 1.502111 1.379119
v 4.512862 1.502111 1.388598
v 4.499684 1.502111 1.395641
v 4.485386 1.502111 1.399978
v 4.470517 1.502111 1.401443
v 4.455647 1.502111 1.399978
v 4.441349 1.502111 1.395641
v 4.428172 1.502111 1.388598
v 4.416622 1.502111 1.379119
v 4.407144 1.502111 1.367569
v 4.400100 1.502111 1.354392
v 4.395763 1.502111 1.340094
v 4.394298 1.502111 1.325224
v 4.395763 1.502111 1.310355
v 4.400100 1.502111 1.296057
v 4.407144 1.502111 1.282880
v 4.416622 1.502111 1.271330
v 4.428172 1.502111 1.261851
v 4.441349 1.502111 1.254807
v 4.455647 1.502111 1.250470
v 4.524638 2.663627 1.361387
v 4.524638 2.635972 1.361387
v 4.524638 2.608316 1.361387
v 4.524638 2.580661 1.361387
v 4.524638 2.553006 1.361387
v 4.524638 2.525351 1.361387
v 4.524638 2.497696 1.361387
v 4.524638 2.470041 1.361387
v 4.524638 2.442386 1.361387
v 4.524638 2.414731 1.361387
v 4.524638 2.387075 1.361387
v 4.524638 2.359420 1.361387
v 4.524638 2.331765 1.361387
v 4.524638 2.304110 1.361387
v 4.524638 2.276455 1.361387
v 4.524638 2.248800 1.361387
v 4.524638 2.221145 1.361387
v 4.524638 2.193489 1.361387
v 4.524638 2.165834 1.361387
v 4.524638 2.138179 1.361387
v 4.524638 2.110524 1.361387
v 4.524638 2.082869 1.361387
v 4.524638 2.055214 1.361387
v 4.524638 2.027559 1.361387
v 4.524638 1.999903 1.361387
v 4.524638 1.972248 1.361387
v 4.524638 1.944593 1.361387
v 4.524638 1.916938 1.361387
v 4.524638 1.889283 1.361387
v 4.524638 1.861628 1.361387
v 4.524638 1.833972 1.361387
v 4.524638 1.806317 1.361387
v 4.524638 1.778662 1.361387
v 4.524638 1.751007 1.361387
v 4.524638 1.723352 1.361387
v 4.524638 1.695697 1.361387
v 4.524638 1.668042 1.361387
v 4.524638 1.640386 1.361387
v 4.524638 1.612731 1.361387
v 4.524638 1.585076 1.361387
v 4.524638 1.557421 1.361387
v 4.524638 1.529766 1.361387
v 4.516542 1.529766 1.371250
v 4.516542 1.557421 1.371250
v 4.516542 1.585076 1.371250
v 4.516542 1.612731 1.371250
v 4.516542 1.640387 1.371250
v 4.516542 1.668042 1.371250
v 4.516542 1.695697 1.371250
v 4.516542 1.723352 1.371250
v 4.516542 1.751007 1.371250
v 4.516542 1.778662 1.371250
v 4.516542 1.806318 1.371250
v 4.516542 1.833973 1.371250
v 4.516542 1.861628 1.371250
v 4.516542 1.889283 1.371250
v 4.516542 1.916938 1.371250
v 4.516542 1.944593 1.371250
v 4.516542 1.972249 1.371250
v 4.516542 1.999904 1.371250
v 4.516542 2.027559 1.371250
v 4.516542 2.055214 1.371250
v 4.516542 2.082869 1.371250
v 4.516542 2.110524 1.371250
v 4.516542 2.138179 1.371250
v 4.516542 2.165834 1.371250
v 4.516542 2.193490 1.371250
v 4.516542 2.221145 1.371250
v 4.516542 2.248800 1.371250
v 4.516542 2.276455 1.371250
v 4.516542 2.304110 1.371250
v 4.516542 2.331765 1.371250
v 4.516542 2.359420 1.371250
v 4.516542 2.387075 1.371250
v 4.516542 2.414731 1.371250
v 4.516542 2.442386 1.371250
v 4.516542 2.470041 1.371250
v 4.516542 2.497696 1.371250
v 4.516542 2.525351 1.371250
v 4.516542 2.553006 1.371250
v 4.516542 2.580661 1.371250
v 4.516542 2.608316 1.371250
v 4.516542 2.635972 1.371250
v 4.516542 2.663627 1.371250
v 4.406677 2.663627 1.312526
v 4.406677 2.635972 1.312526
v 4.406677 2.608316 1.312526
v 4.406677 2.580661 1.312526
v 4.406677 2.553006 1.312526
v 4.406677 2.525351 1.312526
v 4.406677 2.497696 1.312526
v 4.406677 2.470041 1.312526
v 4.406677 2.442386 1.312526
v 4.406677 2.414731 1.312526
v 4.406677 2.387075 1.312526
v 4.406677 2.359420 1.312526
v 4.406677 2.331765 1.312526
v 4.406677 2.304110 1.312526
v 4.406677 2.276455 1.312526
v 4.406677 2.248800 1.312526
v 4.406677 2.221145 1.312526
v 4.406677 2.193489 1.312526
v 4.406677 2.165834 1.312526
v 4.406677 2.138179 1.312526
v 4.406677 2.110524 1.312526
v 4.406677 2.082869 1.312526
v 4.406677 2.055214 1.312526
v 4.406677 2.027559 1.312526
v 4.406677 1.999903 1.312526
v 4.406677 1.972248 1.312526
v 4.406677 1.944593 1.312526
v 4.406677 1.916938 1.312526
v 4.406677 1.889283 1.312526
v 4.406677 1.861628 1.312526
v 4.406677 1.833972 1.312526
v 4.406677 1.806317 1.312526
v 4.406677 1.778662 1.312526
v 4.406677 1.751007 1.312526
v 4.406677 1.723352 1.312526
v 4.406677 1.695697 1.312526
v 4.406677 1.668042 1.312526
v 4.406677 1.640386 1.312526
v 4.406677 1.612731 1.312526
v 4.406677 1.585076 1.312526
v 4.406677 1.557421 1.312526
v 4.406677 1.529766 1.312526
v 4.410381 1.529766 1.300315
v 4.410381 1.557421 1.300315
v 4.410381 1.585076 1.300315
v 4.410381 1.612731 1.300315
v 4.410381 1.640387 1.300315
v 4.410381 1.668042 1.300315
v 4.410381 1.695697 1.300315
v 4.410381 1.723352 1.300315
v 4.410381 1.751007 1.300315
v 4.410381 1.778662 1.300315
v 4.410381 1.806318 1.300315
v 4.410381 1.833973 1.300315
v 4.410381 1.861628 1.300315
v 4.410381 1.889283 1.300315
v 4.410381 1.916938 1.300315
v 4.410381 1.944593 1.300315
v 4.410381 1.972249 1.300315
v 4.410381 1.999904 1.300315
v 4.410381 2.027559 1.300315
v 4.410381 2.055214 1.300315
v 4.410381 2.082869 1.300315
v 4.410381 2.110524 1.300315
v 4.410381 2.138179 1.300315
v 4.410381 2.165834 1.300315
v 4.410381 2.193490 1.300315
v 4.410381 2.221145 1.300315
v 4.410381 2.248800 1.300315
v 4.410381 2.276455 1.300315
v 4.410381 2.304110 1.300315
v 4.410381 2.331765 1.300315
v 4.410381 2.359420 1.300315
v 4.410381 2.387075 1.300315
v 4.410381 2.414731 1.300315
v 4.410381 2.442386 1.300315
v 4.410381 2.470041 1.300315
v 4.410381 2.497696 1.300315
v 4.410381 2.525351 1.300315
v 4.410381 2.553006 1.300315
v 4.410381 2.580661 1.300315
v 4.410381 2.608316 1.300315
v 4.410381 2.635972 1.300315
v 4.410381 2.663627 1.300315
v 4.506679 1.529766 1.379345
v 4.506679 1.557421 1.379345
v 4.506679 1.585076 1.379345
v 4.506679 1.612731 1.379345
v 4.506679 1.640387 1.379345
v 4.506679 1.668042 1.379345
v 4.506679 1.695697 1.379345
v 4.506679 1.723352 1.379345
v 4.506679 1.751007 1.379345
v 4.506679 1.778662 1.379345
v 4.506679 1.806318 1.379345
v 4.506679 1.833973 1.379345
v 4.506679 1.861628 1.379345
v 4.506679 1.889283 1.379345
v 4.506679 1.916938 1.379345
v 4.506679 1.944593 1.379345
v 4.506679 1.972249 1.379345
v 4.506679 1.999904 1.379345
v 4.506679 2.027559 1.379345
v 4.506679 2.055214 1.379345
v 4.506679 2.082869 1.379345
v 4.506679 2.110524 1.379345
v 4.506679 2.138179 1.379345
v 4.506679 2.165834 1.379345
v 4.506679 2.193490 1.379345
v 4.506679 2.221145 1.379345
v 4.506679 2.248800 1.379345
v 4.506679 2.276455 1.379345
v 4.506679 2.304110 1.379345
v 4.506679 2.331765 1.379345
v 4.506679 2.359420 1.379345
v 4.506679 2.387075 1.379345
v 4.506679 2.414731 1.379345
v 4.506679 2.442386 1.379345
v 4.506679 2.470041 1.379345
v 4.506679 2.497696 1.379345
v 4.506679 2.525351 1.379345
v 4.506679 2.553006 1.379345
v 4.506679 2.580661 1.379345
v 4.506679 2.608316 1.379345
v 4.506679 2.635972 1.379345
v 4.506679 2.663627 1.379345
v 4.416396 1.529766 1.289062
v 4.416396 1.557421 1.289062
v 4.416396 1.585076 1.289062
v 4.416396 1.612731 1.289062
v 4.416396 1.640387 1.289062
v 4.416396 1.668042 1.289062
v 4.416396 1.695697 1.289062
v 4.416396 1.723352 1.289062
v 4.416396 1.751007 1.289062
v 4.416396 1.778662 1.289062
v 4.416396 1.806318 1.289062
v 4.416396 1.833973 1.289062
v 4.416396 1.861628 1.289062
v 4.416396 1.889283 1.289062
v 4.416396 1.916938 1.289062
v 4.416396 1.944593 1.289062
v 4.416396 1.972249 1.289062
v 4.416396 1.999904 1.289062
v 4.416396 2.027559 1.289062
v 4.416396 2.055214 1.289062
v 4.416396 2.082869 1.289062
v 4.416396 2.110524 1.289062
v 4.416396 2.138179 1.289062
v 4.416396 2.165834 1.289062
v 4.416396 2.193490 1.289062
v 4.416396 2.221145 1.289062
v 4.416396 2.248800 1.289062
v 4.416396 2.276455 1.289062
v 4.416396 2.304110 1.289062
v 4.416396 2.331765 1.289062
v 4.416396 2.359420 1.289062
v 4.416396 2.387075 1.289062
v 4.416396 2.414731 1.289062
v 4.416396 2.442386 1.289062
v 4.416396 2.470041 1.289062
v 4.416396 2.497696 1.289062
v 4.416396 2.525351 1.289062
v 4.416396 2.553006 1.289062
v 4.416396 2.580661 1.289062
v 4.416396 2.608316 1.289062
v 4.416396 2.635972 1.289062
v 4.416396 2.663627 1.289062
v 4.495426 1.529766 1.385360
v 4.495426 1.557421 1.385360
v 4.495426 1.585076 1.385360
v 4.495426 1.612731 1.385360
v 4.495426 1.640387 1.385360
v 4.495426 1.668042 1.385360
v 4.495426 1.695697 1.385360
v 4.495426 1.723352 1.385360
v 4.495426 1.751007 1.385360
v 4.495426 1.778662 1.385360
v 4.495426 1.806318 1.385360
v 4.495426 1.833973 1.385360
v 4.495426 1.861628 1.385360
v 4.495426 1.889283 1.385360
v 4.495426 1.916938 1.385360
v 4.495426 1.944593 1.385360
v 4.495426 1.972249 1.385360
v 4.495426 1.999904 1.385360
v 4.495426 2.027559 1.385360
v 4.495426 2.055214 1.385360
v 4.495426 2.082869 1.385360
v 4.495426 2.110524 1.385360
v 4.495426 2.138179 1.385360
v 4.495426 2.165834 1.385360
v 4.495426 2.193490 1.385360
v 4.495426 2.221145 1.385360
v 4.495426 2.248800 1.385360
v 4.495426 2.276455 1.385360
v 4.495426 2.304110 1.385360
v 4.495426 2.331765 1.385360
v 4.495426 2.359420 1.385360
v 4.495426 2.387075 1.385360
v 4.495426 2.414731 1.385360
v 4.495426 2.442386 1.385360
v 4.495426 2.470041 1.385360
v 4.495426 2.497696 1.385360
v 4.495426 2.525351 1.385360
v 4.495426 2.553006 1.385360
v 4.495426 2.580661 1.385360
v 4.495426 2.608316 1.385360
v 4.495426 2.635972 1.385360
v 4.495426 2.663627 1.385360
v 4.470517 2.663627 1.260134
v 4.470517 2.635972 1.260134
v 4.470517 2.608316 1.260134
v 4.470517 2.580661 1.260134
v 4.470517 2.553006 1.260134
v 4.470517 2.525351 1.260134
v 4.470517 2.497696 1.260134
v 4.470517 2.470041 1.260134
v 4.470517 2.442386 1.260134
v 4.470517 2.414731 1.260134
v 4.470517 2.387075 1.260134
v 4.470517 2.359420 1.260134
v 4.470517 2.331765 1.260134
v 4.470517 2.304110 1.260134
v 4.470517 2.276455 1.260134
v 4.470517 2.248800 1.260134
v 4.470517 2.221145 1.260134
v 4.470517 2.193489 1.260134
v 4.470517 2.165834 1.260134
v 4.470517 2.138179 1.260134
v 4.470517 2.110524 1.260134
v 4.470517 2.082869 1.260134
v 4.470517 2.055214 1.260134
v 4.470517 2.027559 1.260134
v 4.470517 1.999903 1.260134
v 4.470517 1.972248 1.260134
v 4.470517 1.944593 1.260134
v 4.470517 1.916938 1.260134
v 4.470517 1.889283 1.260134
v 4.470517 1.861628 1.260134
v 4.470517 1.833972 1.260134
v 4.470517 1.806317 1.260134
v 4.470517 1.778662 1.260134
v 4.470517 1.751007 1.260134
v 4.470517 1.723352 1.260134
v 4.470517 1.695697 1.260134
v 4.470517 1.668042 1.260134
v 4.470517 1.640386 1.260134
v 4.470517 1.612731 1.260134
v 4.470517 1.585076 1.260134
v 4.470517 1.557421 1.260134
v 4.470517 1.529766 1.260134
v 4.483215 1.529766 1.261384
v 4.483215 1.557421 1.261384
v 4.483215 1.585076 1.261384
v 4.483215 1.612731 1.261384
v 4.483215 1.640387 1.261384
v 4.483215 1.668042 1.261384
v 4.483215 1.695697 1.261384
v 4.483215 1.723352 1.261384
v 4.483215 1.751007 1.261384
v 4.483215 1.778662 1.261384
v 4.483215 1.806318 1.261384
v 4.483215 1.833973 1.261384
v 4.483215 1.861628 1.261384
v 4.483215 1.889283 1.261384
v 4.483215 1.916938 1.261384
v 4.483215 1.944593 1.261384
v 4.483215 1.972249 1.261384
v 4.483215 1.999904 1.261384
v 4.483215 2.027559 1.261384
v 4.483215 2.055214 1.261384
v 4.483215 2.082869 1.261384
v 4.483215 2.110524 1.261384
v 4.483215 2.138179 1.261384
v 4.483215 2.165834 1.261384
v 4.483215 2.193490 1.261384
v 4.483215 2.221145 1.261384
v 4.483215 2.248800 1.261384
v 4.483215 2.276455 1.261384
v 4.483215 2.304110 1.261384
v 4.483215 2.331765 1.261384
v 4.483215 2.359420 1.261384
v 4.483215 2.387075 1.261384
v 4.483215 2.414731 1.261384
v 4.483215 2.442386 1.261384
v 4.483215 2.470041 1.261384
v 4.483215 2.497696 1.261384
v 4.483215 2.525351 1.261384
v 4.483215 2.553006 1.261384
v 4.483215 2.580661 1.261384
v 4.483215 2.608316 1.261384
v 4.483215 2.635972 1.261384
v 4.483215 2.663627 1.261384
v 4.424491 1.529766 1.279198
v 4.424491 1.557421 1.279198
v 4.424491 1.585076 1.279198
v 4.424491 1.612731 1.279198
v 4.424491 1.640387 1.279198
v 4.424491 1.668042 1.279198
v 4.424491 1.695697 1.279198
v 4.424491 1.723352 1.279198
v 4.424491 1.751007 1.279198
v 4.424491 1.778662 1.279198
v 4.424491 1.806318 1.279198
v 4.424491 1.833973 1.279198
v 4.424491 1.861628 1.279198
v 4.424491 1.889283 1.279198
v 4.424491 1.916938 1.279198
v 4.424491 1.944593 1.279198
v 4.424491 1.972249 1.279198
v 4.424491 1.999904 1.279198
v 4.424491 2.027559 1.279198
v 4.424491 2.055214 1.279198
v 4.424491 2.082869 1.279198
v 4.424491 2.110524 1.279198
v 4.424491 2.138179 1.279198
v 4.424491 2.165834 1.279198
v 4.424491 2.193490 1.279198
v 4.424491 2.221145 1.279198
v 4.424491 2.248800 1.279198
v 4.424491 2.276455 1.279198
v 4.424491 2.304110 1.279198
v 4.424491 2.331765 1.279198
v 4.424491 2.359420 1.279198
v 4.424491 2.387075 1.279198
v 4.424491 2.414731 1.279198
v 4.424491 2.442386 1.279198
v 4.424491 2.470041 1.279198
v 4.424491 2.497696 1.279198
v 4.424491 2.525351 1.279198
v 4.424491 2.553006 1.279198
v 4.424491 2.580661 1.279198
v 4.424491 2.608316 1.279198
v 4.424491 2.635972 1.279198
v 4.424491 2.663627 1.279198
v 4.483215 1.529766 1.389064
v 4.483215 1.557421 1.389064
v 4.483215 1.585076 1.389064
v 4.483215 1.612731 1.389064
v 4.483215 1.640387 1.389064
v 4.483215 1.668042 1.389064
v 4.483215 1.695697 1.389064
v 4.483215 1.723352 1.389064
v 4.483215 1.751007 1.389064
v 4.483215 1.778662 1.389064
v 4.483215 1.806318 1.389064
v 4.483215 1.833973 1.389064
v 4.483215 1.861628 1.389064
v 4.483215 1.889283 1.389064
v 4.483215 1.916938 1.389064
v 4.483215 1.944593 1.389064
v 4.483215 1.972249 1.389064
v 4.483215 1.999904 1.389064
v 4.483215 2.027559 1.389064
v 4.483215 2.055214 1.389064
v 4.483215 2.082869 1.389064
v 4.483215 2.110524 1.389064
v 4.483215 2.138179 1.389064
v 4.483215 2.165834 1.389064
v 4.483215 2.193490 1.389064
v 4.483215 2.221145 1.389064
v 4.483215 2.248800 1.389064
v 4.483215 2.276455 1.389064
v 4.483215 2.304110 1.389064
v 4.483215 2.331765 1.389064
v 4.483215 2.359420 1.389064
v 4.483215 2.387075 1.389064
v 4.483215 2.414731 1.389064
v 4.483215 2.442386 1.389064
v 4.483215 2.470041 1.389064
v 4.483215 2.497696 1.389064
v 4.483215 2.525351 1.389064
v 4.483215 2.553006 1.389064
v 4.483215 2.580661 1.389064
v 4.483215 2.608316 1.389064
v 4.483215 2.635972 1.389064
v 4.483215 2.663627 1.389064
v 4.495426 1.529766 1.265089
v 4.495426 1.557421 1.265089
v 4.495426 1.585076 1.265089
v 4.495426 1.612731 1.265089
v 4.495426 1.640387 1.265089
v 4.495426 1.668042 1.265089
v 4.495426 1.695697 1.265089
v 4.495426 1.723352 1.265089
v 4.495426 1.751007 1.265089
v 4.495426 1.778662 1.265089
v 4.495426 1.806318 1.265089
v 4.495426 1.833973 1.265089
v 4.495426 1.861628 1.265089
v 4.495426 1.889283 1.265089
v 4.495426 1.916938 1.265089
v 4.495426 1.944593 1.265089
v 4.495426 1.972249 1.265089
v 4.495426 1.999904 1.265089
v 4.495426 2.027559 1.265089
v 4.495426 2.055214 1.265089
v 4.495426 2.082869 1.265089
v 4.495426 2.110524 1.265089
v 4.495426 2.138179 1.265089
v 4.495426 2.165834 1.265089
v 4.495426 2.193490 1.265089
v 4.495426 2.221145 1.265089
v 4.495426 2.248800 1.265089
v 4.495426 2.276455 1.265089
v 4.495426 2.304110 1.265089
v 4.495426 2.331765 1.265089
v 4.495426 2.359420 1.265089
v 4.495426 2.387075 1.265089
v 4.495426 2.414731 1.265089
v 4.495426 2.442386 1.265089
v 4.495426 2.470041 1.265089
v 4.495426 2.497696 1.265089
v 4.495426 2.525351 1.265089
v 4.495426 2.553006 1.265089
v 4.495426 2.580661 1.265089
v 4.495426 2.608316 1.265089
v 4.495426 2.635972 1.265089
v 4.495426 2.663627 1.265089
v 4.434354 1.529766 1.271104
v 4.434354 1.557421 1.271104
v 4.434354 1.585076 1.271104
v 4.434354 1.612731 1.271104
v 4.434354 1.640387 1.271104
v 4.434354 1.668042 1.271104
v 4.434354 1.695697 1.271104
v 4.434354 1.723352 1.271104
v 4.434354 1.751007 1.271104
v 4.434354 1.778662 1.271104
v 4.434354 1.806318 1.271104
v 4.434354 1.833973 1.271104
v 4.434354 1.861628 1.271104
v 4.434354 1.889283 1.271104
v 4.434354 1.916938 1.271104
v 4.434354 1.944593 1.271104
v 4.434354 1.972249 1.271104
v 4.434354 1.999904 1.271104
v 4.434354 2.027559 1.271104
v 4.434354 2.055214 1.271104
v 4.434354 2.082869 1.271104
v 4.434354 2.110524 1.271104
v 4.434354 2.138179 1.271104
v 4.434354 2.165834 1.271104
v 4.434354 2.193490 1.271104
v 4.434354 2.221145 1.271104
v 4.434354 2.248800 1.271104
v 4.434354 2.276455 1.271104
v 4.434354 2.304110 1.271104
v 4.434354 2.331765 1.271104
v 4.434354 2.359420 1.271104
v 4.434354 2.387075 1.271104
v 4.434354 2.414731 1.271104
v 4.434354 2.442386 1.271104
v 4.434354 2.470041 1.271104
v 4.434354 2.497696 1.271104
v 4.434354 2.525351 1.271104
v 4.434354 2.553006 1.271104
v 4.434354 2.580661 1.271104
v 4.434354 2.608316 1.271104
v 4.434354 2.635972 1.271104
v 4.434354 2.663627 1.271104
v 4.470517 1.529766 1.390315
v 4.470517 1.557421 1.390315
v 4.470517 1.585076 1.390315
v 4.470517 1.612731 1.390315
v 4.470517 1.640387 1.390315
v 4.470517 1.668042 1.390315
v 4.470517 1.695697 1.390315
v 4.470517 1.723352 1.390315
v 4.470517 1.751007 1.390315
v 4.470517 1.778662 1.390315
v 4.470517 1.806318 1.390315
v 4.470517 1.833973 1.390315
v 4.470517 1.861628 1.390315
v 4.470517 1.889283 1.390315
v 4.470517 1.916938 1.390315
v 4.470517 1.944593 1.390315
v 4.470517 1.972249 1.390315
v 4.470517 1.999904 1.390315
v 4.470517 2.027559 1.390315
v 4.470517 2.055214 1.390315
v 4.470517 2.082869 1.390315
v 4.470517 2.110524 1.390315
v 4.470517 2.138179 1.390315
v 4.470517 2.165834 1.390315
v 4.470517 2.193490 1.390315
v 4.470517 2.221145 1.390315
v 4.470517 2.248800 1.390315
v 4.470517 2.276455 1.390315
v 4.470517 2.304110 1.390315
v 4.470517 2.331765 1.390315
v 4.470517 2.359420 1.390315
v 4.470517 2.387075 1.390315
v 4.470517 2.414731 1.390315
v 4.470517 2.442386 1.390315
v 4.470517 2.470041 1.390315
v 4.470517 2.497696 1.390315
v 4.470517 2.525351 1.390315
v 4.470517 2.553006 1.390315
v 4.470517 2.580661 1.390315
v 4.470517 2.608316 1.390315
v 4.470517 2.635972 1.390315
v 4.470517 2.663627 1.390315
v 4.506679 1.529766 1.271104
v 4.506679 1.557421 1.271104
v 4.506679 1.585076 1.271104
v 4.506679 1.612731 1.271104
v 4.506679 1.640387 1.271104
v 4.506679 1.668042 1.271104
v 4.506679 1.695697 1.271104
v 4.506679 1.723352 1.271104
v 4.506679 1.751007 1.271104
v 4.506679 1.778662 1.271104
v 4.506679 1.806318 1.271104
v 4.506679 1.833973 1.271104
v 4.506679 1.861628 1.271104
v 4.506679 1.889283 1.271104
v 4.506679 1.916938 1.271104
v 4.506679 1.944593 1.271104
v 4.506679 1.972249 1.271104
v 4.506679 1.999904 1.271104
v 4.506679 2.027559 1.271104
v 4.506679 2.055214 1.271104
v 4.506679 2.082869 1.271104
v 4.506679 2.110524 1.271104
v 4.506679 2.138179 1.271104
v 4.506679 2.165834 1.271104
v 4.506679 2.193490 1.271104
v 4.506679 2.221145 1.271104
v 4.506679 2.248800 1.271104
v 4.506679 2.276455 1.271104
v 4.506679 2.304110 1.271104
v 4.506679 2.331765 1.271104
v 4.506679 2.359420 1.271104
v 4.506679 2.387075 1.271104
v 4.506679 2.414731 1.271104
v 4.506679 2.442386 1.271104
v 4.506679 2.470041 1.271104
v 4.506679 2.497696 1.271104
v 4.506679 2.525351 1.271104
v 4.506679 2.553006 1.271104
v 4.506679 2.580661 1.271104
v 4.506679 2.608316 1.271104
v 4.506679 2.635972 1.271104
v 4.506679 2.663627 1.271104
v 4.445608 1.529766 1.265089
v 4.445608 1.557421 1.265089
v 4.445608 1.585076 1.265089
v 4.445608 1.612731 1.265089
v 4.445608 1.640387 1.265089
v 4.445608 1.668042 1.265089
v 4.445608 1.695697 1.265089
v 4.445608 1.723352 1.265089
v 4.445608 1.751007 1.265089
v 4.445608 1.778662 1.265089
v 4.445608 1.806318 1.265089
v 4.445608 1.833973 1.265089
v 4.445608 1.861628 1.265089
v 4.445608 1.889283 1.265089
v 4.445608 1.916938 1.265089
v 4.445608 1.944593 1.265089
v 4.445608 1.972249 1.265089
v 4.445608 1.999904 1.265089
v 4.445608 2.027559 1.265089
v 4.445608 2.055214 1.265089
v 4.445608 2.082869 1.265089
v 4.445608 2.110524 1.265089
v 4.445608 2.138179 1.265089
v 4.445608 2.165834 1.265089
v 4.445608 2.193490 1.265089
v 4.445608 2.221145 1.265089
v 4.445608 2.248800 1.265089
v 4.445608 2.276455 1.265089
v 4.445608 2.304110 1.265089
v 4.445608 2.331765 1.265089
v 4.445608 2.359420 1.265089
v 4.445608 2.387075 1.265089
v 4.445608 2.414731 1.265089
v 4.445608 2.442386 1.265089
v 4.445608 2.470041 1.265089
v 4.445608 2.497696 1.265089
v 4.445608 2.525351 1.265089
v 4.445608 2.553006 1.265089
v 4.445608 2.580661 1.265089
v 4.445608 2.608316 1.265089
v 4.445608 2.635972 1.265089
v 4.445608 2.663627 1.265089
v 4.457818 1.529766 1.389064
v 4.457818 1.557421 1.389064
v 4.457818 1.585076 1.389064
v 4.457818 1.612731 1.389064
v 4.457818 1.640387 1.389064
v 4.457818 1.668042 1.389064
v 4.457818 1.695697 1.389064
v 4.457818 1.723352 1.389064
v 4.457818 1.751007 1.389064
v 4.457818 1.778662 1.389064
v 4.457818 1.806318 1.389064
v 4.457818 1.833973 1.389064
v 4.457818 1.861628 1.389064
v 4.457818 1.889283 1.389064
v 4.457818 1.916938 1.389064
v 4.457818 1.944593 1.389064
v 4.457818 1.972249 1.389064
v 4.457818 1.999904 1.389064
v 4.457818 2.027559 1.389064
v 4.457818 2.055214 1.389064
v 4.457818 2.082869 1.389064
v 4.457818 2.110524 1.389064
v 4.457818 2.138179 1.389064
v 4.457818 2.165834 1.389064
v 4.457818 2.193490 1.389064
v 4.457818 2.221145 1.389064
v 4.457818 2.248800 1.389064
v 4.457818 2.276455 1.389064
v 4.457818 2.304110 1.389064
v 4.457818 2.331765 1.389064
v 4.457818 2.359420 1.389064
v 4.457818 2.387075 1.389064
v 4.457818 2.414731 1.389064
v 4.457818 2.442386 1.389064
v 4.457818 2.470041 1.389064
v 4.457818 2.497696 1.389064
v 4.457818 2.525351 1.389064
v 4.457818 2.553006 1.389064
v 4.457818 2.580661 1.389064
v 4.457818 2.608316 1.389064
v 4.457818 2.635972 1.389064
v 4.457818 2.663627 1.389064
v 4.516542 1.529766 1.279198
v 4.516542 1.557421 1.279198
v 4.516542 1.585076 1.279198
v 4.516542 1.612731 1.279198
v 4.516542 1.640387 1.279198
v 4.516542 1.668042 1.279198
v 4.516542 1.695697 1.279198
v 4.516542 1.723352 1.279198
v 4.516542 1.751007 1.279198
v 4.516542 1.778662 1.279198
v 4.516542 1.806318 1.279198
v 4.516542 1.833973 1.279198
v 4.516542 1.861628 1.279198
v 4.516542 1.889283 1.279198
v 4.516542 1.916938 1.279198
v 4.516542 1.944593 1.279198
v 4.516542 1.972249 1.279198
v 4.516542 1.999904 1.279198
v 4.516542 2.027559 1.279198
v 4.516542 2.055214 1.279198
v 4.516542 2.082869 1.279198
v 4.516542 2.110524 1.279198
v 4.516542 2.138179 1.279198
v 4.516542 2.165834 1.279198
v 4.516542 2.193490 1.279198
v 4.516542 2.221145 1.279198
v 4.516542 2.248800 1.279198
v 4.516542 2.276455 1.279198
v 4.516542 2.304110 1.279198
v 4.516542 2.331765 1.279198
v 4.516542 2.359420 1.279198
v 4.516542 2.387075 1.279198
v 4.516542 2.414731 1.279198
v 4.516542 2.442386 1.279198
v 4.516542 2.470041 1.279198
v 4.516542 2.497696 1.279198
v 4.516542 2.525351 1.279198
v 4.516542 2.553006 1.279198
v 4.516542 2.580661 1.279198
v 4.516542 2.608316 1.279198
v 4.516542 2.635972 1.279198
v 4.516542 2.663627 1.279198
v 4.457818 1.529766 1.261384
v 4.457818 1.557421 1.261384
v 4.457818 1.585076 1.261384
v 4.457818 1.612731 1.261384
v 4.457818 1.640387 1.261384
v 4.457818 1.668042 1.261384
v 4.457818 1.695697 1.261384
v 4.457818 1.723352 1.261384
v 4.457818 1.751007 1.261384
v 4.457818 1.778662 1.261384
v 4.457818 1.806318 1.261384
v 4.457818 1.833973 1.261384
v 4.457818 1.861628 1.261384
v 4.457818 1.889283 1.261384
v 4.457818 1.916938 1.261384
v 4.457818 1.944593 1.261384
v 4.457818 1.972249 1.261384
v 4.457818 1.999904 1.261384
v 4.457818 2.027559 1.261384
v 4.457818 2.055214 1.261384
v 4.457818 2.082869 1.261384
v 4.457818 2.110524 1.261384
v 4.457818 2.138179 1.261384
v 4.457818 2.165834 1.261384
v 4.457818 2.193490 1.261384
v 4.457818 2.221145 1.261384
v 4.457818 2.248800 1.261384
v 4.457818 2.276455 1.261384
v 4.457818 2.304110 1.261384
v 4.457818 2.331765 1.261384
v 4.457818 2.359420 1.261384
v 4.457818 2.387075 1.261384
v 4.457818 2.414731 1.261384
v 4.457818 2.442386 1.261384
v 4.457818 2.470041 1.261384
v 4.457818 2.497696 1.261384
v 4.457818 2.525351 1.261384
v 4.457818 2.553006 1.261384
v 4.457818 2.580661 1.261384
v 4.457818 2.608316 1.261384
v 4.457818 2.635972 1.261384
v 4.457818 2.663627 1.261384
v 4.445608 1.529766 1.385360
v 4.445608 1.557421 1.385360
v 4.445608 1.585076 1.385360
v 4.445608 1.612731 1.385360
v 4.445608 1.640387 1.385360
v 4.445608 1.668042 1.385360
v 4.445608 1.695697 1.385360
v 4.445608 1.723352 1.385360
v 4.445608 1.751007 1.385360
v 4.445608 1.778662 1.385360
v 4.445608 1.806318 1.385360
v 4.445608 1.833973 1.385360
v 4.445608 1.861628 1.385360
v 4.445608 1.889283 1.385360
v 4.445608 1.916938 1.385360
v 4.445608 1.944593 1.385360
v 4.445608 1.972249 1.385360
v 4.445608 1.999904 1.385360
v 4.445608 2.027559 1.385360
v 4.445608 2.055214 1.385360
v 4.445608 2.082869 1.385360
v 4.445608 2.110524 1.385360
v 4.445608 2.138179 1.385360
v 4.445608 2.165834 1.385360
v 4.445608 2.193490 1.385360
v 4.445608 2.221145 1.385360
v 4.445608 2.248800 1.385360
v 4.445608 2.276455 1.385360
v 4.445608 2.304110 1.385360
v 4.445608 2.331765 1.385360
v 4.445608 2.359420 1.385360
v 4.445608 2.387075 1.385360
v 4.445608 2.414731 1.385360
v 4.445608 2.442386 1.385360
v 4.445608 2.470041 1.385360
v 4.445608 2.497696 1.385360
v 4.445608 2.525351 1.385360
v 4.445608 2.553006 1.385360
v 4.445608 2.580661 1.385360
v 4.445608 2.608316 1.385360
v 4.445608 2.635972 1.385360
v 4.445608 2.663627 1.385360
v 4.524638 1.529766 1.289062
v 4.524638 1.557421 1.289062
v 4.524638 1.585076 1.289062
v 4.524638 1.612731 1.289062
v 4.524638 1.640387 1.289062
v 4.524638 1.668042 1.289062
v 4.524638 1.695697 1.289062
v 4.524638 1.723352 1.289062
v 4.524638 1.751007 1.289062
v 4.524638 1.778662 1.289062
v 4.524638 1.806318 1.289062
v 4.524638 1.833973 1.289062
v 4.524638 1.861628 1.289062
v 4.524638 1.889283 1.289062
v 4.524638 1.916938 1.289062
v 4.524638 1.944593 1.289062
v 4.524638 1.972249 1.289062
v 4.524638 1.999904 1.289062
v 4.524638 2.027559 1.289062
v 4.524638 2.055214 1.289062
v 4.524638 2.082869 1.289062
v 4.524638 2.110524 1.289062
v 4.524638 2.138179 1.289062
v 4.524638 2.165834 1.289062
v 4.524638 2.193490 1.289062
v 4.524638 2.221145 1.289062
v 4.524638 2.248800 1.289062
v 4.524638 2.276455 1.289062
v 4.524638 2.304110 1.289062
v 4.524638 2.331765 1.289062
v 4.524638 2.359420 1.289062
v 4.524638 2.387075 1.289062
v 4.524638 2.414731 1.289062
v 4.524638 2.442386 1.289062
v 4.524638 2.470041 1.289062
v 4.524638 2.497696 1.289062
v 4.524638 2.525351 1.289062
v 4.524638 2.553006 1.289062
v 4.524638 2.580661 1.289062
v 4.524638 2.608316 1.289062
v 4.524638 2.635972 1.289062
v 4.524638 2.663627 1.289062
v 4.434354 1.529766 1.379345
v 4.434354 1.557421 1.379345
v 4.434354 1.585076 1.379345
v 4.434354 1.612731 1.379345
v 4.434354 1.640387 1.379345
v 4.434354 1.668042 1.379345
v 4.434354 1.695697 1.379345
v 4.434354 1.723352 1.379345
v 4.434354 1.751007 1.379345
v 4.434354 1.778662 1.379345
v 4.434354 1.806318 1.379345
v 4.434354 1.833973 1.379345
v 4.434354 1.861628 1.379345
v 4.434354 1.889283 1.379345
v 4.434354 1.916938 1.379345
v 4.434354 1.944593 1.379345
v 4.434354 1.972249 1.379345
v 4.434354 1.999904 1.379345
v 4.434354 2.027559 1.379345
v 4.434354 2.055214 1.379345
v 4.434354 2.082869 1.379345
v 4.434354 2.110524 1.379345
v 4.434354 2.138179 1.379345
v 4.434354 2.165834 1.379345
v 4.434354 2.193490 1.379345
v 4.434354 2.221145 1.379345
v 4.434354 2.248800 1.379345
v 4.434354 2.276455 1.379345
v 4.434354 2.304110 1.379345
v 4.434354 2.331765 1.379345
v 4.434354 2.359420 1.379345
v 4.434354 2.387075 1.379345
v 4.434354 2.414731 1.379345
v 4.434354 2.442386 1.379345
v 4.434354 2.470041 1.379345
v 4.434354 2.497696 1.379345
v 4.434354 2.525351 1.379345
v 4.434354 2.553006 1.379345
v 4.434354 2.580661 1.379345
v 4.434354 2.608316 1.379345
v 4.434354 2.635972 1.379345
v 4.434354 2.663627 1.379345
v 4.530653 1.529766 1.300315
v 4.530653 1.557421 1.300315
v 4.530653 1.585076 1.300315
v 4.530653 1.612731 1.300315
v 4.530653 1.640387 1.300315
v 4.530653 1.668042 1.300315
v 4.530653 1.695697 1.300315
v 4.530653 1.723352 1.300315
v 4.530653 1.751007 1.300315
v 4.530653 1.778662 1.300315
v 4.530653 1.806318 1.300315
v 4.530653 1.833973 1.300315
v 4.530653 1.861628 1.300315
v 4.530653 1.889283 1.300315
v 4.530653 1.916938 1.300315
v 4.530653 1.944593 1.300315
v 4.530653 1.972249 1.300315
v 4.530653 1.999904 1.300315
v 4.530653 2.027559 1.300315
v 4.530653 2.055214 1.300315
v 4.530653 2.082869 1.300315
v 4.530653 2.110524 1.300315
v 4.530653 2.138179 1.300315
v 4.530653 2.165834 1.300315
v 4.530653 2.193490 1.300315
v 4.530653 2.221145 1.300315
v 4.530653 2.248800 1.300315
v 4.530653 2.276455 1.300315
v 4.530653 2.304110 1.300315
v 4.530653 2.331765 1.300315
v 4.530653 2.359420 1.300315
v 4.530653 2.387075 1.300315
v 4.530653 2.414731 1.300315
v 4.530653 2.442386 1.300315
v 4.530653 2.470041 1.300315
v 4.530653 2.497696 1.300315
v 4.530653 2.525351 1.300315
v 4.530653 2.553006 1.300315
v 4.530653 2.580661 1.300315
v 4.530653 2.608316 1.300315
v 4.530653 2.635972 1.300315
v 4.530653 2.663627 1.300315
v 4.424491 1.529766 1.371250
v 4.424491 1.557421 1.371250
v 4.424491 1.585076 1.371250
v 4.424491 1.612731 1.371250
v 4.424491 1.640387 1.371250
v 4.424491 1.668042 1.371250
v 4.424491 1.695697 1.371250
v 4.424491 1.723352 1.371250
v 4.424491 1.751007 1.371250
v 4.424491 1.778662 1.371250
v 4.424491 1.806318 1.371250
v 4.424491 1.833973 1.371250
v 4.424491 1.861628 1.371250
v 4.424491 1.889283 1.371250
v 4.424491 1.916938 1.371250
v 4.424491 1.944593 1.371250
v 4.424491 1.972249 1.371250
v 4.424491 1.999904 1.371250
v 4.424491 2.027559 1.371250
v 4.424491 2.055214 1.371250
v 4.424491 2.082869 1.371250
v 4.424491 2.110524 1.371250
v 4.424491 2.138179 1.371250
v 4.424491 2.165834 1.371250
v 4.424491 2.193490 1.371250
v 4.424491 2.221145 1.371250
v 4.424491 2.248800 1.371250
v 4.424491 2.276455 1.371250
v 4.424491 2.304110 1.371250
v 4.424491 2.331765 1.371250
v 4.424491 2.359420 1.371250
v 4.424491 2.387075 1.371250
v 4.424491 2.414731 1.371250
v 4.424491 2.442386 1.371250
v 4.424491 2.470041 1.371250
v 4.424491 2.497696 1.371250
v 4.424491 2.525351 1.371250
v 4.424491 2.553006 1.371250
v 4.424491 2.580661 1.371250
v 4.424491 2.608316 1.371250
v 4.424491 2.635972 1.371250
v 4.424491 2.663627 1.371250
v 4.534357 1.529766 1.312526
v 4.534357 1.557421 1.312526
v 4.534357 1.585076 1.312526
v 4.534357 1.612731 1.312526
v 4.534357 1.640387 1.312526
v 4.534357 1.668042 1.312526
v 4.534357 1.695697 1.312526
v 4.534357 1.723352 1.312526
v 4.534357 1.751007 1.312526
v 4.534357 1.778662 1.312526
v 4.534357 1.806318 1.312526
v 4.534357 1.833973 1.312526
v 4.534357 1.861628 1.312526
v 4.534357 1.889283 1.312526
v 4.534357 1.916938 1.312526
v 4.534357 1.944593 1.312526
v 4.534357 1.972249 1.312526
v 4.534357 1.999904 1.312526
v 4.534357 2.027559 1.312526
v 4.534357 2.055214 1.312526
v 4.534357 2.082869 1.312526
v 4.534357 2.110524 1.312526
v 4.534357 2.138179 1.312526
v 4.534357 2.165834 1.312526
v 4.534357 2.193490 1.312526
v 4.534357 2.221145 1.312526
v 4.534357 2.248800 1.312526
v 4.534357 2.276455 1.312526
v 4.534357 2.304110 1.312526
v 4.534357 2.331765 1.312526
v 4.534357 2.359420 1.312526
v 4.534357 2.387075 1.312526
v 4.534357 2.414731 1.312526
v 4.534357 2.442386 1.312526
v 4.534357 2.470041 1.312526
v 4.534357 2.497696 1.312526
v 4.534357 2.525351 1.312526
v 4.534357 2.553006 1.312526
v 4.534357 2.580661 1.312526
v 4.534357 2.608316 1.312526
v 4.534357 2.635972 1.312526
v 4.534357 2.663627 1.312526
v 4.416396 1.529766 1.361387
v 4.416396 1.557421 1.361387
v 4.416396 1.585076 1.361387
v 4.416396 1.612731 1.361387
v 4.416396 1.640387 1.361387
v 4.416396 1.668042 1.361387
v 4.416396 1.695697 1.361387
v 4.416396 1.723352 1.361387
v 4.416396 1.751007 1.361387
v 4.416396 1.778662 1.361387
v 4.416396 1.806318 1.361387
v 4.416396 1.833973 1.361387
v 4.416396 1.861628 1.361387
v 4.416396 1.889283 1.361387
v 4.416396 1.916938 1.361387
v 4.416396 1.944593 1.361387
v 4.416396 1.972249 1.361387
v 4.416396 1.999904 1.361387
v 4.416396 2.027559 1.361387
v 4.416396 2.055214 1.361387
v 4.416396 2.082869 1.361387
v 4.416396 2.110524 1.361387
v 4.416396 2.138179 1.361387
v 4.416396 2.165834 1.361387
v 4.416396 2.193490 1.361387
v 4.416396 2.221145 1.361387
v 4.416396 2.248800 1.361387
v 4.416396 2.276455 1.361387
v 4.416396 2.304110 1.361387
v 4.416396 2.331765 1.361387
v 4.416396 2.359420 1.361387
v 4.416396 2.387075 1.361387
v 4.416396 2.414731 1.361387
v 4.416396 2.442386 1.361387
v 4.416396 2.470041 1.361387
v 4.416396 2.497696 1.361387
v 4.416396 2.525351 1.361387
v 4.416396 2.553006 1.361387
v 4.416396 2.580661 1.361387
v 4.416396 2.608316 1.361387
v 4.416396 2.635972 1.361387
v 4.416396 2.663627 1.361387
v 4.535607 1.529766 1.325224
v 4.535607 1.557421 1.325224
v 4.535607 1.585076 1.325224
v 4.535607 1.612731 1.325224
v 4.535607 1.640387 1.325224
v 4.535607 1.668042 1.325224
v 4.535607 1.695697 1.325224
v 4.535607 1.723352 1.325224
v 4.535607 1.751007 1.325224
v 4.535607 1.778662 1.325224
v 4.535607 1.806318 1.325224
v 4.535607 1.833973 1.325224
v 4.535607 1.861628 1.325224
v 4.535607 1.889283 1.325224
v 4.535607 1.916938 1.325224
v 4.535607 1.944593 1.325224
v 4.535607 1.972249 1.325224
v 4.535607 1.999904 1.325224
v 4.535607 2.027559 1.325224
v 4.535607 2.055214 1.325224
v 4.535607 2.082869 1.325224
v 4.535607 2.110524 1.325224
v 4.535607 2.138179 1.325224
v 4.535607 2.165834 1.325224
v 4.535607 2.193490 1.325224
v 4.535607 2.221145 1.325224
v 4.535607 2.248800 1.325224
v 4.535607 2.276455 1.325224
v 4.535607 2.304110 1.325224
v 4.535607 2.331765 1.325224
v 4.535607 2.359420 1.325224
v 4.535607 2.387075 1.325224
v 4.535607 2.414731 1.325224
v 4.535607 2.442386 1.325224
v 4.535607 2.470041 1.325224
v 4.535607 2.497696 1.325224
v 4.535607 2.525351 1.325224
v 4.535607 2.553006 1.325224
v 4.535607 2.580661 1.325224
v 4.535607 2.608316 1.325224
v 4.535607 2.635972 1.325224
v 4.535607 2.663627 1.325224
v 4.410381 1.529766 1.350133
v 4.410381 1.557421 1.350133
v 4.410381 1.585076 1.350133
v 4.410381 1.612731 1.350133
v 4.410381 1.640387 1.350133
v 4.410381 1.668042 1.350133
v 4.410381 1.695697 1.350133
v 4.410381 1.723352 1.350133
v 4.410381 1.751007 1.350133
v 4.410381 1.778662 1.350133
v 4.410381 1.806318 1.350133
v 4.410381 1.833973 1.350133
v 4.410381 1.861628 1.350133
v 4.410381 1.889283 1.350133
v 4.410381 1.916938 1.350133
v 4.410381 1.944593 1.350133
v 4.410381 1.972249 1.350133
v 4.410381 1.999904 1.350133
v 4.410381 2.027559 1.350133
v 4.410381 2.055214 1.350133
v 4.410381 2.082869 1.350133
v 4.410381 2.110524 1.350133
v 4.410381 2.138179 1.350133
v 4.410381 2.165834 1.350133
v 4.410381 2.193490 1.350133
v 4.410381 2.221145 1.350133
v 4.410381 2.248800 1.350133
v 4.410381 2.276455 1.350133
v 4.410381 2.304110 1.350133
v 4.410381 2.331765 1.350133
v 4.410381 2.359420 1.350133
v 4.410381 2.387075 1.350133
v 4.410381 2.414731 1.350133
v 4.410381 2.442386 1.350133
v 4.410381 2.470041 1.350133
v 4.410381 2.497696 1.350133
v 4.410381 2.525351 1.350133
v 4.410381 2.553006 1.350133
v 4.410381 2.580661 1.350133
v 4.410381 2.608316 1.350133
v 4.410381 2.635972 1.350133
v 4.410381 2.663627 1.350133
v 4.534357 1.529766 1.337923
v 4.534357 1.557421 1.337923
v 4.534357 1.585076 1.337923
v 4.534357 1.612731 1.337923
v 4.534357 1.640387 1.337923
v 4.534357 1.668042 1.337923
v 4.534357 1.695697 1.337923
v 4.534357 1.723352 1.337923
v 4.534357 1.751007 1.337923
v 4.534357 1.778662 1.337923
v 4.534357 1.806318 1.337923
v 4.534357 1.833973 1.337923
v 4.534357 1.861628 1.337923
v 4.534357 1.889283 1.337923
v 4.534357 1.916938 1.337923
v 4.534357 1.944593 1.337923
v 4.534357 1.972249 1.337923
v 4.534357 1.999904 1.337923
v 4.534357 2.027559 1.337923
v 4.534357 2.055214 1.337923
v 4.534357 2.082869 1.337923
v 4.534357 2.110524 1.337923
v 4.534357 2.138179 1.337923
v 4.534357 2.165834 1.337923
v 4.534357 2.193490 1.337923
v 4.534357 2.221145 1.337923
v 4.534357 2.248800 1.337923
v 4.534357 2.276455 1.337923
v 4.534357 2.304110 1.337923
v 4.534357 2.331765 1.337923
v 4.534357 2.359420 1.337923
v 4.534357 2.387075 1.337923
v 4.534357 2.414731 1.337923
v 4.534357 2.442386 1.337923
v 4.534357 2.470041 1.337923
v 4.534357 2.497696 1.337923
v 4.534357 2.525351 1.337923
v 4.534357 2.553006 1.337923
v 4.534357 2.580661 1.337923
v 4.534357 2.608316 1.337923
v 4.534357 2.635972 1.337923
v 4.534357 2.663627 1.337923
v 4.406677 1.529766 1.337923
v 4.406677 1.557421 1.337923
v 4.406677 1.585076 1.337923
v 4.406677 1.612731 1.337923
v 4.406677 1.640387 1.337923
v 4.406677 1.668042 1.337923
v 4.406677 1.695697 1.337923
v 4.406677 1.723352 1.337923
v 4.406677 1.751007 1.337923
v 4.406677 1.778662 1.337923
v 4.406677 1.806318 1.337923
v 4.406677 1.833973 1.337923
v 4.406677 1.861628 1.337923
v 4.406677 1.889283 1.337923
v 4.406677 1.916938 1.337923
v 4.406677 1.944593 1.337923
v 4.406677 1.972249 1.337923
v 4.406677 1.999904 1.337923
v 4.406677 2.027559 1.337923
v 4.406677 2.055214 1.337923
v 4.406677 2.082869 1.337923
v 4.406677 2.110524 1.337923
v 4.406677 2.138179 1.337923
v 4.406677 2.165834 1.337923
v 4.406677 2.193490 1.337923
v 4.406677 2.221145 1.337923
v 4.406677 2.248800 1.337923
v 4.406677 2.276455 1.337923
v 4.406677 2.304110 1.337923
v 4.406677 2.331765 1.337923
v 4.406677 2.359420 1.337923
v 4.406677 2.387075 1.337923
v 4.406677 2.414731 1.337923
v 4.406677 2.442386 1.337923
v 4.406677 2.470041 1.337923
v 4.406677 2.497696 1.337923
v 4.406677 2.525351 1.337923
v 4.406677 2.553006 1.337923
v 4.406677 2.580661 1.337923
v 4.406677 2.608316 1.337923
v 4.406677 2.635972 1.337923
v 4.406677 2.663627 1.337923
v 4.530653 1.529766 1.350133
v 4.530653 1.557421 1.350133
v 4.530653 1.585076 1.350133
v 4.530653 1.612731 1.350133
v 4.530653 1.640387 1.350133
v 4.530653 1.668042 1.350133
v 4.530653 1.695697 1.350133
v 4.530653 1.723352 1.350133
v 4.530653 1.751007 1.350133
v 4.530653 1.778662 1.350133
v 4.530653 1.806318 1.350133
v 4.530653 1.833973 1.350133
v 4.530653 1.861628 1.350133
v 4.530653 1.889283 1.350133
v 4.530653 1.916938 1.350133
v 4.530653 1.944593 1.350133
v 4.530653 1.972249 1.350133
v 4.530653 1.999904 1.350133
v 4.530653 2.027559 1.350133
v 4.530653 2.055214 1.350133
v 4.530653 2.082869 1.350133
v 4.530653 2.110524 1.350133
v 4.530653 2.138179 1.350133
v 4.530653 2.165834 1.350133
v 4.530653 2.193490 1.350133
v 4.530653 2.221145 1.350133
v 4.530653 2.248800 1.350133
v 4.530653 2.276455 1.350133
v 4.530653 2.304110 1.350133
v 4.530653 2.331765 1.350133
v 4.530653 2.359420 1.350133
v 4.530653 2.387075 1.350133
v 4.530653 2.414731 1.350133
v 4.530653 2.442386 1.350133
v 4.530653 2.470041 1.350133
v 4.530653 2.497696 1.350133
v 4.530653 2.525351 1.350133
v 4.530653 2.553006 1.350133
v 4.530653 2.580661 1.350133
v 4.530653 2.608316 1.350133
v 4.530653 2.635972 1.350133
v 4.530653 2.663627 1.350133
v 4.405427 1.529766 1.325224
v 4.405427 1.557421 1.325224
v 4.405427 1.585076 1.325224
v 4.405427 1.612731 1.325224
v 4.405427 1.640387 1.325224
v 4.405427 1.668042 1.325224
v 4.405427 1.695697 1.325224
v 4.405427 1.723352 1.325224
v 4.405427 1.751007 1.325224
v 4.405427 1.778662 1.325224
v 4.405427 1.806318 1.325224
v 4.405427 1.833973 1.325224
v 4.405427 1.861628 1.325224
v 4.405427 1.889283 1.325224
v 4.405427 1.916938 1.325224
v 4.405427 1.944593 1.325224
v 4.405427 1.972249 1.325224
v 4.405427 1.999904 1.325224
v 4.405427 2.027559 1.325224
v 4.405427 2.055214 1.325224
v 4.405427 2.082869 1.325224
v 4.405427 2.110524 1.325224
v 4.405427 2.138179 1.325224
v 4.405427 2.165834 1.325224
v 4.405427 2.193490 1.325224
v 4.405427 2.221145 1.325224
v 4.405427 2.248800 1.325224
v 4.405427 2.276455 1.325224
v 4.405427 2.304110 1.325224
v 4.405427 2.331765 1.325224
v 4.405427 2.359420 1.325224
v 4.405427 2.387075 1.325224
v 4.405427 2.414731 1.325224
v 4.405427 2.442386 1.325224
v 4.405427 2.470041 1.325224
v 4.405427 2.497696 1.325224
v 4.405427 2.525351 1.325224
v 4.405427 2.553006 1.325224
v 4.405427 2.580661 1.325224
v 4.405427 2.608316 1.325224
v 4.405427 2.635972 1.325224
v 4.405427 2.663627 1.325224
v 4.533255 2.663627 1.367145
v 4.533255 2.635972 1.367145
v 4.533255 2.608316 1.367145
v 4.533255 2.580661 1.367145
v 4.533255 2.553006 1.367145
v 4.533255 2.525351 1.367145
v 4.533255 2.497696 1.367145
v 4.533255 2.470041 1.367145
v 4.533255 2.442386 1.367145
v 4.533255 2.414731 1.367145
v 4.533255 2.387075 1.367145
v 4.533255 2.359420 1.367145
v 4.533255 2.331765 1.367145
v 4.533255 2.304110 1.367145
v 4.533255 2.276455 1.367145
v 4.533255 2.248800 1.367145
v 4.533255 2.221145 1.367145
v 4.533255 2.193489 1.367145
v 4.533255 2.165834 1.367145
v 4.533255 2.138179 1.367145
v 4.533255 2.110524 1.367145
v 4.533255 2.082869 1.367145
v 4.533255 2.055214 1.367145
v 4.533255 2.027559 1.367145
v 4.533255 1.999903 1.367145
v 4.533255 1.972248 1.367145
v 4.533255 1.944593 1.367145
v 4.533255 1.916938 1.367145
v 4.533255 1.889283 1.367145
v 4.533255 1.861628 1.367145
v 4.533255 1.833972 1.367145
v 4.533255 1.806317 1.367145
v 4.533255 1.778662 1.367145
v 4.533255 1.751007 1.367145
v 4.533255 1.723352 1.367145
v 4.533255 1.695697 1.367145
v 4.533255 1.668042 1.367145
v 4.533255 1.640386 1.367145
v 4.533255 1.612731 1.367145
v 4.533255 1.585076 1.367145
v 4.533255 1.557421 1.367145
v 4.533255 1.529766 1.367145
v 4.523871 1.529766 1.378579
v 4.523871 1.557421 1.378579
v 4.523871 1.585076 1.378579
v 4.523871 1.612731 1.378579
v 4.523871 1.640387 1.378579
v 4.523871 1.668042 1.378579
v 4.523871 1.695697 1.378579
v 4.523871 1.723352 1.378579
v 4.523871 1.751007 1.378579
v 4.523871 1.778662 1.378579
v 4.523871 1.806318 1.378579
v 4.523871 1.833973 1.378579
v 4.523871 1.861628 1.378579
v 4.523871 1.889283 1.378579
v 4.523871 1.916938 1.378579
v 4.523871 1.944593 1.378579
v 4.523871 1.972249 1.378579
v 4.523871 1.999904 1.378579
v 4.523871 2.027559 1.378579
v 4.523871 2.055214 1.378579
v 4.523871 2.082869 1.378579
v 4.523871 2.110524 1.378579
v 4.523871 2.138179 1.378579
v 4.523871 2.165834 1.378579
v 4.523871 2.193490 1.378579
v 4.523871 2.221145 1.378579
v 4.523871 2.248800 1.378579
v 4.523871 2.276455 1.378579
v 4.523871 2.304110 1.378579
v 4.523871 2.331765 1.378579
v 4.523871 2.359420 1.378579
v 4.523871 2.387075 1.378579
v 4.523871 2.414731 1.378579
v 4.523871 2.442386 1.378579
v 4.523871 2.470041 1.378579
v 4.523871 2.497696 1.378579
v 4.523871 2.525351 1.378579
v 4.523871 2.553006 1.378579
v 4.523871 2.580661 1.378579
v 4.523871 2.608316 1.378579
v 4.523871 2.635972 1.378579
v 4.523871 2.663627 1.378579
v 4.396512 2.663627 1.310504
v 4.396512 2.635972 1.310504
v 4.396512 2.608316 1.310504
v 4.396512 2.580661 1.310504
v 4.396512 2.553006 1.310504
v 4.396512 2.525351 1.310504
v 4.396512 2.497696 1.310504
v 4.396512 2.470041 1.310504
v 4.396512 2.442386 1.310504
v 4.396512 2.414731 1.310504
v 4.396512 2.387075 1.310504
v 4.396512 2.359420 1.310504
v 4.396512 2.331765 1.310504
v 4.396512 2.304110 1.310504
v 4.396512 2.276455 1.310504
v 4.396512 2.248800 1.310504
v 4.396512 2.221145 1.310504
v 4.396512 2.193489 1.310504
v 4.396512 2.165834 1.310504
v 4.396512 2.138179 1.310504
v 4.396512 2.110524 1.310504
v 4.396512 2.082869 1.310504
v 4.396512 2.055214 1.310504
v 4.396512 2.027559 1.310504
v 4.396512 1.999903 1.310504
v 4.396512 1.972248 1.310504
v 4.396512 1.944593 1.310504
v 4.396512 1.916938 1.310504
v 4.396512 1.889283 1.310504
v 4.396512 1.861628 1.310504
v 4.396512 1.833972 1.310504
v 4.396512 1.806317 1.310504
v 4.396512 1.778662 1.310504
v 4.396512 1.751007 1.310504
v 4.396512 1.723352 1.310504
v 4.396512 1.695697 1.310504
v 4.396512 1.668042 1.310504
v 4.396512 1.640386 1.310504
v 4.396512 1.612731 1.310504
v 4.396512 1.585076 1.310504
v 4.396512 1.557421 1.310504
v 4.396512 1.529766 1.310504
v 4.400806 1.529766 1.296349
v 4.400806 1.557421 1.296349
v 4.400806 1.585076 1.296349
v 4.400806 1.612731 1.296349
v 4.400806 1.640387 1.296349
v 4.400806 1.668042 1.296349
v 4.400806 1.695697 1.296349
v 4.400806 1.723352 1.296349
v 4.400806 1.751007 1.296349
v 4.400806 1.778662 1.296349
v 4.400806 1.806318 1.296349
v 4.400806 1.833973 1.296349
v 4.400806 1.861628 1.296349
v 4.400806 1.889283 1.296349
v 4.400806 1.916938 1.296349
v 4.400806 1.944593 1.296349
v 4.400806 1.972249 1.296349
v 4.400806 1.999904 1.296349
v 4.400806 2.027559 1.296349
v 4.400806 2.055214 1.296349
v 4.400806 2.082869 1.296349
v 4.400806 2.110524 1.296349
v 4.400806 2.138179 1.296349
v 4.400806 2.165834 1.296349
v 4.400806 2.193490 1.296349
v 4.400806 2.221145 1.296349
v 4.400806 2.248800 1.296349
v 4.400806 2.276455 1.296349
v 4.400806 2.304110 1.296349
v 4.400806 2.331765 1.296349
v 4.400806 2.359420 1.296349
v 4.400806 2.387075 1.296349
v 4.400806 2.414731 1.296349
v 4.400806 2.442386 1.296349
v 4.400806 2.470041 1.296349
v 4.400806 2.497696 1.296349
v 4.400806 2.525351 1.296349
v 4.400806 2.553006 1.296349
v 4.400806 2.580661 1.296349
v 4.400806 2.608316 1.296349
v 4.400806 2.635972 1.296349
v 4.400806 2.663627 1.296349
v 4.512437 1.529766 1.387963
v 4.512437 1.557421 1.387963
v 4.512437 1.585076 1.387963
v 4.512437 1.612731 1.387963
v 4.512437 1.640387 1.387963
v 4.512437 1.668042 1.387963
v 4.512437 1.695697 1.387963
v 4.512437 1.723352 1.387963
v 4.512437 1.751007 1.387963
v 4.512437 1.778662 1.387963
v 4.512437 1.806318 1.387963
v 4.512437 1.833973 1.387963
v 4.512437 1.861628 1.387963
v 4.512437 1.889283 1.387963
v 4.512437 1.916938 1.387963
v 4.512437 1.944593 1.387963
v 4.512437 1.972249 1.387963
v 4.512437 1.999904 1.387963
v 4.512437 2.027559 1.387963
v 4.512437 2.055214 1.387963
v 4.512437 2.082869 1.387963
v 4.512437 2.110524 1.387963
v 4.512437 2.138179 1.387963
v 4.512437 2.165834 1.387963
v 4.512437 2.193490 1.387963
v 4.512437 2.221145 1.387963
v 4.512437 2.248800 1.387963
v 4.512437 2.276455 1.387963
v 4.512437 2.304110 1.387963
v 4.512437 2.331765 1.387963
v 4.512437 2.359420 1.387963
v 4.512437 2.387075 1.387963
v 4.512437 2.414731 1.387963
v 4.512437 2.442386 1.387963
v 4.512437 2.470041 1.387963
v 4.512437 2.497696 1.387963
v 4.512437 2.525351 1.387963
v 4.512437 2.553006 1.387963
v 4.512437 2.580661 1.387963
v 4.512437 2.608316 1.387963
v 4.512437 2.635972 1.387963
v 4.512437 2.663627 1.387963
v 4.407779 1.529766 1.283304
v 4.407779 1.557421 1.283304
v 4.407779 1.585076 1.283304
v 4.407779 1.612731 1.283304
v 4.407779 1.640387 1.283304
v 4.407779 1.668042 1.283304
v 4.407779 1.695697 1.283304
v 4.407779 1.723352 1.283304
v 4.407779 1.751007 1.283304
v 4.407779 1.778662 1.283304
v 4.407779 1.806318 1.283304
v 4.407779 1.833973 1.283304
v 4.407779 1.861628 1.283304
v 4.407779 1.889283 1.283304
v 4.407779 1.916938 1.283304
v 4.407779 1.944593 1.283304
v 4.407779 1.972249 1.283304
v 4.407779 1.999904 1.283304
v 4.407779 2.027559 1.283304
v 4.407779 2.055214 1.283304
v 4.407779 2.082869 1.283304
v 4.407779 2.110524 1.283304
v 4.407779 2.138179 1.283304
v 4.407779 2.165834 1.283304
v 4.407779 2.193490 1.283304
v 4.407779 2.221145 1.283304
v 4.407779 2.248800 1.283304
v 4.407779 2.276455 1.283304
v 4.407779 2.304110 1.283304
v 4.407779 2.331765 1.283304
v 4.407779 2.359420 1.283304
v 4.407779 2.387075 1.283304
v 4.407779 2.414731 1.283304
v 4.407779 2.442386 1.283304
v 4.407779 2.470041 1.283304
v 4.407779 2.497696 1.283304
v 4.407779 2.525351 1.283304
v 4.407779 2.553006 1.283304
v 4.407779 2.580661 1.283304
v 4.407779 2.608316 1.283304
v 4.407779 2.635972 1.283304
v 4.407779 2.663627 1.283304
v 4.499392 1.529766 1.394935
v 4.499392 1.557421 1.394935
v 4.499392 1.585076 1.394935
v 4.499392 1.612731 1.394935
v 4.499392 1.640387 1.394935
v 4.499392 1.668042 1.394935
v 4.499392 1.695697 1.394935
v 4.499392 1.723352 1.394935
v 4.499392 1.751007 1.394935
v 4.499392 1.778662 1.394935
v 4.499392 1.806318 1.394935
v 4.499392 1.833973 1.394935
v 4.499392 1.861628 1.394935
v 4.499392 1.889283 1.394935
v 4.499392 1.916938 1.394935
v 4.499392 1.944593 1.394935
v 4.499392 1.972249 1.394935
v 4.499392 1.999904 1.394935
v 4.499392 2.027559 1.394935
v 4.499392 2.055214 1.394935
v 4.499392 2.082869 1.394935
v 4.499392 2.110524 1.394935
v 4.499392 2.138179 1.394935
v 4.499392 2.165834 1.394935
v 4.499392 2.193490 1.394935
v 4.499392 2.221145 1.394935
v 4.499392 2.248800 1.394935
v 4.499392 2.276455 1.394935
v 4.499392 2.304110 1.394935
v 4.499392 2.331765 1.394935
v 4.499392 2.359420 1.394935
v 4.499392 2.387075 1.394935
v 4.499392 2.414731 1.394935
v 4.499392 2.442386 1.394935
v 4.499392 2.470041 1.394935
v 4.499392 2.497696 1.394935
v 4.499392 2.525351 1.394935
v 4.499392 2.553006 1.394935
v 4.499392 2.580661 1.394935
v 4.499392 2.608316 1.394935
v 4.499392 2.635972 1.394935
v 4.499392 2.663627 1.394935
v 4.470517 2.663627 1.249770
v 4.470517 2.635972 1.249770
v 4.470517 2.608316 1.249770
v 4.470517 2.580661 1.249770
v 4.470517 2.553006 1.249770
v 4.470517 2.525351 1.249770
v 4.470517 2.497696 1.249770
v 4.470517 2.470041 1.249770
v 4.470517 2.442386 1.249770
v 4.470517 2.414731 1.249770
v 4.470517 2.387075 1.249770
v 4.470517 2.359420 1.249770
v 4.470517 2.331765 1.249770
v 4.470517 2.304110 1.249770
v 4.470517 2.276455 1.249770
v 4.470517 2.248800 1.249770
v 4.470517 2.221145 1.249770
v 4.470517 2.193489 1.249770
v 4.470517 2.165834 1.249770
v 4.470517 2.138179 1.249770
v 4.470517 2.110524 1.249770
v 4.470517 2.082869 1.249770
v 4.470517 2.055214 1.249770
v 4.470517 2.027559 1.249770
v 4.470517 1.999903 1.249770
v 4.470517 1.972248 1.249770
v 4.470517 1.944593 1.249770
v 4.470517 1.916938 1.249770
v 4.470517 1.889283 1.249770
v 4.470517 1.861628 1.249770
v 4.470517 1.833972 1.249770
v 4.470517 1.806317 1.249770
v 4.470517 1.778662 1.249770
v 4.470517 1.751007 1.249770
v 4.470517 1.723352 1.249770
v 4.470517 1.695697 1.249770
v 4.470517 1.668042 1.249770
v 4.470517 1.640386 1.249770
v 4.470517 1.612731 1.249770
v 4.470517 1.585076 1.249770
v 4.470517 1.557421 1.249770
v 4.470517 1.529766 1.249770
v 4.485237 1.529766 1.251219
v 4.485237 1.557421 1.251219
v 4.485237 1.585076 1.251219
v 4.485237 1.612731 1.251219
v 4.485237 1.640387 1.251219
v 4.485237 1.668042 1.251219
v 4.485237 1.695697 1.251219
v 4.485237 1.723352 1.251219
v 4.485237 1.751007 1.251219
v 4.485237 1.778662 1.251219
v 4.485237 1.806318 1.251219
v 4.485237 1.833973 1.251219
v 4.485237 1.861628 1.251219
v 4.485237 1.889283 1.251219
v 4.485237 1.916938 1.251219
v 4.485237 1.944593 1.251219
v 4.485237 1.972249 1.251219
v 4.485237 1.999904 1.251219
v 4.485237 2.027559 1.251219
v 4.485237 2.055214 1.251219
v 4.485237 2.082869 1.251219
v 4.485237 2.110524 1.251219
v 4.485237 2.138179 1.251219
v 4.485237 2.165834 1.251219
v 4.485237 2.193490 1.251219
v 4.485237 2.221145 1.251219
v 4.485237 2.248800 1.251219
v 4.485237 2.276455 1.251219
v 4.485237 2.304110 1.251219
v 4.485237 2.331765 1.251219
v 4.485237 2.359420 1.251219
v 4.485237 2.387075 1.251219
v 4.485237 2.414731 1.251219
v 4.485237 2.442386 1.251219
v 4.485237 2.470041 1.251219
v 4.485237 2.497696 1.251219
v 4.485237 2.525351 1.251219
v 4.485237 2.553006 1.251219
v 4.485237 2.580661 1.251219
v 4.485237 2.608316 1.251219
v 4.485237 2.635972 1.251219
v 4.485237 2.663627 1.251219
v 4.417162 1.529766 1.271870
v 4.417162 1.557421 1.271870
v 4.417162 1.585076 1.271870
v 4.417162 1.612731 1.271870
v 4.417162 1.640387 1.271870
v 4.417162 1.668042 1.271870
v 4.417162 1.695697 1.271870
v 4.417162 1.723352 1.271870
v 4.417162 1.751007 1.271870
v 4.417162 1.778662 1.271870
v 4.417162 1.806318 1.271870
v 4.417162 1.833973 1.271870
v 4.417162 1.861628 1.271870
v 4.417162 1.889283 1.271870
v 4.417162 1.916938 1.271870
v 4.417162 1.944593 1.271870
v 4.417162 1.972249 1.271870
v 4.417162 1.999904 1.271870
v 4.417162 2.027559 1.271870
v 4.417162 2.055214 1.271870
v 4.417162 2.082869 1.271870
v 4.417162 2.110524 1.271870
v 4.417162 2.138179 1.271870
v 4.417162 2.165834 1.271870
v 4.417162 2.193490 1.271870
v 4.417162 2.221145 1.271870
v 4.417162 2.248800 1.271870
v 4.417162 2.276455 1.271870
v 4.417162 2.304110 1.271870
v 4.417162 2.331765 1.271870
v 4.417162 2.359420 1.271870
v 4.417162 2.387075 1.271870
v 4.417162 2.414731 1.271870
v 4.417162 2.442386 1.271870
v 4.417162 2.470041 1.271870
v 4.417162 2.497696 1.271870
v 4.417162 2.525351 1.271870
v 4.417162 2.553006 1.271870
v 4.417162 2.580661 1.271870
v 4.417162 2.608316 1.271870
v 4.417162 2.635972 1.271870
v 4.417162 2.663627 1.271870
v 4.485237 1.529766 1.399229
v 4.485237 1.557421 1.399229
v 4.485237 1.585076 1.399229
v 4.485237 1.612731 1.399229
v 4.485237 1.640387 1.399229
v 4.485237 1.668042 1.399229
v 4.485237 1.695697 1.399229
v 4.485237 1.723352 1.399229
v 4.485237 1.751007 1.399229
v 4.485237 1.778662 1.399229
v 4.485237 1.806318 1.399229
v 4.485237 1.833973 1.399229
v 4.485237 1.861628 1.399229
v 4.485237 1.889283 1.399229
v 4.485237 1.916938 1.399229
v 4.485237 1.944593 1.399229
v 4.485237 1.972249 1.399229
v 4.485237 1.999904 1.399229
v 4.485237 2.027559 1.399229
v 4.485237 2.055214 1.399229
v 4.485237 2.082869 1.399229
v 4.485237 2.110524 1.399229
v 4.485237 2.138179 1.399229
v 4.485237 2.165834 1.399229
v 4.485237 2.193490 1.399229
v 4.485237 2.221145 1.399229
v 4.485237 2.248800 1.399229
v 4.485237 2.276455 1.399229
v 4.485237 2.304110 1.399229
v 4.485237 2.331765 1.399229
v 4.485237 2.359420 1.399229
v 4.485237 2.387075 1.399229
v 4.485237 2.414731 1.399229
v 4.485237 2.442386 1.399229
v 4.485237 2.470041 1.399229
v 4.485237 2.497696 1.399229
v 4.485237 2.525351 1.399229
v 4.485237 2.553006 1.399229
v 4.485237 2.580661 1.399229
v 4.485237 2.608316 1.399229
v 4.485237 2.635972 1.399229
v 4.485237 2.663627 1.399229
v 4.499392 1.529766 1.255513
v 4.499392 1.557421 1.255513
v 4.499392 1.585076 1.255513
v 4.499392 1.612731 1.255513
v 4.499392 1.640387 1.255513
v 4.499392 1.668042 1.255513
v 4.499392 1.695697 1.255513
v 4.499392 1.723352 1.255513
v 4.499392 1.751007 1.255513
v 4.499392 1.778662 1.255513
v 4.499392 1.806318 1.255513
v 4.499392 1.833973 1.255513
v 4.499392 1.861628 1.255513
v 4.499392 1.889283 1.255513
v 4.499392 1.916938 1.255513
v 4.499392 1.944593 1.255513
v 4.499392 1.972249 1.255513
v 4.499392 1.999904 1.255513
v 4.499392 2.027559 1.255513
v 4.499392 2.055214 1.255513
v 4.499392 2.082869 1.255513
v 4.499392 2.110524 1.255513
v 4.499392 2.138179 1.255513
v 4.499392 2.165834 1.255513
v 4.499392 2.193490 1.255513
v 4.499392 2.221145 1.255513
v 4.499392 2.248800 1.255513
v 4.499392 2.276455 1.255513
v 4.499392 2.304110 1.255513
v 4.499392 2.331765 1.255513
v 4.499392 2.359420 1.255513
v 4.499392 2.387075 1.255513
v 4.499392 2.414731 1.255513
v 4.499392 2.442386 1.255513
v 4.499392 2.470041 1.255513
v 4.499392 2.497696 1.255513
v 4.499392 2.525351 1.255513
v 4.499392 2.553006 1.255513
v 4.499392 2.580661 1.255513
v 4.499392 2.608316 1.255513
v 4.499392 2.635972 1.255513
v 4.499392 2.663627 1.255513
v 4.428596 1.529766 1.262486
v 4.428596 1.557421 1.262486
v 4.428596 1.585076 1.262486
v 4.428596 1.612731 1.262486
v 4.428596 1.640387 1.262486
v 4.428596 1.668042 1.262486
v 4.428596 1.695697 1.262486
v 4.428596 1.723352 1.262486
v 4.428596 1.751007 1.262486
v 4.428596 1.778662 1.262486
v 4.428596 1.806318 1.262486
v 4.428596 1.833973 1.262486
v 4.428596 1.861628 1.262486
v 4.428596 1.889283 1.262486
v 4.428596 1.916938 1.262486
v 4.428596 1.944593 1.262486
v 4.428596 1.972249 1.262486
v 4.428596 1.999904 1.262486
v 4.428596 2.027559 1.262486
v 4.428596 2.055214 1.262486
v 4.428596 2.082869 1.262486
v 4.428596 2.110524 1.262486
v 4.428596 2.138179 1.262486
v 4.428596 2.165834 1.262486
v 4.428596 2.193490 1.262486
v 4.428596 2.221145 1.262486
v 4.428596 2.248800 1.262486
v 4.428596 2.276455 1.262486
v 4.428596 2.304110 1.262486
v 4.428596 2.331765 1.262486
v 4.428596 2.359420 1.262486
v 4.428596 2.387075 1.262486
v 4.428596 2.414731 1.262486
v 4.428596 2.442386 1.262486
v 4.428596 2.470041 1.262486
v 4.428596 2.497696 1.262486
v 4.428596 2.525351 1.262486
v 4.428596 2.553006 1.262486
v 4.428596 2.580661 1.262486
v 4.428596 2.608316 1.262486
v 4.428596 2.635972 1.262486
v 4.428596 2.663627 1.262486
v 4.470517 1.529766 1.400679
v 4.470517 1.557421 1.400679
v 4.470517 1.585076 1.400679
v 4.470517 1.612731 1.400679
v 4.470517 1.640387 1.400679
v 4.470517 1.668042 1.400679
v 4.470517 1.695697 1.400679
v 4.470517 1.723352 1.400679
v 4.470517 1.751007 1.400679
v 4.470517 1.778662 1.400679
v 4.470517 1.806318 1.400679
v 4.470517 1.833973 1.400679
v 4.470517 1.861628 1.400679
v 4.470517 1.889283 1.400679
v 4.470517 1.916938 1.400679
v 4.470517 1.944593 1.400679
v 4.470517 1.972249 1.400679
v 4.470517 1.999904 1.400679
v 4.470517 2.027559 1.400679
v 4.470517 2.055214 1.400679
v 4.470517 2.082869 1.400679
v 4.470517 2.110524 1.400679
v 4.470517 2.138179 1.400679
v 4.470517 2.165834 1.400679
v 4.470517 2.193490 1.400679
v 4.470517 2.221145 1.400679
v 4.470517 2.248800 1.400679
v 4.470517 2.276455 1.400679
v 4.470517 2.304110 1.400679
v 4.470517 2.331765 1.400679
v 4.470517 2.359420 1.400679
v 4.470517 2.387075 1.400679
v 4.470517 2.414731 1.400679
v 4.470517 2.442386 1.400679
v 4.470517 2.470041 1.400679
v 4.470517 2.497696 1.400679
v 4.470517 2.525351 1.400679
v 4.470517 2.553006 1.400679
v 4.470517 2.580661 1.400679
v 4.470517 2.608316 1.400679
v 4.470517 2.635972 1.400679
v 4.470517 2.663627 1.400679
v 4.512437 1.529766 1.262486
v 4.512437 1.557421 1.262486
v 4.512437 1.585076 1.262486
v 4.512437 1.612731 1.262486
v 4.512437 1.640387 1.262486
v 4.512437 1.668042 1.262486
v 4.512437 1.695697 1.262486
v 4.512437 1.723352 1.262486
v 4.512437 1.751007 1.262486
v 4.512437 1.778662 1.262486
v 4.512437 1.806318 1.262486
v 4.512437 1.833973 1.262486
v 4.512437 1.861628 1.262486
v 4.512437 1.889283 1.262486
v 4.512437 1.916938 1.262486
v 4.512437 1.944593 1.262486
v 4.512437 1.972249 1.262486
v 4.512437 1.999904 1.262486
v 4.512437 2.027559 1.262486
v 4.512437 2.055214 1.262486
v 4.512437 2.082869 1.262486
v 4.512437 2.110524 1.262486
v 4.512437 2.138179 1.262486
v 4.512437 2.165834 1.262486
v 4.512437 2.193490 1.262486
v 4.512437 2.221145 1.262486
v 4.512437 2.248800 1.262486
v 4.512437 2.276455 1.262486
v 4.512437 2.304110 1.262486
v 4.512437 2.331765 1.262486
v 4.512437 2.359420 1.262486
v 4.512437 2.387075 1.262486
v 4.512437 2.414731 1.262486
v 4.512437 2.442386 1.262486
v 4.512437 2.470041 1.262486
v 4.512437 2.497696 1.262486
v 4.512437 2.525351 1.262486
v 4.512437 2.553006 1.262486
v 4.512437 2.580661 1.262486
v 4.512437 2.608316 1.262486
v 4.512437 2.635972 1.262486
v 4.512437 2.663627 1.262486
v 4.441641 1.529766 1.255513
v 4.441641 1.557421 1.255513
v 4.441641 1.585076 1.255513
v 4.441641 1.612731 1.255513
v 4.441641 1.640387 1.255513
v 4.441641 1.668042 1.255513
v 4.441641 1.695697 1.255513
v 4.441641 1.723352 1.255513
v 4.441641 1.751007 1.255513
v 4.441641 1.778662 1.255513
v 4.441641 1.806318 1.255513
v 4.441641 1.833973 1.255513
v 4.441641 1.861628 1.255513
v 4.441641 1.889283 1.255513
v 4.441641 1.916938 1.255513
v 4.441641 1.944593 1.255513
v 4.441641 1.972249 1.255513
v 4.441641 1.999904 1.255513
v 4.441641 2.027559 1.255513
v 4.441641 2.055214 1.255513
v 4.441641 2.082869 1.255513
v 4.441641 2.110524 1.255513
v 4.441641 2.138179 1.255513
v 4.441641 2.165834 1.255513
v 4.441641 2.193490 1.255513
v 4.441641 2.221145 1.255513
v 4.441641 2.248800 1.255513
v 4.441641 2.276455 1.255513
v 4.441641 2.304110 1.255513
v 4.441641 2.331765 1.255513
v 4.441641 2.359420 1.255513
v 4.441641 2.387075 1.255513
v 4.441641 2.414731 1.255513
v 4.441641 2.442386 1.255513
v 4.441641 2.470041 1.255513
v 4.441641 2.497696 1.255513
v 4.441641 2.525351 1.255513
v 4.441641 2.553006 1.255513
v 4.441641 2.580661 1.255513
v 4.441641 2.608316 1.255513
v 4.441641 2.635972 1.255513
v 4.441641 2.663627 1.255513
v 4.455796 1.529766 1.399229
v 4.455796 1.557421 1.399229
v 4.455796 1.585076 1.399229
v 4.455796 1.612731 1.399229
v 4.455796 1.640387 1.399229
v 4.455796 1.668042 1.399229
v 4.455796 1.695697 1.399229
v 4.455796 1.723352 1.399229
v 4.455796 1.751007 1.399229
v 4.455796 1.778662 1.399229
v 4.455796 1.806318 1.399229
v 4.455796 1.833973 1.399229
v 4.455796 1.861628 1.399229
v 4.455796 1.889283 1.399229
v 4.455796 1.916938 1.399229
v 4.455796 1.944593 1.399229
v 4.455796 1.972249 1.399229
v 4.455796 1.999904 1.399229
v 4.455796 2.027559 1.399229
v 4.455796 2.055214 1.399229
v 4.455796 2.082869 1.399229
v 4.455796 2.110524 1.399229
v 4.455796 2.138179 1.399229
v 4.455796 2.165834 1.399229
v 4.455796 2.193490 1.399229
v 4.455796 2.221145 1.399229
v 4.455796 2.248800 1.399229
v 4.455796 2.276455 1.399229
v 4.455796 2.304110 1.399229
v 4.455796 2.331765 1.399229
v 4.455796 2.359420 1.399229
v 4.455796 2.387075 1.399229
v 4.455796 2.414731 1.399229
v 4.455796 2.442386 1.399229
v 4.455796 2.470041 1.399229
v 4.455796 2.497696 1.399229
v 4.455796 2.525351 1.399229
v 4.455796 2.553006 1.399229
v 4.455796 2.580661 1.399229
v 4.455796 2.608316 1.399229
v 4.455796 2.635972 1.399229
v 4.455796 2.663627 1.399229
v 4.523871 1.529766 1.271870
v 4.523871 1.557421 1.271870
v 4.523871 1.585076 1.271870
v 4.523871 1.612731 1.271870
v 4.523871 1.640387 1.271870
v 4.523871 1.668042 1.271870
v 4.523871 1.695697 1.271870
v 4.523871 1.723352 1.271870
v 4.523871 1.751007 1.271870
v 4.523871 1.778662 1.271870
v 4.523871 1.806318 1.271870
v 4.523871 1.833973 1.271870
v 4.523871 1.861628 1.271870
v 4.523871 1.889283 1.271870
v 4.523871 1.916938 1.271870
v 4.523871 1.944593 1.271870
v 4.523871 1.972249 1.271870
v 4.523871 1.999904 1.271870
v 4.523871 2.027559 1.271870
v 4.523871 2.055214 1.271870
v 4.523871 2.082869 1.271870
v 4.523871 2.110524 1.271870
v 4.523871 2.138179 1.271870
v 4.523871 2.165834 1.271870
v 4.523871 2.193490 1.271870
v 4.523871 2.221145 1.271870
v 4.523871 2.248800 1.271870
v 4.523871 2.276455 1.271870
v 4.523871 2.304110 1.271870
v 4.523871 2.331765 1.271870
v 4.523871 2.359420 1.271870
v 4.523871 2.387075 1.271870
v 4.523871 2.414731 1.271870
v 4.523871 2.442386 1.271870
v 4.523871 2.470041 1.271870
v 4.523871 2.497696 1.271870
v 4.523871 2.525351 1.271870
v 4.523871 2.553006 1.271870
v 4.523871 2.580661 1.271870
v 4.523871 2.608316 1.271870
v 4.523871 2.635972 1.271870
v 4.523871 2.663627 1.271870
v 4.455796 1.529766 1.251219
v 4.455796 1.557421 1.251219
v 4.455796 1.585076 1.251219
v 4.455796 1.612731 1.251219
v 4.455796 1.640387 1.251219
v 4.455796 1.668042 1.251219
v 4.455796 1.695697 1.251219
v 4.455796 1.723352 1.251219
v 4.455796 1.751007 1.251219
v 4.455796 1.778662 1.251219
v 4.455796 1.806318 1.251219
v 4.455796 1.833973 1.251219
v 4.455796 1.861628 1.251219
v 4.455796 1.889283 1.251219
v 4.455796 1.916938 1.251219
v 4.455796 1.944593 1.251219
v 4.455796 1.972249 1.251219
v 4.455796 1.999904 1.251219
v 4.455796 2.027559 1.251219
v 4.455796 2.055214 1.251219
v 4.455796 2.082869 1.251219
v 4.455796 2.110524 1.251219
v 4.455796 2.138179 1.251219
v 4.455796 2.165834 1.251219
v 4.455796 2.193490 1.251219
v 4.455796 2.221145 1.251219
v 4.455796 2.248800 1.251219
v 4.455796 2.276455 1.251219
v 4.455796 2.304110 1.251219
v 4.455796 2.331765 1.251219
v 4.455796 2.359420 1.251219
v 4.455796 2.387075 1.251219
v 4.455796 2.414731 1.251219
v 4.455796 2.442386 1.251219
v 4.455796 2.470041 1.251219
v 4.455796 2.497696 1.251219
v 4.455796 2.525351 1.251219
v 4.455796 2.553006 1.251219
v 4.455796 2.580661 1.251219
v 4.455796 2.608316 1.251219
v 4.455796 2.635972 1.251219
v 4.455796 2.663627 1.251219
v 4.441641 1.529766 1.394935
v 4.441641 1.557421 1.394935
v 4.441641 1.585076 1.394935
v 4.441641 1.612731 1.394935
v 4.441641 1.640387 1.394935
v 4.441641 1.668042 1.394935
v 4.441641 1.695697 1.394935
v 4.441641 1.723352 1.394935
v 4.441641 1.751007 1.394935
v 4.441641 1.778662 1.394935
v 4.441641 1.806318 1.394935
v 4.441641 1.833973 1.394935
v 4.441641 1.861628 1.394935
v 4.441641 1.889283 1.394935
v 4.441641 1.916938 1.394935
v 4.441641 1.944593 1.394935
v 4.441641 1.972249 1.394935
v 4.441641 1.999904 1.394935
v 4.441641 2.027559 1.394935
v 4.441641 2.055214 1.394935
v 4.441641 2.082869 1.394935
v 4.441641 2.110524 1.394935
v 4.441641 2.138179 1.394935
v 4.441641 2.165834 1.394935
v 4.441641 2.193490 1.394935
v 4.441641 2.221145 1.394935
v 4.441641 2.248800 1.394935
v 4.441641 2.276455 1.394935
v 4.441641 2.304110 1.394935
v 4.441641 2.331765 1.394935
v 4.441641 2.359420 1.394935
v 4.441641 2.387075 1.394935
v 4.441641 2.414731 1.394935
v 4.441641 2.442386 1.394935
v 4.441641 2.470041 1.394935
v 4.441641 2.497696 1.394935
v 4.441641 2.525351 1.394935
v 4.441641 2.553006 1.394935
v 4.441641 2.580661 1.394935
v 4.441641 2.608316 1.394935
v 4.441641 2.635972 1.394935
v 4.441641 2.663627 1.394935
v 4.533255 1.529766 1.283304
v 4.533255 1.557421 1.283304
v 4.533255 1.585076 1.283304
v 4.533255 1.612731 1.283304
v 4.533255 1.640387 1.283304
v 4.533255 1.668042 1.283304
v 4.533255 1.695697 1.283304
v 4.533255 1.723352 1.283304
v 4.533255 1.751007 1.283304
v 4.533255 1.778662 1.283304
v 4.533255 1.806318 1.283304
v 4.533255 1.833973 1.283304
v 4.533255 1.861628 1.283304
v 4.533255 1.889283 1.283304
v 4.533255 1.916938 1.283304
v 4.533255 1.944593 1.283304
v 4.533255 1.972249 1.283304
v 4.533255 1.999904 1.283304
v 4.533255 2.027559 1.283304
v 4.533255 2.055214 1.283304
v 4.533255 2.082869 1.283304
v 4.533255 2.110524 1.283304
v 4.533255 2.138179 1.283304
v 4.533255 2.165834 1.283304
v 4.533255 2.193490 1.283304
v 4.533255 2.221145 1.283304
v 4.533255 2.248800 1.283304
v 4.533255 2.276455 1.283304
v 4.533255 2.304110 1.283304
v 4.533255 2.331765 1.283304
v 4.533255 2.359420 1.283304
v 4.533255 2.387075 1.283304
v 4.533255 2.414731 1.283304
v 4.533255 2.442386 1.283304
v 4.533255 2.470041 1.283304
v 4.533255 2.497696 1.283304
v 4.533255 2.525351 1.283304
v 4.533255 2.553006 1.283304
v 4.533255 2.580661 1.283304
v 4.533255 2.608316 1.283304
v 4.533255 2.635972 1.283304
v 4.533255 2.663627 1.283304
v 4.428596 1.529766 1.387963
v 4.428596 1.557421 1.387963
v 4.428596 1.585076 1.387963
v 4.428596 1.612731 1.387963
v 4.428596 1.640387 1.387963
v 4.428596 1.668042 1.387963
v 4.428596 1.695697 1.387963
v 4.428596 1.723352 1.387963
v 4.428596 1.751007 1.387963
v 4.428596 1.778662 1.387963
v 4.428596 1.806318 1.387963
v 4.428596 1.833973 1.387963
v 4.428596 1.861628 1.387963
v 4.428596 1.889283 1.387963
v 4.428596 1.916938 1.387963
v 4.428596 1.944593 1.387963
v 4.428596 1.972249 1.387963
v 4.428596 1.999904 1.387963
v 4.428596 2.027559 1.387963
v 4.428596 2.055214 1.387963
v 4.428596 2.082869 1.387963
v 4.428596 2.110524 1.387963
v 4.428596 2.138179 1.387963
v 4.428596 2.165834 1.387963
v 4.428596 2.193490 1.387963
v 4.428596 2.221145 1.387963
v 4.428596 2.248800 1.387963
v 4.428596 2.276455 1.387963
v 4.428596 2.304110 1.387963
v 4.428596 2.331765 1.387963
v 4.428596 2.359420 1.387963
v 4.428596 2.387075 1.387963
v 4.428596 2.414731 1.387963
v 4.428596 2.442386 1.387963
v 4.428596 2.470041 1.387963
v 4.428596 2.497696 1.387963
v 4.428596 2.525351 1.387963
v 4.428596 2.553006 1.387963
v 4.428596 2.580661 1.387963
v 4.428596 2.608316 1.387963
v 4.428596 2.635972 1.387963
v 4.428596 2.663627 1.387963
v 4.540228 1.529766 1.296349
v 4.540228 1.557421 1.296349
v 4.540228 1.585076 1.296349
v 4.540228 1.612731 1.296349
v 4.540228 1.640387 1.296349
v 4.540228 1.668042 1.296349
v 4.540228 1.695697 1.296349
v 4.540228 1.723352 1.296349
v 4.540228 1.751007 1.296349
v 4.540228 1.778662 1.296349
v 4.540228 1.806318 1.296349
v 4.540228 1.833973 1.296349
v 4.540228 1.861628 1.296349
v 4.540228 1.889283 1.296349
v 4.540228 1.916938 1.296349
v 4.540228 1.944593 1.296349
v 4.540228 1.972249 1.296349
v 4.540228 1.999904 1.296349
v 4.540228 2.027559 1.296349
v 4.540228 2.055214 1.296349
v 4.540228 2.082869 1.296349
v 4.540228 2.110524 1.296349
v 4.540228 2.138179 1.296349
v 4.540228 2.165834 1.296349
v 4.540228 2.193490 1.296349
v 4.540228 2.221145 1.296349
v 4.540228 2.248800 1.296349
v 4.540228 2.276455 1.296349
v 4.540228 2.304110 1.296349
v 4.540228 2.331765 1.296349
v 4.540228 2.359420 1.296349
v 4.540228 2.387075 1.296349
v 4.540228 2.414731 1.296349
v 4.540228 2.442386 1.296349
v 4.540228 2.470041 1.296349
v 4.540228 2.497696 1.296349
v 4.540228 2.525351 1.296349
v 4.540228 2.553006 1.296349
v 4.540228 2.580661 1.296349
v 4.540228 2.608316 1.296349
v 4.540228 2.635972 1.296349
v 4.540228 2.663627 1.296349
v 4.417162 1.529766 1.378579
v 4.417162 1.557421 1.378579
v 4.417162 1.585076 1.378579
v 4.417162 1.612731 1.378579
v 4.417162 1.640387 1.378579
v 4.417162 1.668042 1.378579
v 4.417162 1.695697 1.378579
v 4.417162 1.723352 1.378579
v 4.417162 1.751007 1.378579
v 4.417162 1.778662 1.378579
v 4.417162 1.806318 1.378579
v 4.417162 1.833973 1.378579
v 4.417162 1.861628 1.378579
v 4.417162 1.889283 1.378579
v 4.417162 1.916938 1.378579
v 4.417162 1.944593 1.378579
v 4.417162 1.972249 1.378579
v 4.417162 1.999904 1.378579
v 4.417162 2.027559 1.378579
v 4.417162 2.055214 1.378579
v 4.417162 2.082869 1.378579
v 4.417162 2.110524 1.378579
v 4.417162 2.138179 1.378579
v 4.417162 2.165834 1.378579
v 4.417162 2.193490 1.378579
v 4.417162 2.221145 1.378579
v 4.417162 2.248800 1.378579
v 4.417162 2.276455 1.378579
v 4.417162 2.304110 1.378579
v 4.417162 2.331765 1.378579
v 4.417162 2.359420 1.378579
v 4.417162 2.387075 1.378579
v 4.417162 2.414731 1.378579
v 4.417162 2.442386 1.378579
v 4.417162 2.470041 1.378579
v 4.417162 2.497696 1.378579
v 4.417162 2.525351 1.378579
v 4.417162 2.553006 1.378579
v 4.417162 2.580661 1.378579
v 4.417162 2.608316 1.378579
v 4.417162 2.635972 1.378579
v 4.417162 2.663627 1.378579
v 4.544522 1.529766 1.310504
v 4.544522 1.557421 1.310504
v 4.544522 1.585076 1.310504
v 4.544522 1.612731 1.310504
v 4.544522 1.640387 1.310504
v 4.544522 1.668042 1.310504
v 4.544522 1.695697 1.310504
v 4.544522 1.723352 1.310504
v 4.544522 1.751007 1.310504
v 4.544522 1.778662 1.310504
v 4.544522 1.806318 1.310504
v 4.544522 1.833973 1.310504
v 4.544522 1.861628 1.310504
v 4.544522 1.889283 1.310504
v 4.544522 1.916938 1.310504
v 4.544522 1.944593 1.310504
v 4.544522 1.972249 1.310504
v 4.544522 1.999904 1.310504
v 4.544522 2.027559 1.310504
v 4.544522 2.055214 1.310504
v 4.544522 2.082869 1.310504
v 4.544522 2.110524 1.310504
v 4.544522 2.138179 1.310504
v 4.544522 2.165834 1.310504
v 4.544522 2.193490 1.310504
v 4.544522 2.221145 1.310504
v 4.544522 2.248800 1.310504
v 4.544522 2.276455 1.310504
v 4.544522 2.304110 1.310504
v 4.544522 2.331765 1.310504
v 4.544522 2.359420 1.310504
v 4.544522 2.387075 1.310504
v 4.544522 2.414731 1.310504
v 4.544522 2.442386 1.310504
v 4.544522 2.470041 1.310504
v 4.544522 2.497696 1.310504
v 4.544522 2.525351 1.310504
v 4.544522 2.553006 1.310504
v 4.544522 2.580661 1.310504
v 4.544522 2.608316 1.310504
v 4.544522 2.635972 1.310504
v 4.544522 2.663627 1.310504
v 4.407779 1.529766 1.367145
v 4.407779 1.557421 1.367145
v 4.407779 1.585076 1.367145
v 4.407779 1.612731 1.367145
v 4.407779 1.640387 1.367145
v 4.407779 1.668042 1.367145
v 4.407779 1.695697 1.367145
v 4.407779 1.723352 1.367145
v 4.407779 1.751007 1.367145
v 4.407779 1.778662 1.367145
v 4.407779 1.806318 1.367145
v 4.407779 1.833973 1.367145
v 4.407779 1.861628 1.367145
v 4.407779 1.889283 1.367145
v 4.407779 1.916938 1.367145
v 4.407779 1.944593 1.367145
v 4.407779 1.972249 1.367145
v 4.407779 1.999904 1.367145
v 4.407779 2.027559 1.367145
v 4.407779 2.055214 1.367145
v 4.407779 2.082869 1.367145
v 4.407779 2.110524 1.367145
v 4.407779 2.138179 1.367145
v 4.407779 2.165834 1.367145
v 4.407779 2.193490 1.367145
v 4.407779 2.221145 1.367145
v 4.407779 2.248800 1.367145
v 4.407779 2.276455 1.367145
v 4.407779 2.304110 1.367145
v 4.407779 2.331765 1.367145
v 4.407779 2.359420 1.367145
v 4.407779 2.387075 1.367145
v 4.407779 2.414731 1.367145
v 4.407779 2.442386 1.367145
v 4.407779 2.470041 1.367145
v 4.407779 2.497696 1.367145
v 4.407779 2.525351 1.367145
v 4.407779 2.553006 1.367145
v 4.407779 2.580661 1.367145
v 4.407779 2.608316 1.367145
v 4.407779 2.635972 1.367145
v 4.407779 2.663627 1.367145
v 4.545971 1.529766 1.325224
v 4.545971 1.557421 1.325224
v 4.545971 1.585076 1.325224
v 4.545971 1.612731 1.325224
v 4.545971 1.640387 1.325224
v 4.545971 1.668042 1.325224
v 4.545971 1.695697 1.325224
v 4.545971 1.723352 1.325224
v 4.545971 1.751007 1.325224
v 4.545971 1.778662 1.325224
v 4.545971 1.806318 1.325224
v 4.545971 1.833973 1.325224
v 4.545971 1.861628 1.325224
v 4.545971 1.889283 1.325224
v 4.545971 1.916938 1.325224
v 4.545971 1.944593 1.325224
v 4.545971 1.972249 1.325224
v 4.545971 1.999904 1.325224
v 4.545971 2.027559 1.325224
v 4.545971 2.055214 1.325224
v 4.545971 2.082869 1.325224
v 4.545971 2.110524 1.325224
v 4.545971 2.138179 1.325224
v 4.545971 2.165834 1.325224
v 4.545971 2.193490 1.325224
v 4.545971 2.221145 1.325224
v 4.545971 2.248800 1.325224
v 4.545971 2.276455 1.325224
v 4.545971 2.304110 1.325224
v 4.545971 2.331765 1.325224
v 4.545971 2.359420 1.325224
v 4.545971 2.387075 1.325224
v 4.545971 2.414731 1.325224
v 4.545971 2.442386 1.325224
v 4.545971 2.470041 1.325224
v 4.545971 2.497696 1.325224
v 4.545971 2.525351 1.325224
v 4.545971 2.553006 1.325224
v 4.545971 2.580661 1.325224
v 4.545971 2.608316 1.325224
v 4.545971 2.635972 1.325224
v 4.545971 2.663627 1.325224
v 4.400806 1.529766 1.354100
v 4.400806 1.557421 1.354100
v 4.400806 1.585076 1.354100
v 4.400806 1.612731 1.354100
v 4.400806 1.640387 1.354100
v 4.400806 1.668042 1.354100
v 4.400806 1.695697 1.354100
v 4.400806 1.723352 1.354100
v 4.400806 1.751007 1.354100
v 4.400806 1.778662 1.354100
v 4.400806 1.806318 1.354100
v 4.400806 1.833973 1.354100
v 4.400806 1.861628 1.354100
v 4.400806 1.889283 1.354100
v 4.400806 1.916938 1.354100
v 4.400806 1.944593 1.354100
v 4.400806 1.972249 1.354100
v 4.400806 1.999904 1.354100
v 4.400806 2.027559 1.354100
v 4.400806 2.055214 1.354100
v 4.400806 2.082869 1.354100
v 4.400806 2.110524 1.354100
v 4.400806 2.138179 1.354100
v 4.400806 2.165834 1.354100
v 4.400806 2.193490 1.354100
v 4.400806 2.221145 1.354100
v 4.400806 2.248800 1.354100
v 4.400806 2.276455 1.354100
v 4.400806 2.304110 1.354100
v 4.400806 2.331765 1.354100
v 4.400806 2.359420 1.354100
v 4.400806 2.387075 1.354100
v 4.400806 2.414731 1.354100
v 4.400806 2.442386 1.354100
v 4.400806 2.470041 1.354100
v 4.400806 2.497696 1.354100
v 4.400806 2.525351 1.354100
v 4.400806 2.553006 1.354100
v 4.400806 2.580661 1.354100
v 4.400806 2.608316 1.354100
v 4.400806 2.635972 1.354100
v 4.400806 2.663627 1.354100
v 4.544522 1.529766 1.339945
v 4.544522 1.557421 1.339945
v 4.544522 1.585076 1.339945
v 4.544522 1.612731 1.339945
v 4.544522 1.640387 1.339945
v 4.544522 1.668042 1.339945
v 4.544522 1.695697 1.339945
v 4.544522 1.723352 1.339945
v 4.544522 1.751007 1.339945
v 4.544522 1.778662 1.339945
v 4.544522 1.806318 1.339945
v 4.544522 1.833973 1.339945
v 4.544522 1.861628 1.339945
v 4.544522 1.889283 1.339945
v 4.544522 1.916938 1.339945
v 4.544522 1.944593 1.339945
v 4.544522 1.972249 1.339945
v 4.544522 1.999904 1.339945
v 4.544522 2.027559 1.339945
v 4.544522 2.055214 1.339945
v 4.544522 2.082869 1.339945
v 4.544522 2.110524 1.339945
v 4.544522 2.138179 1.339945
v 4.544522 2.165834 1.339945
v 4.544522 2.193490 1.339945
v 4.544522 2.221145 1.339945
v 4.544522 2.248800 1.339945
v 4.544522 2.276455 1.339945
v 4.544522 2.304110 1.339945
v 4.544522 2.331765 1.339945
v 4.544522 2.359420 1.339945
v 4.544522 2.387075 1.339945
v 4.544522 2.414731 1.339945
v 4.544522 2.442386 1.339945
v 4.544522 2.470041 1.339945
v 4.544522 2.497696 1.339945
v 4.544522 2.525351 1.339945
v 4.544522 2.553006 1.339945
v 4.544522 2.580661 1.339945
v 4.544522 2.608316 1.339945
v 4.544522 2.635972 1.339945
v 4.544522 2.663627 1.339945
v 4.396512 1.529766 1.339945
v 4.396512 1.557421 1.339945
v 4.396512 1.585076 1.339945
v 4.396512 1.612731 1.339945
v 4.396512 1.640387 1.339945
v 4.396512 1.668042 1.339945
v 4.396512 1.695697 1.339945
v 4.396512 1.723352 1.339945
v 4.396512 1.751007 1.339945
v 4.396512 1.778662 1.339945
v 4.396512 1.806318 1.339945
v 4.396512 1.833973 1.339945
v 4.396512 1.861628 1.339945
v 4.396512 1.889283 1.339945
v 4.396512 1.916938 1.339945
v 4.396512 1.944593 1.339945
v 4.396512 1.972249 1.339945
v 4.396512 1.999904 1.339945
v 4.396512 2.027559 1.339945
v 4.396512 2.055214 1.339945
v 4.396512 2.082869 1.339945
v 4.396512 2.110524 1.339945
v 4.396512 2.138179 1.339945
v 4.396512 2.165834 1.339945
v 4.396512 2.193490 1.339945
v 4.396512 2.221145 1.339945
v 4.396512 2.248800 1.339945
v 4.396512 2.276455 1.339945
v 4.396512 2.304110 1.339945
v 4.396512 2.331765 1.339945
v 4.396512 2.359420 1.339945
v 4.396512 2.387075 1.339945
v 4.396512 2.414731 1.339945
v 4.396512 2.442386 1.339945
v 4.396512 2.470041 1.339945
v 4.396512 2.497696 1.339945
v 4.396512 2.525351 1.339945
v 4.396512 2.553006 1.339945
v 4.396512 2.580661 1.339945
v 4.396512 2.608316 1.339945
v 4.396512 2.635972 1.339945
v 4.396512 2.663627 1.339945
v 4.540228 1.529766 1.354100
v 4.540228 1.557421 1.354100
v 4.540228 1.585076 1.354100
v 4.540228 1.612731 1.354100
v 4.540228 1.640387 1.354100
v 4.540228 1.668042 1.354100
v 4.540228 1.695697 1.354100
v 4.540228 1.723352 1.354100
v 4.540228 1.751007 1.354100
v 4.540228 1.778662 1.354100
v 4.540228 1.806318 1.354100
v 4.540228 1.833973 1.354100
v 4.540228 1.861628 1.354100
v 4.540228 1.889283 1.354100
v 4.540228 1.916938 1.354100
v 4.540228 1.944593 1.354100
v 4.540228 1.972249 1.354100
v 4.540228 1.999904 1.354100
v 4.540228 2.027559 1.354100
v 4.540228 2.055214 1.354100
v 4.540228 2.082869 1.354100
v 4.540228 2.110524 1.354100
v 4.540228 2.138179 1.354100
v 4.540228 2.165834 1.354100
v 4.540228 2.193490 1.354100
v 4.540228 2.221145 1.354100
v 4.540228 2.248800 1.354100
v 4.540228 2.276455 1.354100
v 4.540228 2.304110 1.354100
v 4.540228 2.331765 1.354100
v 4.540228 2.359420 1.354100
v 4.540228 2.387075 1.354100
v 4.540228 2.414731 1.354100
v 4.540228 2.442386 1.354100
v 4.540228 2.470041 1.354100
v 4.540228 2.497696 1.354100
v 4.540228 2.525351 1.354100
v 4.540228 2.553006 1.354100
v 4.540228 2.580661 1.354100
v 4.540228 2.608316 1.354100
v 4.540228 2.635972 1.354100
v 4.540228 2.663627 1.354100
v 4.395062 1.529766 1.325224
v 4.395062 1.557421 1.325224
v 4.395062 1.585076 1.325224
v 4.395062 1.612731 1.325224
v 4.395062 1.640387 1.325224
v 4.395062 1.668042 1.325224
v 4.395062 1.695697 1.325224
v 4.395062 1.723352 1.325224
v 4.395062 1.751007 1.325224
v 4.395062 1.778662 1.325224
v 4.395062 1.806318 1.325224
v 4.395062 1.833973 1.325224
v 4.395062 1.861628 1.325224
v 4.395062 1.889283 1.325224
v 4.395062 1.916938 1.325224
v 4.395062 1.944593 1.325224
v 4.395062 1.972249 1.325224
v 4.395062 1.999904 1.325224
v 4.395062 2.027559 1.325224
v 4.395062 2.055214 1.325224
v 4.395062 2.082869 1.325224
v 4.395062 2.110524 1.325224
v 4.395062 2.138179 1.325224
v 4.395062 2.165834 1.325224
v 4.395062 2.193490 1.325224
v 4.395062 2.221145 1.325224
v 4.395062 2.248800 1.325224
v 4.395062 2.276455 1.325224
v 4.395062 2.304110 1.325224
v 4.395062 2.331765 1.325224
v 4.395062 2.359420 1.325224
v 4.395062 2.387075 1.325224
v 4.395062 2.414731 1.325224
v 4.395062 2.442386 1.325224
v 4.395062 2.470041 1.325224
v 4.395062 2.497696 1.325224
v 4.395062 2.525351 1.325224
v 4.395062 2.553006 1.325224
v 4.395062 2.580661 1.325224
v 4.395062 2.608316 1.325224
v 4.395062 2.635972 1.325224
v 4.395062 2.663627 1.325224
v 4.495300 3.825794 1.200631
v 4.470517 3.825794 1.198190
v 4.519131 3.825794 1.207860
v 4.541093 3.825794 1.219599
v 4.560343 3.825794 1.235398
v 4.576142 3.825794 1.254648
v 4.587881 3.825794 1.276610
v 4.595110 3.825794 1.300441
v 4.597551 3.825794 1.325224
v 4.595110 3.825794 1.350007
v 4.587881 3.825794 1.373838
v 4.576142 3.825794 1.395801
v 4.560343 3.825794 1.415051
v 4.541093 3.825794 1.430849
v 4.519131 3.825794 1.442588
v 4.495300 3.825794 1.449817
v 4.470517 3.825794 1.452258
v 4.445734 3.825794 1.449817
v 4.421903 3.825794 1.442588
v 4.399940 3.825794 1.430849
v 4.380690 3.825794 1.415051
v 4.364892 3.825794 1.395801
v 4.353153 3.825794 1.373838
v 4.345924 3.825794 1.350007
v 4.343483 3.825794 1.325224
v 4.345924 3.825794 1.300441
v 4.353153 3.825794 1.276610
v 4.364892 3.825794 1.254648
v 4.380690 3.825794 1.235398
v 4.399940 3.825794 1.219599
v 4.421903 3.825794 1.207860
v 4.445734 3.825794 1.200631
v 4.495300 3.949403 1.200631
v 4.470517 3.949403 1.198190
v 4.519131 3.949403 1.207860
v 4.541093 3.949403 1.219599
v 4.560343 3.949403 1.235398
v 4.576142 3.949403 1.254648
v 4.587881 3.949403 1.276610
v 4.595110 3.949403 1.300441
v 4.597551 3.949403 1.325224
v 4.595110 3.949403 1.350007
v 4.587881 3.949403 1.373838
v 4.576142 3.949403 1.395801
v 4.560343 3.949403 1.415051
v 4.541093 3.949403 1.430849
v 4.519131 3.949403 1.442588
v 4.495300 3.949403 1.449817
v 4.470517 3.949403 1.452258
v 4.445734 3.949403 1.449817
v 4.421903 3.949403 1.442588
v 4.399940 3.949403 1.430849
v 4.380690 3.949403 1.415051
v 4.364892 3.949403 1.395801
v 4.353153 3.949403 1.373838
v 4.345924 3.949403 1.350007
v 4.343483 3.949403 1.325224
v 4.345924 3.949403 1.300441
v 4.353153 3.949403 1.276610
v 4.364892 3.949403 1.254648
v 4.380690 3.949403 1.235398
v 4.399940 3.949403 1.219599
v 4.421903 3.949403 1.207860
v 4.445734 3.949403 1.200631
v 4.495300 4.011645 1.200631
v 4.470517 4.011645 1.198190
v 4.519131 4.011645 1.207860
v 4.541093 4.011645 1.219599
v 4.560343 4.011645 1.235398
v 4.576142 4.011645 1.254648
v 4.587881 4.011645 1.276610
v 4.595110 4.011645 1.300441
v 4.597551 4.011645 1.325224
v 4.595110 4.011645 1.350007
v 4.587881 4.011645 1.373838
v 4.576142 4.011645 1.395801
v 4.560343 4.011645 1.415051
v 4.541093 4.011645 1.430849
v 4.519131 4.011645 1.442588
v 4.495300 4.011645 1.449817
v 4.470517 4.011645 1.452258
v 4.445734 4.011645 1.449817
v 4.421903 4.011645 1.442588
v 4.399940 4.011645 1.430849
v 4.380690 4.011645 1.415051
v 4.364892 4.011645 1.395801
v 4.353153 4.011645 1.373838
v 4.345924 4.011645 1.350007
v 4.343483 4.011645 1.325224
v 4.345924 4.011645 1.300441
v 4.353153 4.011645 1.276610
v 4.364892 4.011645 1.254648
v 4.380690 4.011645 1.235398
v 4.399940 4.011645 1.219599
v 4.421903 4.011645 1.207860
v 4.445734 4.011645 1.200631
v 4.495300 4.135254 1.200631
v 4.470517 4.135254 1.198190
v 4.519131 4.135254 1.207860
v 4.541093 4.135254 1.219599
v 4.560343 4.135254 1.235398
v 4.576142 4.135254 1.254648
v 4.587881 4.135254 1.276610
v 4.595110 4.135254 1.300441
v 4.597551 4.135254 1.325224
v 4.595110 4.135254 1.350007
v 4.587881 4.135254 1.373838
v 4.576142 4.135254 1.395801
v 4.560343 4.135254 1.415051
v 4.541093 4.135254 1.430849
v 4.519131 4.135254 1.442588
v 4.495300 4.135254 1.449817
v 4.470517 4.135254 1.452258
v 4.445734 4.135254 1.449817
v 4.421903 4.135254 1.442588
v 4.399940 4.135254 1.430849
v 4.380690 4.135254 1.415051
v 4.364892 4.135254 1.395801
v 4.353153 4.135254 1.373838
v 4.345924 4.135254 1.350007
v 4.343483 4.135254 1.325224
v 4.345924 4.135254 1.300441
v 4.353153 4.135254 1.276610
v 4.364892 4.135254 1.254648
v 4.380690 4.135254 1.235398
v 4.399940 4.135254 1.219599
v 4.421903 4.135254 1.207860
v 4.445734 4.135254 1.200631
v 4.499691 3.825794 1.178555
v 4.470517 3.825794 1.175682
v 4.527744 3.825794 1.187065
v 4.553598 3.825794 1.200885
v 4.576259 3.825794 1.219482
v 4.594857 3.825794 1.242143
v 4.608676 3.825794 1.267997
v 4.617186 3.825794 1.296050
v 4.620059 3.825794 1.325224
v 4.617186 3.825794 1.354399
v 4.608676 3.825794 1.382452
v 4.594857 3.825794 1.408306
v 4.576259 3.825794 1.430967
v 4.553598 3.825794 1.449564
v 4.527744 3.825794 1.463383
v 4.499691 3.825794 1.471893
v 4.470517 3.825794 1.474767
v 4.441342 3.825794 1.471893
v 4.413290 3.825794 1.463383
v 4.387435 3.825794 1.449564
v 4.364774 3.825794 1.430967
v 4.346177 3.825794 1.408306
v 4.332358 3.825794 1.382452
v 4.323848 3.825794 1.354399
v 4.320974 3.825794 1.325224
v 4.323848 3.825794 1.296050
v 4.332358 3.825794 1.267997
v 4.346177 3.825794 1.242143
v 4.364775 3.825794 1.219482
v 4.387435 3.825794 1.200885
v 4.413290 3.825794 1.187065
v 4.441342 3.825794 1.178555
v 4.499691 3.949403 1.178555
v 4.470517 3.949403 1.175682
v 4.527744 3.949403 1.187065
v 4.553598 3.949403 1.200885
v 4.576259 3.949403 1.219482
v 4.594857 3.949403 1.242143
v 4.608676 3.949403 1.267997
v 4.617186 3.949403 1.296050
v 4.620059 3.949403 1.325224
v 4.617186 3.949403 1.354399
v 4.608676 3.949403 1.382452
v 4.594857 3.949403 1.408306
v 4.576259 3.949403 1.430967
v 4.553598 3.949403 1.449564
v 4.527744 3.949403 1.463383
v 4.499691 3.949403 1.471893
v 4.470517 3.949403 1.474767
v 4.441342 3.949403 1.471893
v 4.413290 3.949403 1.463383
v 4.387435 3.949403 1.449564
v 4.364774 3.949403 1.430967
v 4.346177 3.949403 1.408306
v 4.332358 3.949403 1.382452
v 4.323848 3.949403 1.354399
v 4.320974 3.949403 1.325224
v 4.323848 3.949403 1.296050
v 4.332358 3.949403 1.267997
v 4.346177 3.949403 1.242143
v 4.364775 3.949403 1.219482
v 4.387435 3.949403 1.200885
v 4.413290 3.949403 1.187065
v 4.441342 3.949403 1.178555
v 4.499691 4.011645 1.178555
v 4.470517 4.011645 1.175682
v 4.527744 4.011645 1.187065
v 4.553598 4.011645 1.200885
v 4.576259 4.011645 1.219482
v 4.594857 4.011645 1.242143
v 4.608676 4.011645 1.267997
v 4.617186 4.011645 1.296050
v 4.620059 4.011645 1.325224
v 4.617186 4.011645 1.354399
v 4.608676 4.011645 1.382452
v 4.594857 4.011645 1.408306
v 4.576259 4.011645 1.430967
v 4.553598 4.011645 1.449564
v 4.527744 4.011645 1.463383
v 4.499691 4.011645 1.471893
v 4.470517 4.011645 1.474767
v 4.441342 4.011645 1.471893
v 4.413290 4.011645 1.463383
v 4.387435 4.011645 1.449564
v 4.364774 4.011645 1.430967
v 4.346177 4.011645 1.408306
v 4.332358 4.011645 1.382452
v 4.323848 4.011645 1.354399
v 4.320974 4.011645 1.325224
v 4.323848 4.011645 1.296050
v 4.332358 4.011645 1.267997
v 4.346177 4.011645 1.242143
v 4.364775 4.011645 1.219482
v 4.387435 4.011645 1.200885
v 4.413290 4.011645 1.187065
v 4.441342 4.011645 1.178555
v 4.499691 4.135254 1.178555
v 4.470517 4.135254 1.175682
v 4.527744 4.135254 1.187065
v 4.553598 4.135254 1.200885
v 4.576259 4.135254 1.219482
v 4.594857 4.135254 1.242143
v 4.608676 4.135254 1.267997
v 4.617186 4.135254 1.296050
v 4.620059 4.135254 1.325224
v 4.617186 4.135254 1.354399
v 4.608676 4.135254 1.382452
v 4.594857 4.135254 1.408306
v 4.576259 4.135254 1.430967
v 4.553598 4.135254 1.449564
v 4.527744 4.135254 1.463383
v 4.499691 4.135254 1.471893
v 4.470517 4.135254 1.474767
v 4.441342 4.135254 1.471893
v 4.413290 4.135254 1.463383
v 4.387435 4.135254 1.449564
v 4.364775 4.135254 1.430967
v 4.346177 4.135254 1.408306
v 4.332358 4.135254 1.382452
v 4.323848 4.135254 1.354399
v 4.320974 4.135254 1.325224
v 4.323848 4.135254 1.296050
v 4.332358 4.135254 1.267997
v 4.346177 4.135254 1.242143
v 4.364775 4.135254 1.219482
v 4.387435 4.135254 1.200885
v 4.413290 4.135254 1.187065
v 4.441342 4.135254 1.178555
v 4.516542 2.694693 1.371250
v 4.516542 2.725759 1.371250
v 4.516542 2.756824 1.371250
v 4.516542 2.787890 1.371250
v 4.516542 2.818956 1.371250
v 4.516542 2.850022 1.371250
v 4.516542 2.881088 1.371250
v 4.516542 2.912154 1.371250
v 4.516542 2.943220 1.371250
v 4.516542 2.974286 1.371250
v 4.516542 3.005352 1.371250
v 4.410381 2.694693 1.300315
v 4.410381 2.725759 1.300315
v 4.410381 2.756824 1.300315
v 4.410381 2.787890 1.300315
v 4.410381 2.818956 1.300315
v 4.410381 2.850022 1.300315
v 4.410381 2.881088 1.300315
v 4.410381 2.912154 1.300315
v 4.410381 2.943220 1.300315
v 4.410381 2.974286 1.300315
v 4.410381 3.005352 1.300315
v 4.506679 2.694693 1.379345
v 4.506679 2.725759 1.379345
v 4.506679 2.756824 1.379345
v 4.506679 2.787890 1.379345
v 4.506679 2.818956 1.379345
v 4.506679 2.850022 1.379345
v 4.506679 2.881088 1.379345
v 4.506679 2.912154 1.379345
v 4.506679 2.943220 1.379345
v 4.506679 2.974286 1.379345
v 4.506679 3.005352 1.379345
v 4.416396 2.694693 1.289062
v 4.416396 2.725759 1.289062
v 4.416396 2.756824 1.289062
v 4.416396 2.787890 1.289062
v 4.416396 2.818956 1.289062
v 4.416396 2.850022 1.289062
v 4.416396 2.881088 1.289062
v 4.416396 2.912154 1.289062
v 4.416396 2.943220 1.289062
v 4.416396 2.974286 1.289062
v 4.416396 3.005352 1.289062
v 4.495426 2.694693 1.385360
v 4.495426 2.725759 1.385360
v 4.495426 2.756824 1.385360
v 4.495426 2.787890 1.385360
v 4.495426 2.818956 1.385360
v 4.495426 2.850022 1.385360
v 4.495426 2.881088 1.385360
v 4.495426 2.912154 1.385360
v 4.495426 2.943220 1.385360
v 4.495426 2.974286 1.385360
v 4.495426 3.005352 1.385360
v 4.483215 2.694693 1.261384
v 4.483215 2.725759 1.261384
v 4.483215 2.756824 1.261384
v 4.483215 2.787890 1.261384
v 4.483215 2.818956 1.261384
v 4.483215 2.850022 1.261384
v 4.483215 2.881088 1.261384
v 4.483215 2.912154 1.261384
v 4.483215 2.943220 1.261384
v 4.483215 2.974286 1.261384
v 4.483215 3.005352 1.261384
v 4.424491 2.694693 1.279198
v 4.424491 2.725759 1.279198
v 4.424491 2.756824 1.279198
v 4.424491 2.787890 1.279198
v 4.424491 2.818956 1.279198
v 4.424491 2.850022 1.279198
v 4.424491 2.881088 1.279198
v 4.424491 2.912154 1.279198
v 4.424491 2.943220 1.279198
v 4.424491 2.974286 1.279198
v 4.424491 3.005352 1.279198
v 4.483215 2.694693 1.389064
v 4.483215 2.725759 1.389064
v 4.483215 2.756824 1.389064
v 4.483215 2.787890 1.389064
v 4.483215 2.818956 1.389064
v 4.483215 2.850022 1.389064
v 4.483215 2.881088 1.389064
v 4.483215 2.912154 1.389064
v 4.483215 2.943220 1.389064
v 4.483215 2.974286 1.389064
v 4.483215 3.005352 1.389064
v 4.495426 2.694693 1.265089
v 4.495426 2.725759 1.265089
v 4.495426 2.756824 1.265089
v 4.495426 2.787890 1.265089
v 4.495426 2.818956 1.265089
v 4.495426 2.850022 1.265089
v 4.495426 2.881088 1.265089
v 4.495426 2.912154 1.265089
v 4.495426 2.943220 1.265089
v 4.495426 2.974286 1.265089
v 4.495426 3.005352 1.265089
v 4.434354 2.694693 1.271104
v 4.434354 2.725759 1.271104
v 4.434354 2.756824 1.271104
v 4.434354 2.787890 1.271104
v 4.434354 2.818956 1.271104
v 4.434354 2.850022 1.271104
v 4.434354 2.881088 1.271104
v 4.434354 2.912154 1.271104
v 4.434354 2.943220 1.271104
v 4.434354 2.974286 1.271104
v 4.434354 3.005352 1.271104
v 4.470517 2.694693 1.390315
v 4.470517 2.725759 1.390315
v 4.470517 2.756824 1.390315
v 4.470517 2.787890 1.390315
v 4.470517 2.818956 1.390315
v 4.470517 2.850022 1.390315
v 4.470517 2.881088 1.390315
v 4.470517 2.912154 1.390315
v 4.470517 2.943220 1.390315
v 4.470517 2.974286 1.390315
v 4.470517 3.005352 1.390315
v 4.506679 2.694693 1.271104
v 4.506679 2.725759 1.271104
v 4.506679 2.756824 1.271104
v 4.506679 2.787890 1.271104
v 4.506679 2.818956 1.271104
v 4.506679 2.850022 1.271104
v 4.506679 2.881088 1.271104
v 4.506679 2.912154 1.271104
v 4.506679 2.943220 1.271104
v 4.506679 2.974286 1.271104
v 4.506679 3.005352 1.271104
v 4.445608 2.694693 1.265089
v 4.445608 2.725759 1.265089
v 4.445608 2.756824 1.265089
v 4.445608 2.787890 1.265089
v 4.445608 2.818956 1.265089
v 4.445608 2.850022 1.265089
v 4.445608 2.881088 1.265089
v 4.445608 2.912154 1.265089
v 4.445608 2.943220 1.265089
v 4.445608 2.974286 1.265089
v 4.445608 3.005352 1.265089
v 4.457818 2.694693 1.389064
v 4.457818 2.725759 1.389064
v 4.457818 2.756824 1.389064
v 4.457818 2.787890 1.389064
v 4.457818 2.818956 1.389064
v 4.457818 2.850022 1.389064
v 4.457818 2.881088 1.389064
v 4.457818 2.912154 1.389064
v 4.457818 2.943220 1.389064
v 4.457818 2.974286 1.389064
v 4.457818 3.005352 1.389064
v 4.516542 2.694693 1.279198
v 4.516542 2.725759 1.279198
v 4.516542 2.756824 1.279198
v 4.516542 2.787890 1.279198
v 4.516542 2.818956 1.279198
v 4.516542 2.850022 1.279198
v 4.516542 2.881088 1.279198
v 4.516542 2.912154 1.279198
v 4.516542 2.943220 1.279198
v 4.516542 2.974286 1.279198
v 4.516542 3.005352 1.279198
v 4.457818 2.694693 1.261384
v 4.457818 2.725759 1.261384
v 4.457818 2.756824 1.261384
v 4.457818 2.787890 1.261384
v 4.457818 2.818956 1.261384
v 4.457818 2.850022 1.261384
v 4.457818 2.881088 1.261384
v 4.457818 2.912154 1.261384
v 4.457818 2.943220 1.261384
v 4.457818 2.974286 1.261384
v 4.457818 3.005352 1.261384
v 4.445608 2.694693 1.385360
v 4.445608 2.725759 1.385360
v 4.445608 2.756824 1.385360
v 4.445608 2.787890 1.385360
v 4.445608 2.818956 1.385360
v 4.445608 2.850022 1.385360
v 4.445608 2.881088 1.385360
v 4.445608 2.912154 1.385360
v 4.445608 2.943220 1.385360
v 4.445608 2.974286 1.385360
v 4.445608 3.005352 1.385360
v 4.524638 2.694693 1.289062
v 4.524638 2.725759 1.289062
v 4.524638 2.756824 1.289062
v 4.524638 2.787890 1.289062
v 4.524638 2.818956 1.289062
v 4.524638 2.850022 1.289062
v 4.524638 2.881088 1.289062
v 4.524638 2.912154 1.289062
v 4.524638 2.943220 1.289062
v 4.524638 2.974286 1.289062
v 4.524638 3.005352 1.289062
v 4.434354 2.694693 1.379345
v 4.434354 2.725759 1.379345
v 4.434354 2.756824 1.379345
v 4.434354 2.787890 1.379345
v 4.434354 2.818956 1.379345
v 4.434354 2.850022 1.379345
v 4.434354 2.881088 1.379345
v 4.434354 2.912154 1.379345
v 4.434354 2.943220 1.379345
v 4.434354 2.974286 1.379345
v 4.434354 3.005352 1.379345
v 4.530653 2.694693 1.300315
v 4.530653 2.725759 1.300315
v 4.530653 2.756824 1.300315
v 4.530653 2.787890 1.300315
v 4.530653 2.818956 1.300315
v 4.530653 2.850022 1.300315
v 4.530653 2.881088 1.300315
v 4.530653 2.912154 1.300315
v 4.530653 2.943220 1.300315
v 4.530653 2.974286 1.300315
v 4.530653 3.005352 1.300315
v 4.424491 2.694693 1.371250
v 4.424491 2.725759 1.371250
v 4.424491 2.756824 1.371250
v 4.424491 2.787890 1.371250
v 4.424491 2.818956 1.371250
v 4.424491 2.850022 1.371250
v 4.424491 2.881088 1.371250
v 4.424491 2.912154 1.371250
v 4.424491 2.943220 1.371250
v 4.424491 2.974286 1.371250
v 4.424491 3.005352 1.371250
v 4.534357 2.694693 1.312526
v 4.534357 2.725759 1.312526
v 4.534357 2.756824 1.312526
v 4.534357 2.787890 1.312526
v 4.534357 2.818956 1.312526
v 4.534357 2.850022 1.312526
v 4.534357 2.881088 1.312526
v 4.534357 2.912154 1.312526
v 4.534357 2.943220 1.312526
v 4.534357 2.974286 1.312526
v 4.534357 3.005352 1.312526
v 4.416396 2.694693 1.361387
v 4.416396 2.725759 1.361387
v 4.416396 2.756824 1.361387
v 4.416396 2.787890 1.361387
v 4.416396 2.818956 1.361387
v 4.416396 2.850022 1.361387
v 4.416396 2.881088 1.361387
v 4.416396 2.912154 1.361387
v 4.416396 2.943220 1.361387
v 4.416396 2.974286 1.361387
v 4.416396 3.005352 1.361387
v 4.535607 2.694693 1.325224
v 4.535607 2.725759 1.325224
v 4.535607 2.756824 1.325224
v 4.535607 2.787890 1.325224
v 4.535607 2.818956 1.325224
v 4.535607 2.850022 1.325224
v 4.535607 2.881088 1.325224
v 4.535607 2.912154 1.325224
v 4.535607 2.943220 1.325224
v 4.535607 2.974286 1.325224
v 4.535607 3.005352 1.325224
v 4.410381 2.694693 1.350133
v 4.410381 2.725759 1.350133
v 4.410381 2.756824 1.350133
v 4.410381 2.787890 1.350133
v 4.410381 2.818956 1.350133
v 4.410381 2.850022 1.350133
v 4.410381 2.881088 1.350133
v 4.410381 2.912154 1.350133
v 4.410381 2.943220 1.350133
v 4.410381 2.974286 1.350133
v 4.410381 3.005352 1.350133
v 4.534357 2.694693 1.337923
v 4.534357 2.725759 1.337923
v 4.534357 2.756824 1.337923
v 4.534357 2.787890 1.337923
v 4.534357 2.818956 1.337923
v 4.534357 2.850022 1.337923
v 4.534357 2.881088 1.337923
v 4.534357 2.912154 1.337923
v 4.534357 2.943220 1.337923
v 4.534357 2.974286 1.337923
v 4.534357 3.005352 1.337923
v 4.406677 2.694693 1.337923
v 4.406677 2.725759 1.337923
v 4.406677 2.756824 1.337923
v 4.406677 2.787890 1.337923
v 4.406677 2.818956 1.337923
v 4.406677 2.850022 1.337923
v 4.406677 2.881088 1.337923
v 4.406677 2.912154 1.337923
v 4.406677 2.943220 1.337923
v 4.406677 2.974286 1.337923
v 4.406677 3.005352 1.337923
v 4.530653 2.694693 1.350133
v 4.530653 2.725759 1.350133
v 4.530653 2.756824 1.350133
v 4.530653 2.787890 1.350133
v 4.530653 2.818956 1.350133
v 4.530653 2.850022 1.350133
v 4.530653 2.881088 1.350133
v 4.530653 2.912154 1.350133
v 4.530653 2.943220 1.350133
v 4.530653 2.974286 1.350133
v 4.530653 3.005352 1.350133
v 4.405427 2.694693 1.325224
v 4.405427 2.725759 1.325224
v 4.405427 2.756824 1.325224
v 4.405427 2.787890 1.325224
v 4.405427 2.818956 1.325224
v 4.405427 2.850022 1.325224
v 4.405427 2.881088 1.325224
v 4.405427 2.912154 1.325224
v 4.405427 2.943220 1.325224
v 4.405427 2.974286 1.325224
v 4.405427 3.005352 1.325224
v 4.524638 3.005352 1.361387
v 4.524638 2.974286 1.361387
v 4.524638 2.943220 1.361387
v 4.524638 2.912154 1.361387
v 4.524638 2.881088 1.361387
v 4.524638 2.850022 1.361387
v 4.524638 2.818956 1.361387
v 4.524638 2.787890 1.361387
v 4.524638 2.756824 1.361387
v 4.524638 2.725759 1.361387
v 4.524638 2.694693 1.361387
v 4.406677 3.005352 1.312526
v 4.406677 2.974286 1.312526
v 4.406677 2.943220 1.312526
v 4.406677 2.912154 1.312526
v 4.406677 2.881088 1.312526
v 4.406677 2.850022 1.312526
v 4.406677 2.818956 1.312526
v 4.406677 2.787890 1.312526
v 4.406677 2.756824 1.312526
v 4.406677 2.725759 1.312526
v 4.406677 2.694693 1.312526
v 4.470517 3.005352 1.260134
v 4.470517 2.974286 1.260134
v 4.470517 2.943220 1.260134
v 4.470517 2.912154 1.260134
v 4.470517 2.881088 1.260134
v 4.470517 2.850022 1.260134
v 4.470517 2.818956 1.260134
v 4.470517 2.787890 1.260134
v 4.470517 2.756824 1.260134
v 4.470517 2.725759 1.260134
v 4.470517 2.694693 1.260134
v 4.524500 2.694693 1.379208
v 4.524500 2.725759 1.379208
v 4.524500 2.756824 1.379208
v 4.524500 2.787890 1.379208
v 4.524500 2.818956 1.379208
v 4.524500 2.850022 1.379208
v 4.524500 2.881088 1.379208
v 4.524500 2.912154 1.379208
v 4.524500 2.943220 1.379208
v 4.524500 2.974286 1.379208
v 4.524500 3.005352 1.379208
v 4.399983 2.694693 1.296008
v 4.399983 2.725759 1.296008
v 4.399983 2.756824 1.296008
v 4.399983 2.787890 1.296008
v 4.399983 2.818956 1.296008
v 4.399983 2.850022 1.296008
v 4.399983 2.881088 1.296008
v 4.399983 2.912154 1.296008
v 4.399983 2.943220 1.296008
v 4.399983 2.974286 1.296008
v 4.399983 3.005352 1.296008
v 4.512931 2.694693 1.388702
v 4.512931 2.725759 1.388702
v 4.512931 2.756824 1.388702
v 4.512931 2.787890 1.388702
v 4.512931 2.818956 1.388702
v 4.512931 2.850022 1.388702
v 4.512931 2.881088 1.388702
v 4.512931 2.912154 1.388702
v 4.512931 2.943220 1.388702
v 4.512931 2.974286 1.388702
v 4.512931 3.005352 1.388702
v 4.407039 2.694693 1.282809
v 4.407039 2.725759 1.282809
v 4.407039 2.756824 1.282809
v 4.407039 2.787890 1.282809
v 4.407039 2.818956 1.282809
v 4.407039 2.850022 1.282809
v 4.407039 2.881088 1.282809
v 4.407039 2.912154 1.282809
v 4.407039 2.943220 1.282809
v 4.407039 2.974286 1.282809
v 4.407039 3.005352 1.282809
v 4.499732 2.694693 1.395757
v 4.499732 2.725759 1.395757
v 4.499732 2.756824 1.395757
v 4.499732 2.787890 1.395757
v 4.499732 2.818956 1.395757
v 4.499732 2.850022 1.395757
v 4.499732 2.881088 1.395757
v 4.499732 2.912154 1.395757
v 4.499732 2.943220 1.395757
v 4.499732 2.974286 1.395757
v 4.499732 3.005352 1.395757
v 4.485411 2.694693 1.250347
v 4.485411 2.725759 1.250347
v 4.485411 2.756824 1.250347
v 4.485411 2.787890 1.250347
v 4.485411 2.818956 1.250347
v 4.485411 2.850022 1.250347
v 4.485411 2.881088 1.250347
v 4.485411 2.912154 1.250347
v 4.485411 2.943220 1.250347
v 4.485411 2.974286 1.250347
v 4.485411 3.005352 1.250347
v 4.416533 2.694693 1.271240
v 4.416533 2.725759 1.271240
v 4.416533 2.756824 1.271240
v 4.416533 2.787890 1.271240
v 4.416533 2.818956 1.271240
v 4.416533 2.850022 1.271240
v 4.416533 2.881088 1.271240
v 4.416533 2.912154 1.271240
v 4.416533 2.943220 1.271240
v 4.416533 2.974286 1.271240
v 4.416533 3.005352 1.271240
v 4.485411 2.694693 1.400102
v 4.485411 2.725759 1.400102
v 4.485411 2.756824 1.400102
v 4.485411 2.787890 1.400102
v 4.485411 2.818956 1.400102
v 4.485411 2.850022 1.400102
v 4.485411 2.881088 1.400102
v 4.485411 2.912154 1.400102
v 4.485411 2.943220 1.400102
v 4.485411 2.974286 1.400102
v 4.485411 3.005352 1.400102
v 4.499732 2.694693 1.254691
v 4.499732 2.725759 1.254691
v 4.499732 2.756824 1.254691
v 4.499732 2.787890 1.254691
v 4.499732 2.818956 1.254691
v 4.499732 2.850022 1.254691
v 4.499732 2.881088 1.254691
v 4.499732 2.912154 1.254691
v 4.499732 2.943220 1.254691
v 4.499732 2.974286 1.254691
v 4.499732 3.005352 1.254691
v 4.428102 2.694693 1.261746
v 4.428102 2.725759 1.261746
v 4.428102 2.756824 1.261746
v 4.428102 2.787890 1.261746
v 4.428102 2.818956 1.261746
v 4.428102 2.850022 1.261746
v 4.428102 2.881088 1.261746
v 4.428102 2.912154 1.261746
v 4.428102 2.943220 1.261746
v 4.428102 2.974286 1.261746
v 4.428102 3.005352 1.261746
v 4.470517 2.694693 1.401569
v 4.470517 2.725759 1.401569
v 4.470517 2.756824 1.401569
v 4.470517 2.787890 1.401569
v 4.470517 2.818956 1.401569
v 4.470517 2.850022 1.401569
v 4.470517 2.881088 1.401569
v 4.470517 2.912154 1.401569
v 4.470517 2.943220 1.401569
v 4.470517 2.974286 1.401569
v 4.470517 3.005352 1.401569
v 4.512931 2.694693 1.261746
v 4.512931 2.725759 1.261746
v 4.512931 2.756824 1.261746
v 4.512931 2.787890 1.261746
v 4.512931 2.818956 1.261746
v 4.512931 2.850022 1.261746
v 4.512931 2.881088 1.261746
v 4.512931 2.912154 1.261746
v 4.512931 2.943220 1.261746
v 4.512931 2.974286 1.261746
v 4.512931 3.005352 1.261746
v 4.441301 2.694693 1.254691
v 4.441301 2.725759 1.254691
v 4.441301 2.756824 1.254691
v 4.441301 2.787890 1.254691
v 4.441301 2.818956 1.254691
v 4.441301 2.850022 1.254691
v 4.441301 2.881088 1.254691
v 4.441301 2.912154 1.254691
v 4.441301 2.943220 1.254691
v 4.441301 2.974286 1.254691
v 4.441301 3.005352 1.254691
v 4.455623 2.694693 1.400102
v 4.455623 2.725759 1.400102
v 4.455623 2.756824 1.400102
v 4.455623 2.787890 1.400102
v 4.455623 2.818956 1.400102
v 4.455623 2.850022 1.400102
v 4.455623 2.881088 1.400102
v 4.455623 2.912154 1.400102
v 4.455623 2.943220 1.400102
v 4.455623 2.974286 1.400102
v 4.455623 3.005352 1.400102
v 4.524500 2.694693 1.271240
v 4.524500 2.725759 1.271240
v 4.524500 2.756824 1.271240
v 4.524500 2.787890 1.271240
v 4.524500 2.818956 1.271240
v 4.524500 2.850022 1.271240
v 4.524500 2.881088 1.271240
v 4.524500 2.912154 1.271240
v 4.524500 2.943220 1.271240
v 4.524500 2.974286 1.271240
v 4.524500 3.005352 1.271240
v 4.455623 2.694693 1.250347
v 4.455623 2.725759 1.250347
v 4.455623 2.756824 1.250347
v 4.455623 2.787890 1.250347
v 4.455623 2.818956 1.250347
v 4.455623 2.850022 1.250347
v 4.455623 2.881088 1.250347
v 4.455623 2.912154 1.250347
v 4.455623 2.943220 1.250347
v 4.455623 2.974286 1.250347
v 4.455623 3.005352 1.250347
v 4.441301 2.694693 1.395757
v 4.441301 2.725759 1.395757
v 4.441301 2.756824 1.395757
v 4.441301 2.787890 1.395757
v 4.441301 2.818956 1.395757
v 4.441301 2.850022 1.395757
v 4.441301 2.881088 1.395757
v 4.441301 2.912154 1.395757
v 4.441301 2.943220 1.395757
v 4.441301 2.974286 1.395757
v 4.441301 3.005352 1.395757
v 4.533995 2.694693 1.282809
v 4.533995 2.725759 1.282809
v 4.533995 2.756824 1.282809
v 4.533995 2.787890 1.282809
v 4.533995 2.818956 1.282809
v 4.533995 2.850022 1.282809
v 4.533995 2.881088 1.282809
v 4.533995 2.912154 1.282809
v 4.533995 2.943220 1.282809
v 4.533995 2.974286 1.282809
v 4.533995 3.005352 1.282809
v 4.428102 2.694693 1.388702
v 4.428102 2.725759 1.388702
v 4.428102 2.756824 1.388702
v 4.428102 2.787890 1.388702
v 4.428102 2.818956 1.388702
v 4.428102 2.850022 1.388702
v 4.428102 2.881088 1.388702
v 4.428102 2.912154 1.388702
v 4.428102 2.943220 1.388702
v 4.428102 2.974286 1.388702
v 4.428102 3.005352 1.388702
v 4.541050 2.694693 1.296008
v 4.541050 2.725759 1.296008
v 4.541050 2.756824 1.296008
v 4.541050 2.787890 1.296008
v 4.541050 2.818956 1.296008
v 4.541050 2.850022 1.296008
v 4.541050 2.881088 1.296008
v 4.541050 2.912154 1.296008
v 4.541050 2.943220 1.296008
v 4.541050 2.974286 1.296008
v 4.541050 3.005352 1.296008
v 4.416533 2.694693 1.379208
v 4.416533 2.725759 1.379208
v 4.416533 2.756824 1.379208
v 4.416533 2.787890 1.379208
v 4.416533 2.818956 1.379208
v 4.416533 2.850022 1.379208
v 4.416533 2.881088 1.379208
v 4.416533 2.912154 1.379208
v 4.416533 2.943220 1.379208
v 4.416533 2.974286 1.379208
v 4.416533 3.005352 1.379208
v 4.545394 2.694693 1.310330
v 4.545394 2.725759 1.310330
v 4.545394 2.756824 1.310330
v 4.545394 2.787890 1.310330
v 4.545394 2.818956 1.310330
v 4.545394 2.850022 1.310330
v 4.545394 2.881088 1.310330
v 4.545394 2.912154 1.310330
v 4.545394 2.943220 1.310330
v 4.545394 2.974286 1.310330
v 4.545394 3.005352 1.310330
v 4.407039 2.694693 1.367639
v 4.407039 2.725759 1.367639
v 4.407039 2.756824 1.367639
v 4.407039 2.787890 1.367639
v 4.407039 2.818956 1.367639
v 4.407039 2.850022 1.367639
v 4.407039 2.881088 1.367639
v 4.407039 2.912154 1.367639
v 4.407039 2.943220 1.367639
v 4.407039 2.974286 1.367639
v 4.407039 3.005352 1.367639
v 4.546861 2.694693 1.325224
v 4.546861 2.725759 1.325224
v 4.546861 2.756824 1.325224
v 4.546861 2.787890 1.325224
v 4.546861 2.818956 1.325224
v 4.546861 2.850022 1.325224
v 4.546861 2.881088 1.325224
v 4.546861 2.912154 1.325224
v 4.546861 2.943220 1.325224
v 4.546861 2.974286 1.325224
v 4.546861 3.005352 1.325224
v 4.399983 2.694693 1.354440
v 4.399983 2.725759 1.354440
v 4.399983 2.756824 1.354440
v 4.399983 2.787890 1.354440
v 4.399983 2.818956 1.354440
v 4.399983 2.850022 1.354440
v 4.399983 2.881088 1.354440
v 4.399983 2.912154 1.354440
v 4.399983 2.943220 1.354440
v 4.399983 2.974286 1.354440
v 4.399983 3.005352 1.354440
v 4.545394 2.694693 1.340118
v 4.545394 2.725759 1.340118
v 4.545394 2.756824 1.340118
v 4.545394 2.787890 1.340118
v 4.545394 2.818956 1.340118
v 4.545394 2.850022 1.340118
v 4.545394 2.881088 1.340118
v 4.545394 2.912154 1.340118
v 4.545394 2.943220 1.340118
v 4.545394 2.974286 1.340118
v 4.545394 3.005352 1.340118
v 4.395639 2.694693 1.340118
v 4.395639 2.725759 1.340118
v 4.395639 2.756824 1.340118
v 4.395639 2.787890 1.340118
v 4.395639 2.818956 1.340118
v 4.395639 2.850022 1.340118
v 4.395639 2.881088 1.340118
v 4.395639 2.912154 1.340118
v 4.395639 2.943220 1.340118
v 4.395639 2.974286 1.340118
v 4.395639 3.005352 1.340118
v 4.541050 2.694693 1.354440
v 4.541050 2.725759 1.354440
v 4.541050 2.756824 1.354440
v 4.541050 2.787890 1.354440
v 4.541050 2.818956 1.354440
v 4.541050 2.850022 1.354440
v 4.541050 2.881088 1.354440
v 4.541050 2.912154 1.354440
v 4.541050 2.943220 1.354440
v 4.541050 2.974286 1.354440
v 4.541050 3.005352 1.354440
v 4.394172 2.694693 1.325224
v 4.394172 2.725759 1.325224
v 4.394172 2.756824 1.325224
v 4.394172 2.787890 1.325224
v 4.394172 2.818956 1.325224
v 4.394172 2.850022 1.325224
v 4.394172 2.881088 1.325224
v 4.394172 2.912154 1.325224
v 4.394172 2.943220 1.325224
v 4.394172 2.974286 1.325224
v 4.394172 3.005352 1.325224
v 4.533995 3.005352 1.367639
v 4.533995 2.974286 1.367639
v 4.533995 2.943220 1.367639
v 4.533995 2.912154 1.367639
v 4.533995 2.881088 1.367639
v 4.533995 2.850022 1.367639
v 4.533995 2.818956 1.367639
v 4.533995 2.787890 1.367639
v 4.533995 2.756824 1.367639
v 4.533995 2.725759 1.367639
v 4.533995 2.694693 1.367639
v 4.395639 3.005352 1.310330
v 4.395639 2.974286 1.310330
v 4.395639 2.943220 1.310330
v 4.395639 2.912154 1.310330
v 4.395639 2.881088 1.310330
v 4.395639 2.850022 1.310330
v 4.395639 2.818956 1.310330
v 4.395639 2.787890 1.310330
v 4.395639 2.756824 1.310330
v 4.395639 2.725759 1.310330
v 4.395639 2.694693 1.310330
v 4.470517 3.005352 1.248880
v 4.470517 2.974286 1.248880
v 4.470517 2.943220 1.248880
v 4.470517 2.912154 1.248880
v 4.470517 2.881088 1.248880
v 4.470517 2.850022 1.248880
v 4.470517 2.818956 1.248880
v 4.470517 2.787890 1.248880
v 4.470517 2.756824 1.248880
v 4.470517 2.725759 1.248880
v 4.470517 2.694693 1.248880
v 4.333641 1.475590 1.673231
v 4.330959 1.475590 1.646005
v 4.330959 1.475590 1.002053
v 4.333641 1.475590 1.029279
v 4.333641 1.475590 1.618778
v 4.341582 1.475590 1.592598
v 4.341582 1.475590 1.055459
v 4.341582 1.475590 1.699411
v 4.333641 1.475590 0.974826
v 4.371835 1.475590 1.547323
v 4.371835 1.475590 1.100735
v 4.371835 1.475590 0.903370
v 4.354479 1.475590 1.568471
v 4.354479 1.475590 1.079587
v 4.354479 1.475590 0.924518
v 4.341582 1.475590 0.948646
v 4.394298 1.475590 1.325224
v 4.395763 1.475590 1.310355
v 4.400100 1.475590 1.354392
v 4.407144 1.475590 1.282880
v 4.395763 1.475590 1.340094
v 4.400100 1.475590 1.296057
v 4.392982 1.475590 1.118091
v 4.416622 1.475590 1.379119
v 4.443290 1.475590 1.138929
v 4.441349 1.475590 1.254807
v 4.443290 1.475590 1.509129
v 4.441349 1.475590 1.395641
v 4.417110 1.475590 1.517070
v 4.428172 1.475590 1.388598
v 4.428172 1.475590 1.261851
v 4.417110 1.475590 1.130987
v 4.407144 1.475590 1.367569
v 4.416622 1.475590 1.271330
v 4.417110 1.475590 0.873118
v 4.392982 1.475590 1.529967
v 4.392982 1.475590 0.886014
v 4.455647 1.475590 1.399978
v 4.455647 1.475590 1.250470
v 4.485386 1.475590 1.399978
v 4.470517 1.475590 1.401443
v 4.470517 1.475590 1.506447
v 4.470517 1.475590 1.141610
v 4.470517 1.475590 1.249006
v 4.485386 1.475590 1.250470
v 4.497743 1.475590 1.138929
v 4.499684 1.475590 1.254807
v 4.512862 1.475590 1.388598
v 4.499684 1.475590 1.395641
v 4.512862 1.475590 1.261851
v 4.523923 1.475590 1.130987
v 4.497743 1.475590 0.865176
v 4.524412 1.475590 1.379119
v 4.470517 1.475590 0.862495
v 4.533890 1.475590 1.367569
v 4.533890 1.475590 1.282880
v 4.545271 1.475590 1.310355
v 4.545271 1.475590 1.340094
v 4.546735 1.475590 1.325224
v 4.540934 1.475590 1.354392
v 4.540934 1.475590 1.296057
v 4.548051 1.475590 1.118091
v 4.569199 1.475590 1.100735
v 4.586555 1.475590 0.924518
v 4.586555 1.475590 1.079587
v 4.569199 1.475590 0.903370
v 4.610075 1.475590 1.002053
v 4.607393 1.475590 0.974826
v 4.599452 1.475590 1.055459
v 4.607393 1.475590 1.029279
v 4.599452 1.475590 0.948646
v 4.548051 1.475590 0.886014
v 4.524412 1.475590 1.271330
v 4.523923 1.475590 0.873118
v 4.443290 1.475590 0.865176
v 4.371835 1.475590 1.744687
v 4.354479 1.475590 1.723539
v 4.392982 1.475590 1.762043
v 4.417110 1.475590 1.774940
v 4.443290 1.475590 1.782881
v 4.470517 1.475590 1.785563
v 4.523923 1.475590 1.774940
v 4.497743 1.475590 1.782881
v 4.497743 1.475590 1.509129
v 4.548051 1.475590 1.529967
v 4.586555 1.475590 1.723539
v 4.569199 1.475590 1.744687
v 4.569199 1.475590 1.547323
v 4.599452 1.475590 1.592598
v 4.610075 1.475590 1.646005
v 4.607393 1.475590 1.618778
v 4.599452 1.475590 1.699411
v 4.607393 1.475590 1.673231
v 4.548051 1.475590 1.762043
v 4.586555 1.475590 1.568471
v 4.523923 1.475590 1.517070
v 4.470517 3.034271 1.571368
v 4.485078 3.034271 1.572802
v 4.499079 3.034271 1.577049
v 4.511983 3.034271 1.583946
v 4.513494 3.034271 1.585186
v 4.523293 3.034271 1.593229
v 4.532575 3.034271 1.604539
v 4.539472 3.034271 1.617442
v 4.543720 3.034271 1.631444
v 4.545154 3.034271 1.646005
v 4.543720 3.034271 1.660566
v 4.539472 3.034271 1.674567
v 4.532575 3.034271 1.687471
v 4.523293 3.034271 1.698781
v 4.511983 3.034271 1.708063
v 4.499079 3.034271 1.714960
v 4.485078 3.034271 1.719208
v 4.470517 3.034271 1.720642
v 4.455956 3.034271 1.719208
v 4.441955 3.034271 1.714960
v 4.429051 3.034271 1.708063
v 4.417740 3.034271 1.698781
v 4.408458 3.034271 1.687471
v 4.401561 3.034271 1.674567
v 4.397314 3.034271 1.660566
v 4.395880 3.034271 1.646005
v 4.397314 3.034271 1.631444
v 4.401561 3.034271 1.617442
v 4.408458 3.034271 1.604539
v 4.417740 3.034271 1.593229
v 4.427540 3.034271 1.585186
v 4.429051 3.034271 1.583946
v 4.441955 3.034271 1.577049
v 4.455956 3.034271 1.572802
v 4.470459 3.034271 1.571374
v 4.470517 3.034271 0.927415
v 4.485078 3.034271 0.928850
v 4.499079 3.034271 0.933097
v 4.511983 3.034271 0.939994
v 4.523293 3.034271 0.949276
v 4.532575 3.034271 0.960586
v 4.539472 3.034271 0.973490
v 4.543720 3.034271 0.987492
v 4.545154 3.034271 1.002053
v 4.543720 3.034271 1.016613
v 4.539472 3.034271 1.030615
v 4.532575 3.034271 1.043519
v 4.523293 3.034271 1.054829
v 4.517874 3.034271 1.059276
v 4.511983 3.034271 1.064111
v 4.499079 3.034271 1.071008
v 4.485078 3.034271 1.075255
v 4.470517 3.034271 1.076689
v 4.455956 3.034271 1.075255
v 4.441955 3.034271 1.071008
v 4.429051 3.034271 1.064111
v 4.423160 3.034271 1.059276
v 4.417740 3.034271 1.054829
v 4.408458 3.034271 1.043519
v 4.401561 3.034271 1.030615
v 4.397314 3.034271 1.016613
v 4.395880 3.034271 1.002053
v 4.397314 3.034271 0.987492
v 4.401561 3.034271 0.973490
v 4.408458 3.034271 0.960586
v 4.417740 3.034271 0.949276
v 4.429051 3.034271 0.939994
v 4.441955 3.034271 0.933097
v 4.455956 3.034271 0.928850
v 4.345924 3.546417 1.350007
v 4.343483 3.546417 1.325224
v 4.587881 3.569064 1.373838
v 4.576142 3.569064 1.395801
v 4.345924 3.546417 1.300441
v 4.560343 3.569064 1.415051
v 4.353153 3.546417 1.276610
v 4.541093 3.569064 1.430849
v 4.356644 3.569064 1.270079
v 4.356644 3.546417 1.270079
v 4.364892 3.569064 1.254648
v 4.519131 3.569064 1.442588
v 4.470517 3.569064 1.198190
v 4.495300 3.569064 1.200631
v 4.380690 3.569064 1.235398
v 4.495300 3.569064 1.449817
v 4.519131 3.569064 1.207860
v 4.399940 3.569064 1.219599
v 4.470517 3.569064 1.452258
v 4.541093 3.569064 1.219599
v 4.421903 3.569064 1.207860
v 4.445734 3.569064 1.449817
v 4.560343 3.569064 1.235398
v 4.445734 3.569064 1.200631
v 4.421903 3.569064 1.442588
v 4.576142 3.569064 1.254648
v 4.399940 3.569064 1.430849
v 4.587881 3.569064 1.276610
v 4.380690 3.569064 1.415051
v 4.595110 3.569064 1.300441
v 4.364892 3.569064 1.395801
v 4.597551 3.569064 1.325224
v 4.356644 3.546417 1.380370
v 4.353153 3.546417 1.373838
v 4.356644 3.569064 1.380370
v 4.595110 3.569064 1.350007
v 4.524500 3.034271 1.379208
v 4.533995 3.034271 1.367639
v 4.399983 3.034271 1.296008
v 4.395639 3.034271 1.310330
v 4.512931 3.034271 1.388702
v 4.407039 3.034271 1.282809
v 4.499732 3.034271 1.395757
v 4.485411 3.034271 1.250347
v 4.470517 3.034271 1.248880
v 4.416533 3.034271 1.271240
v 4.485411 3.034271 1.400102
v 4.499732 3.034271 1.254691
v 4.428102 3.034271 1.261746
v 4.471546 3.034271 1.401467
v 4.470517 3.034271 1.401569
v 4.512931 3.034271 1.261746
v 4.441301 3.034271 1.254691
v 4.455623 3.034271 1.400102
v 4.524500 3.034271 1.271240
v 4.455623 3.034271 1.250347
v 4.441301 3.034271 1.395757
v 4.533995 3.034271 1.282809
v 4.428102 3.034271 1.388702
v 4.541050 3.034271 1.296008
v 4.416533 3.034271 1.379208
v 4.545394 3.034271 1.310330
v 4.407039 3.034271 1.367639
v 4.546861 3.034271 1.325224
v 4.399983 3.034271 1.354440
v 4.545394 3.034271 1.340118
v 4.395639 3.034271 1.340118
v 4.541050 3.034271 1.354440
v 4.394172 3.034271 1.325224
vn -1.0000 -0.0000 -0.0000
vn -0.0000 -0.0000 -1.0000
vn 1.0000 -0.0000 -0.0000
vn -0.0000 -0.0000 1.0000
vn -0.0000 -1.0000 -0.0000
vn -0.0000 1.0000 -0.0000
vn 0.0980 -0.0000 -0.9952
vn 0.2903 -0.0000 -0.9569
vn 0.4714 -0.0000 -0.8819
vn 0.6344 -0.0000 -0.7730
vn 0.7730 -0.0000 -0.6344
vn 0.8819 -0.0000 -0.4714
vn 0.9569 -0.0000 -0.2903
vn 0.9952 -0.0000 -0.0980
vn 0.9952 -0.0000 0.0980
vn 0.9569 -0.0000 0.2903
vn 0.8819 -0.0000 0.4714
vn 0.7730 -0.0000 0.6344
vn 0.6344 -0.0000 0.7730
vn 0.4714 -0.0000 0.8819
vn 0.2903 -0.0000 0.9569
vn 0.0980 -0.0000 0.9952
vn -0.0980 -0.0000 0.9952
vn -0.2903 -0.0000 0.9569
vn -0.4714 -0.0000 0.8819
vn -0.6344 -0.0000 0.7730
vn -0.7730 -0.0000 0.6344
vn -0.8819 -0.0000 0.4714
vn -0.9569 -0.0000 0.2903
vn -0.9952 -0.0000 0.0980
vn -0.9952 -0.0000 -0.0980
vn -0.9569 -0.0000 -0.2903
vn -0.8819 -0.0000 -0.4714
vn -0.7730 -0.0000 -0.6344
vn -0.6344 -0.0000 -0.7730
vn -0.4714 -0.0000 -0.8819
vn -0.2903 -0.0000 -0.9569
vn -0.0980 -0.0000 -0.9952
vn -0.0001 -1.0000 -0.0000
vt 0.375000 0.000000
vt 0.625000 0.000000
vt 0.625000 0.250000
vt 0.375000 0.250000
vt 0.625000 0.500000
vt 0.375000 0.500000
vt 0.625000 0.750000
vt 0.375000 0.750000
vt 0.625000 1.000000
vt 0.375000 1.000000
vt 0.125000 0.500000
vt 0.125000 0.750000
vt 0.663144 0.710364
vt 0.663144 0.539636
vt 0.836856 0.710364
vt 0.836856 0.539636
vt 0.875000 0.500000
vt 0.875000 0.750000
vt 0.821126 0.555575
vt 0.817576 0.551227
vt 0.812800 0.699017
vt 0.817576 0.695206
vt 0.821126 0.690859
vt 0.823311 0.686141
vt 0.824049 0.681235
vt 0.823311 0.676329
vt 0.821125 0.671611
vt 0.817576 0.667264
vt 0.812800 0.663453
vt 0.806980 0.660326
vt 0.800340 0.658002
vt 0.793135 0.656571
vt 0.785642 0.656087
vt 0.785642 0.637166
vt 0.789734 0.636902
vt 0.793669 0.636121
vt 0.797295 0.634852
vt 0.800474 0.633144
vt 0.803082 0.631062
vt 0.805021 0.628688
vt 0.806215 0.626112
vt 0.806618 0.623432
vt 0.806215 0.620753
vt 0.805021 0.618176
vt 0.803082 0.615802
vt 0.800474 0.613721
vt 0.797295 0.612013
vt 0.793669 0.610743
vt 0.789734 0.609962
vt 0.785642 0.609698
vt 0.785642 0.590346
vt 0.793135 0.589863
vt 0.800340 0.588432
vt 0.806980 0.586108
vt 0.812800 0.582980
vt 0.817576 0.579170
vt 0.821126 0.574822
vt 0.823311 0.570104
vt 0.824049 0.565198
vt 0.823311 0.560292
vt 0.778149 0.589863
vt 0.781549 0.609962
vt 0.777615 0.610743
vt 0.773988 0.612013
vt 0.770809 0.613721
vt 0.768201 0.615802
vt 0.766262 0.618176
vt 0.765069 0.620753
vt 0.764666 0.623432
vt 0.765069 0.626112
vt 0.766262 0.628688
vt 0.768201 0.631062
vt 0.770809 0.633144
vt 0.773988 0.634852
vt 0.777615 0.636121
vt 0.781549 0.636902
vt 0.778149 0.656571
vt 0.770944 0.658002
vt 0.764304 0.660326
vt 0.758484 0.663453
vt 0.753707 0.667264
vt 0.750158 0.671612
vt 0.747972 0.676329
vt 0.747234 0.681235
vt 0.747972 0.686141
vt 0.750158 0.690859
vt 0.753707 0.695206
vt 0.758484 0.699017
vt 0.764304 0.702144
vt 0.770944 0.704468
vt 0.778149 0.705899
vt 0.785642 0.706383
vt 0.793135 0.705899
vt 0.800340 0.704468
vt 0.806980 0.702145
vt 0.812800 0.547416
vt 0.806980 0.544289
vt 0.800340 0.541965
vt 0.793135 0.540534
vt 0.785642 0.540051
vt 0.778149 0.540534
vt 0.770944 0.541965
vt 0.764304 0.544289
vt 0.758484 0.547416
vt 0.753707 0.551227
vt 0.750158 0.555575
vt 0.747972 0.560292
vt 0.747234 0.565198
vt 0.747972 0.570104
vt 0.750158 0.574822
vt 0.753707 0.579169
vt 0.758484 0.582980
vt 0.764304 0.586108
vt 0.770944 0.588432
vt 0.968750 0.500000
vt 1.000000 0.500000
vt 1.000000 0.998017
vt 0.968750 0.998017
vt 0.937500 0.500000
vt 0.937500 0.998017
vt 0.906250 0.500000
vt 0.906250 0.998017
vt 0.902076 0.998017
vt 0.875000 0.998017
vt 0.843750 0.998017
vt 0.843750 0.500000
vt 0.812500 0.998017
vt 0.812500 0.500000
vt 0.781250 0.998017
vt 0.781250 0.500000
vt 0.750000 0.998017
vt 0.750000 0.500000
vt 0.718750 0.998017
vt 0.718750 0.500000
vt 0.687500 0.998017
vt 0.687500 0.500000
vt 0.656250 0.998017
vt 0.656250 0.500000
vt 0.625000 0.998017
vt 0.593750 0.998017
vt 0.593750 0.500000
vt 0.562500 0.998017
vt 0.562500 0.500000
vt 0.531250 0.998017
vt 0.531250 0.500000
vt 0.500000 0.998017
vt 0.500000 0.500000
vt 0.468750 0.998017
vt 0.468750 0.500000
vt 0.437500 0.998017
vt 0.437500 0.500000
vt 0.406250 0.998017
vt 0.406250 0.500000
vt 0.375000 0.998017
vt 0.343750 0.500000
vt 0.343750 0.998017
vt 0.312500 0.500000
vt 0.312500 0.998017
vt 0.281250 0.500000
vt 0.281250 0.998017
vt 0.250000 0.500000
vt 0.250000 0.998017
vt 0.218750 0.500000
vt 0.218750 0.998017
vt 0.187500 0.500000
vt 0.187500 0.998017
vt 0.156250 0.500000
vt 0.156250 0.998017
vt 0.125000 0.998017
vt 0.093750 0.500000
vt 0.097924 0.998017
vt 0.093750 0.998017
vt 0.062500 0.500000
vt 0.062500 0.998017
vt 0.031250 0.500000
vt 0.031250 0.998017
vt 0.000000 0.500000
vt 0.000124 0.998017
vt 0.000000 0.998017
vt 0.843750 0.500000
vt 0.718750 0.500000
vt 0.593750 0.500000
vt 0.968750 0.500000
vt 0.610026 0.998017
vt 0.389973 0.998017
vt 0.485388 0.296822
vt 0.471731 0.341844
vt 0.419706 0.080294
vt 0.419706 0.080294
vt 0.449553 0.116663
vt 0.449553 0.116663
vt 0.028269 0.341844
vt 0.028269 0.341844
vt 0.014612 0.296822
vt 0.014612 0.296822
vt 0.383337 0.050447
vt 0.383337 0.050447
vt 0.050447 0.383337
vt 0.050447 0.383337
vt 0.341844 0.028269
vt 0.296822 0.485389
vt 0.296822 0.485388
vt 0.250000 0.490000
vt 0.250000 0.490000
vt 0.080294 0.419706
vt 0.296822 0.014612
vt 0.341844 0.471731
vt 0.116663 0.449553
vt 0.250000 0.010000
vt 0.383337 0.449553
vt 0.383337 0.449553
vt 0.158156 0.471731
vt 0.158156 0.471731
vt 0.203178 0.014612
vt 0.419706 0.419706
vt 0.203178 0.485388
vt 0.203178 0.485388
vt 0.158156 0.028269
vt 0.158156 0.028269
vt 0.449553 0.383337
vt 0.449553 0.383337
vt 0.116663 0.050447
vt 0.080294 0.080294
vt 0.050447 0.116663
vt 0.490000 0.250000
vt 0.490000 0.250000
vt 0.028269 0.158156
vt 0.028269 0.158156
vt 0.485388 0.203178
vt 0.014612 0.203178
vt 0.471731 0.158156
vt 0.471731 0.158156
vt 0.010000 0.250000
vt 0.010000 0.250000
vt 0.471731 0.158156
vt 0.028269 0.341844
vt 0.341844 0.028269
vt 0.341844 0.471731
vt 0.203178 0.014612
vt 0.419706 0.419706
vt 0.158156 0.028269
vt 0.485388 0.296822
vt 0.050447 0.116663
vt 0.014612 0.296822
vt 0.419706 0.080294
vt 0.449553 0.116663
vt 0.014612 0.296822
vt 0.014612 0.296822
vt 0.010000 0.250000
vt 0.485388 0.296822
vt 0.010000 0.250000
vt 0.014612 0.296822
vt 0.010000 0.250000
vt 0.014612 0.296822
vt 0.010000 0.250000
vt 0.010000 0.250000
vt 0.014612 0.296822
vt 0.010000 0.250000
vt 0.419706 0.080294
vt 0.449553 0.116663
vt 0.014612 0.296822
vt 0.014612 0.296822
vt 0.383337 0.449553
vt 0.014612 0.296822
vt 0.014612 0.296822
vt 0.485388 0.296822
vt 0.014612 0.296822
vt 0.010000 0.250000
vt 0.010000 0.250000
vt 0.485388 0.296822
vt 0.490000 0.250000
vt 0.449553 0.116663
vt 0.485388 0.296822
vt 0.158156 0.471731
vt 0.014612 0.296822
vt 0.471731 0.158156
vt 0.449553 0.116663
vt 0.449553 0.116663
vt 0.449553 0.116663
vt 0.471731 0.158156
vt 0.449553 0.116663
vt 0.471731 0.158156
vt 0.203178 0.485388
vt 0.158156 0.471731
vt 0.449553 0.116663
vt 0.419706 0.080294
vt 0.449553 0.116663
vt 0.471731 0.158156
vt 0.471731 0.158156
vt 0.419706 0.080294
vt 0.471731 0.158156
vt 0.203178 0.485388
vt 0.449553 0.116663
vt 0.449553 0.116663
vt 0.419706 0.080294
vt 0.449553 0.116663
vt 0.449553 0.116663
vt 0.471731 0.158156
vt 0.449553 0.116663
vt 0.471731 0.158156
vt 0.449553 0.116663
vt 0.449553 0.116663
vt 0.449553 0.116663
vt 0.203178 0.485388
vt 0.449553 0.116663
vt 0.449553 0.116663
vt 0.471731 0.158156
vt 0.449553 0.116663
vt 0.203178 0.485388
vt 0.014612 0.203178
vt 0.014612 0.203178
vt 0.014612 0.203178
vt 0.014612 0.203178
vt 0.028269 0.158156
vt 0.203178 0.485388
vt 0.419706 0.080294
vt 0.050447 0.116663
vt 0.203178 0.485388
vt 0.014612 0.203178
vt 0.028269 0.158156
vt 0.050447 0.116663
vt 0.203178 0.485388
vt 0.014612 0.203178
vt 0.028269 0.341844
vt 0.014612 0.203178
vt 0.014612 0.203178
vt 0.014612 0.203178
vt 0.014612 0.203178
vt 0.028269 0.158156
vt 0.050447 0.116663
vt 0.203178 0.485388
vt 0.158156 0.471731
vt 0.014612 0.203178
vt 0.485388 0.203178
vt 0.485388 0.203178
vt 0.485388 0.203178
vt 0.203178 0.485388
vt 0.485388 0.203178
vt 0.028269 0.341844
vt 0.485388 0.203178
vt 0.203178 0.485388
vt 0.050447 0.116663
vt 0.485388 0.203178
vt 0.485388 0.203178
vt 0.203178 0.485388
vt 0.485388 0.203178
vt 0.050447 0.116663
vt 0.050447 0.116663
vt 0.028269 0.158156
vt 0.028269 0.158156
vt 0.203178 0.485388
vt 0.050447 0.116663
vt 0.050447 0.116663
vt 0.203178 0.485388
vt 0.203178 0.485389
vt 0.203178 0.485388
vt 0.203178 0.485388
vt 0.490000 0.250000
vt 0.028269 0.341844
vt 0.028269 0.341844
vt 0.050447 0.116663
vt 0.158156 0.471731
vt 0.050447 0.116663
vt 0.050447 0.116663
vt 0.050447 0.116663
vt 0.050447 0.116663
vt 0.203178 0.485388
vt 0.203178 0.485388
vt 0.158156 0.028269
vt 0.203178 0.014612
vt 0.203178 0.014612
vt 0.028269 0.341844
vt 0.158156 0.028269
vt 0.158156 0.028269
vt 0.203178 0.014612
vt 0.485388 0.296822
vt 0.485388 0.296822
vt 0.485388 0.296822
vt 0.485388 0.296822
vt 0.203178 0.014612
vt 0.080294 0.080294
vt 0.080294 0.080294
vt 0.080294 0.080294
vt 0.203178 0.014612
vt 0.203178 0.014612
vt 0.419706 0.080294
vt 0.080294 0.080294
vt 0.471731 0.341844
vt 0.471731 0.341844
vt 0.471731 0.341844
vt 0.203178 0.014612
vt 0.383337 0.050447
vt 0.419706 0.080294
vt 0.471731 0.341844
vt 0.158156 0.028269
vt 0.203178 0.014612
vt 0.471731 0.341844
vt 0.471731 0.341844
vt 0.383337 0.050447
vt 0.116663 0.050447
vt 0.116663 0.050447
vt 0.383337 0.050447
vt 0.116663 0.050447
vt 0.116663 0.050447
vt 0.203178 0.014612
vt 0.116663 0.050447
vt 0.116663 0.050447
vt 0.116663 0.050447
vt 0.116663 0.050447
vt 0.116663 0.050447
vt 0.116663 0.050447
vt 0.116663 0.050447
vt 0.419706 0.080294
vt 0.116663 0.050447
vt 0.383337 0.050447
vt 0.449553 0.383337
vt 0.449553 0.383337
vt 0.449553 0.383337
vt 0.449553 0.383337
vt 0.449553 0.383337
vt 0.449553 0.383337
vt 0.449553 0.383337
vt 0.449553 0.383337
vt 0.383337 0.050447
vt 0.158156 0.028269
vt 0.203178 0.014612
vt 0.250000 0.490000
vt 0.250000 0.490000
vt 0.203178 0.485389
vt 0.383337 0.050447
vt 0.250000 0.490000
vt 0.250000 0.490000
vt 0.250000 0.490000
vt 0.250000 0.490000
vt 0.250000 0.490000
vt 0.250000 0.490000
vt 0.250000 0.490000
vt 0.250000 0.490000
vt 0.250000 0.490000
vt 0.419706 0.419706
vt 0.419706 0.419706
vt 0.050447 0.383337
vt 0.050447 0.383337
vt 0.050447 0.383337
vt 0.050447 0.383337
vt 0.383337 0.449553
vt 0.383337 0.449553
vt 0.383337 0.449553
vt 0.383337 0.449553
vt 0.383337 0.449553
vt 0.383337 0.449553
vt 0.383337 0.449553
vt 0.050447 0.383337
vt 0.296822 0.485388
vt 0.341844 0.471731
vt 0.250000 0.010000
vt 0.250000 0.010000
vt 0.250000 0.010000
vt 0.250000 0.010000
vt 0.296822 0.485388
vt 0.296822 0.485388
vt 0.116663 0.449553
vt 0.116663 0.449553
vt 0.116663 0.449553
vt 0.050447 0.383337
vt 0.116663 0.449553
vt 0.116663 0.449553
vt 0.116663 0.449553
vt 0.116663 0.449553
vt 0.116663 0.449553
vt 0.116663 0.449553
vt 0.116663 0.449553
vt 0.116663 0.449553
vt 0.341844 0.471731
vt 0.116663 0.449553
vt 0.341844 0.471731
vt 0.341844 0.471731
vt 0.341844 0.471731
vt 0.341844 0.471731
vt 0.296822 0.014612
vt 0.296822 0.014612
vt 0.296822 0.014612
vt 0.341844 0.028269
vt 0.296822 0.014612
vt 0.296822 0.485388
vt 0.296822 0.014612
vt 0.296822 0.014612
vt 0.296822 0.014612
vt 0.296822 0.014612
vt 0.341844 0.028269
vt 0.080294 0.419706
vt 0.080294 0.419706
vt 0.080294 0.419706
vt 0.080294 0.419706
vt 0.080294 0.419706
vt 0.341844 0.028269
vt 0.080294 0.419706
vt 0.080294 0.419706
vt 0.080294 0.419706
vt 0.080294 0.419706
vt 0.296822 0.485389
vt 0.080294 0.419706
vt 0.080294 0.419706
vt 0.080294 0.419706
vt 0.296822 0.485388
vt 0.296822 0.485389
vt 0.341844 0.028269
vt 0.341844 0.028269
vt 0.341844 0.028269
vt 0.341844 0.028269
vt 0.341844 0.028269
vt 0.028269 0.341844
vt 0.419706 0.080294
vt 0.034865 0.354184
vt 0.034865 0.354184
vt 0.034865 0.145816
vt 0.034865 0.145816
vt 0.419706 0.080294
vt 0.449553 0.116663
vt 0.449553 0.116663
vt 0.419706 0.080294
vt 0.449553 0.116663
vt 0.419706 0.080294
vt 0.014612 0.296822
vt 0.014612 0.296822
vt 0.014612 0.296822
vt 0.116663 0.050447
vt 0.028269 0.341844
vt 0.158156 0.028269
vt 0.250000 0.010000
vt 0.341844 0.028269
vt 0.341844 0.028269
vt 0.296822 0.485388
vt 0.080294 0.419706
vt 0.028269 0.158156
vt 0.116663 0.449553
vt 0.116663 0.449553
vt 0.028269 0.158156
vt 0.383337 0.449553
vt 0.203178 0.485389
vt 0.449553 0.383337
vt 0.050447 0.116663
vt 0.010000 0.250000
vt 0.253236 0.010319
vt 0.375000 0.208753
vt 0.625000 0.208753
vt 0.375000 0.704892
vt 0.625000 0.704892
vt 0.275819 0.704892
vt 0.125000 0.704892
vt 0.214650 0.704892
vt 0.207676 0.707364
vt 0.201070 0.710840
vt 0.196162 0.714805
vt 0.193139 0.719108
vt 0.192119 0.723583
vt 0.193139 0.728058
vt 0.196162 0.732361
vt 0.201070 0.736327
vt 0.207676 0.739803
vt 0.215725 0.742655
vt 0.224908 0.744775
vt 0.234872 0.746080
vt 0.245234 0.746521
vt 0.255597 0.746080
vt 0.265561 0.744775
vt 0.274744 0.742655
vt 0.282793 0.739803
vt 0.289399 0.736327
vt 0.294307 0.732361
vt 0.297330 0.728058
vt 0.298350 0.723583
vt 0.297330 0.719108
vt 0.294307 0.714805
vt 0.289399 0.710840
vt 0.282793 0.707364
vt 0.875000 0.704892
vt 0.625000 0.541247
vt 0.125000 0.541247
vt 0.211533 0.541247
vt 0.215725 0.542752
vt 0.224908 0.544898
vt 0.234872 0.546220
vt 0.245234 0.546666
vt 0.255597 0.546220
vt 0.265561 0.544898
vt 0.274744 0.542752
vt 0.278936 0.541247
vt 0.375000 0.541247
vt 0.274744 0.704506
vt 0.265561 0.702360
vt 0.255597 0.701039
vt 0.245234 0.700592
vt 0.245967 0.647725
vt 0.255834 0.647301
vt 0.266026 0.645949
vt 0.275419 0.643753
vt 0.283652 0.640799
vt 0.290409 0.637199
vt 0.295430 0.633092
vt 0.298522 0.628636
vt 0.299566 0.624001
vt 0.298522 0.619367
vt 0.295430 0.614910
vt 0.290409 0.610803
vt 0.283652 0.607203
vt 0.275419 0.604249
vt 0.266026 0.602054
vt 0.255834 0.600702
vt 0.245234 0.600245
vt 0.234635 0.600702
vt 0.224443 0.602054
vt 0.215050 0.604249
vt 0.206817 0.607203
vt 0.200060 0.610803
vt 0.195039 0.614910
vt 0.191947 0.619367
vt 0.190903 0.624001
vt 0.191947 0.628636
vt 0.195039 0.633092
vt 0.200060 0.637199
vt 0.206817 0.640799
vt 0.215050 0.643753
vt 0.224443 0.645949
vt 0.234635 0.647301
vt 0.245234 0.647757
vt 0.245193 0.700594
vt 0.234872 0.701039
vt 0.224908 0.702360
vt 0.215725 0.704507
vt 0.625000 0.045108
vt 0.375000 0.045108
vt 0.282793 0.539944
vt 0.289399 0.536631
vt 0.294307 0.532851
vt 0.297330 0.528749
vt 0.298350 0.524483
vt 0.297330 0.520217
vt 0.294307 0.516115
vt 0.289399 0.512334
vt 0.282793 0.509021
vt 0.274744 0.506301
vt 0.265561 0.504281
vt 0.255597 0.503036
vt 0.245234 0.502616
vt 0.234872 0.503036
vt 0.224908 0.504281
vt 0.215725 0.506301
vt 0.207676 0.509021
vt 0.201070 0.512334
vt 0.196162 0.516115
vt 0.193139 0.520217
vt 0.192119 0.524483
vt 0.193139 0.528749
vt 0.196162 0.532851
vt 0.201070 0.536631
vt 0.207676 0.539944
vt 0.875000 0.541247
vt 0.657018 0.573666
vt 0.842982 0.573666
vt 0.657018 0.672474
vt 0.842982 0.672474
vt 0.842982 0.605484
vt 0.842982 0.642674
vt 0.845674 0.640471
vt 0.851249 0.632436
vt 0.853132 0.624079
vt 0.851249 0.615722
vt 0.845674 0.607687
vt 0.842982 0.642674
vt 0.842982 0.605484
vt 0.836621 0.600281
vt 0.824438 0.593790
vt 0.809592 0.588463
vt 0.792655 0.584504
vt 0.774277 0.582067
vt 0.755164 0.581244
vt 0.736052 0.582067
vt 0.717674 0.584504
vt 0.700736 0.588463
vt 0.685891 0.593790
vt 0.673707 0.600281
vt 0.664654 0.607687
vt 0.659079 0.615722
vt 0.657197 0.624079
vt 0.659079 0.632436
vt 0.664654 0.640471
vt 0.673707 0.647877
vt 0.685891 0.654368
vt 0.700736 0.659695
vt 0.717674 0.663654
vt 0.736052 0.666091
vt 0.755164 0.666914
vt 0.774277 0.666091
vt 0.792655 0.663654
vt 0.809592 0.659695
vt 0.824438 0.654368
vt 0.836621 0.647877
s 0
f 698/654/148 725/655/148 729/656/148 703/657/148
f 703/657/149 729/656/149 731/658/149 717/659/149
f 717/659/150 731/658/150 736/660/150 712/661/150
f 712/661/151 736/660/151 725/662/151 698/663/151
f 703/664/152 717/659/152 712/661/152 698/665/152
f 714/666/150 721/667/150 749/667/150 746/666/150
f 700/668/153 707/669/153 729/670/153 725/671/153
f 707/669/153 721/667/153 731/658/153 729/670/153
f 721/667/153 714/666/153 736/660/153 731/658/153
f 714/666/153 700/668/153 725/671/153 736/660/153
f 4731/672/153 4730/673/153 744/669/153 739/668/153 4791/674/153 4792/675/153 4723/676/153 4716/677/153 4717/678/153 4720/679/153 4721/680/153 4728/681/153 4725/682/153 4751/683/153 4744/684/153 4742/685/153 4757/686/153 4756/687/153 4753/688/153 4743/689/153 4745/690/153 4739/691/153 4748/692/153 4734/693/153 4736/694/153 4732/695/153 4733/696/153 4737/697/153 4735/698/153 4749/699/153 4746/700/153 4741/701/153 4754/702/153 4759/703/153 4758/704/153 4740/705/153 4747/706/153 4738/707/153 4726/708/153 4729/709/153 4722/710/153 4719/711/153 4718/712/153 4724/713/153
f 4761/714/153 4758/704/153 4759/703/153 4760/715/153 4762/716/153 4765/717/153 4788/718/153 4771/719/153 4776/720/153 4772/721/153 4774/722/153 4773/723/153 4775/724/153 4770/725/153 4768/726/153 4763/727/153 4764/728/153 4755/729/153 4756/687/153 4757/686/153 4799/730/153 4811/731/153 4800/732/153 4803/733/153 4810/734/153 4804/735/153 4806/736/153 4805/737/153 4808/738/153 4807/739/153 4801/740/153 4802/741/153 4809/742/153 4797/743/153 4798/744/153 4796/745/153 4795/746/153 4794/747/153 4793/748/153 4791/674/153 739/668/153 746/666/153 749/667/153 744/669/153 4730/673/153 4727/749/153 4752/750/153 4750/751/153 4790/752/153 4769/753/153 4767/754/153 4789/755/153 4787/756/153 4781/757/153 4779/758/153 4786/759/153 4783/760/153 4782/761/153 4785/762/153 4784/763/153 4780/764/153 4778/765/153 4777/766/153 4766/767/153
f 707/669/148 700/668/148 739/668/148 744/669/148
f 700/668/151 714/666/151 746/666/151 739/668/151
f 721/667/149 707/669/149 744/669/149 749/667/149
f 705/768/154 697/769/154 4812/770/154 4813/771/154
f 711/772/155 705/768/155 4813/771/155 4814/773/155
f 720/774/156 711/772/156 4814/773/156 4815/775/156
f 727/670/157 720/774/157 4815/775/157 4816/776/157 4817/777/157
f 4818/778/158 734/779/158 727/670/158 4817/777/158
f 4819/780/159 740/781/159 734/779/159 4818/778/159
f 4820/782/160 747/783/160 740/781/160 4819/780/160
f 4821/784/161 753/785/161 747/783/161 4820/782/161
f 4822/786/162 756/787/162 753/785/162 4821/784/162
f 4823/788/163 758/789/163 756/787/163 4822/786/163
f 4824/790/164 759/791/164 758/789/164 4823/788/164
f 4825/792/165 760/658/165 759/791/165 4824/790/165
f 4826/793/166 761/794/166 760/658/166 4825/792/166
f 4827/795/167 762/796/167 761/794/167 4826/793/167
f 4828/797/168 763/798/168 762/796/168 4827/795/168
f 4829/799/169 764/800/169 763/798/169 4828/797/169
f 4830/801/170 765/802/170 764/800/170 4829/799/170
f 4831/803/171 766/804/171 765/802/171 4830/801/171
f 4832/805/172 767/806/172 766/804/172 4831/803/172
f 4833/807/173 768/659/173 767/806/173 4832/805/173
f 769/808/174 768/659/174 4833/807/174 4834/809/174
f 770/810/175 769/808/175 4834/809/175 4835/811/175
f 771/812/176 770/810/176 4835/811/176 4836/813/176
f 772/814/177 771/812/177 4836/813/177 4837/815/177
f 773/816/178 772/814/178 4837/815/178 4838/817/178
f 774/818/179 773/816/179 4838/817/179 4839/819/179
f 775/820/180 774/818/180 4839/819/180 4840/821/180
f 776/664/181 775/820/181 4840/821/181 4841/822/181
f 777/823/182 776/664/182 4841/822/182 4842/824/182 4843/825/182
f 778/826/183 777/823/183 4843/825/183 4844/827/183
f 779/828/184 778/826/184 4844/827/184 4845/829/184
f 697/830/185 779/828/185 4845/829/185 4846/831/185 4812/832/185
f 770/810/153 771/812/153 803/812/153 802/810/153
f 805/816/179 806/818/179 838/818/179 837/816/179
f 697/769/153 705/768/153 781/768/153 780/769/153
f 779/828/153 697/830/153 780/830/153 811/828/153
f 756/787/153 758/789/153 790/789/153 789/787/153
f 766/804/153 767/806/153 799/806/153 798/804/153
f 775/820/153 776/664/153 808/664/153 807/820/153
f 734/779/153 740/781/153 786/781/153 785/779/153
f 762/796/153 763/798/153 795/798/153 794/796/153
f 771/812/153 772/814/153 804/814/153 803/812/153
f 705/768/153 711/772/153 782/772/153 781/768/153
f 758/789/153 759/791/153 791/791/153 790/789/153
f 767/806/153 768/659/153 800/659/153 799/806/153
f 776/664/153 777/823/153 809/823/153 808/664/153
f 740/781/153 747/783/153 787/783/153 786/781/153
f 763/798/153 764/800/153 796/800/153 795/798/153
f 772/814/153 773/816/153 805/816/153 804/814/153
f 711/772/153 720/774/153 783/774/153 782/772/153
f 759/791/153 760/658/153 792/658/153 791/791/153
f 768/659/153 769/808/153 801/808/153 800/659/153
f 777/823/153 778/826/153 810/826/153 809/823/153
f 747/783/153 753/785/153 788/785/153 787/783/153
f 764/800/153 765/802/153 797/802/153 796/800/153
f 773/816/153 774/818/153 806/818/153 805/816/153
f 720/774/153 727/670/153 784/670/153 783/774/153
f 760/658/153 761/794/153 793/794/153 792/658/153
f 769/808/153 770/810/153 802/810/153 801/808/153
f 778/826/153 779/828/153 811/828/153 810/826/153
f 753/785/153 756/787/153 789/787/153 788/785/153
f 765/802/153 766/804/153 798/804/153 797/802/153
f 774/818/153 775/820/153 807/820/153 806/818/153
f 727/670/153 734/779/153 785/779/153 784/670/153
f 761/794/153 762/796/153 794/796/153 793/794/153
f 813/768/153 814/772/153 846/772/153 845/768/153
f 792/658/166 793/794/166 825/794/166 824/658/166
f 806/818/180 807/820/180 839/820/180 838/818/180
f 793/794/167 794/796/167 826/796/167 825/794/167
f 780/769/154 781/768/154 813/768/154 812/769/154
f 807/820/181 808/664/181 840/664/181 839/820/181
f 794/796/168 795/798/168 827/798/168 826/796/168
f 781/768/155 782/772/155 814/772/155 813/768/155
f 808/664/182 809/823/182 841/823/182 840/664/182
f 795/798/169 796/800/169 828/800/169 827/798/169
f 782/772/156 783/774/156 815/774/156 814/772/156
f 809/823/183 810/826/183 842/826/183 841/823/183
f 796/800/170 797/802/170 829/802/170 828/800/170
f 783/774/157 784/670/157 816/670/157 815/774/157
f 810/826/184 811/828/184 843/828/184 842/826/184
f 797/802/171 798/804/171 830/804/171 829/802/171
f 784/670/158 785/779/158 817/779/158 816/670/158
f 811/828/185 780/830/185 812/830/185 843/828/185
f 798/804/172 799/806/172 831/806/172 830/804/172
f 785/779/159 786/781/159 818/781/159 817/779/159
f 799/806/173 800/659/173 832/659/173 831/806/173
f 786/781/160 787/783/160 819/783/160 818/781/160
f 800/659/174 801/808/174 833/808/174 832/659/174
f 787/783/161 788/785/161 820/785/161 819/783/161
f 801/808/175 802/810/175 834/810/175 833/808/175
f 788/785/162 789/787/162 821/787/162 820/785/162
f 802/810/176 803/812/176 835/812/176 834/810/176
f 789/787/163 790/789/163 822/789/163 821/787/163
f 803/812/177 804/814/177 836/814/177 835/812/177
f 790/789/164 791/791/164 823/791/164 822/789/164
f 804/814/178 805/816/178 837/816/178 836/814/178
f 791/791/165 792/658/165 824/658/165 823/791/165
f 4803/670/158 848/670/158 849/779/158 4810/833/158
f 840/664/153 841/823/153 873/823/153 872/664/153
f 827/798/153 828/800/153 860/800/153 859/798/153
f 814/772/153 815/774/153 847/774/153 846/772/153
f 841/823/153 842/826/153 874/826/153 873/823/153
f 828/800/153 829/802/153 861/802/153 860/800/153
f 815/774/153 816/670/153 848/670/153 847/774/153
f 842/826/153 843/828/153 875/828/153 874/826/153
f 829/802/153 830/804/153 862/804/153 861/802/153
f 816/670/153 817/779/153 849/779/153 848/670/153
f 843/828/153 812/830/153 844/830/153 875/828/153
f 830/804/153 831/806/153 863/806/153 862/804/153
f 817/779/153 818/781/153 850/781/153 849/779/153
f 831/806/153 832/659/153 864/659/153 863/806/153
f 818/781/153 819/783/153 851/783/153 850/781/153
f 832/659/153 833/808/153 865/808/153 864/659/153
f 819/783/153 820/785/153 852/785/153 851/783/153
f 833/808/153 834/810/153 866/810/153 865/808/153
f 820/785/153 821/787/153 853/787/153 852/785/153
f 834/810/153 835/812/153 867/812/153 866/810/153
f 821/787/153 822/789/153 854/789/153 853/787/153
f 835/812/153 836/814/153 868/814/153 867/812/153
f 822/789/153 823/791/153 855/791/153 854/789/153
f 836/814/153 837/816/153 869/816/153 868/814/153
f 823/791/153 824/658/153 856/658/153 855/791/153
f 837/816/153 838/818/153 870/818/153 869/816/153
f 824/658/153 825/794/153 857/794/153 856/658/153
f 838/818/153 839/820/153 871/820/153 870/818/153
f 825/794/153 826/796/153 858/796/153 857/794/153
f 812/769/153 813/768/153 845/768/153 844/769/153
f 839/820/153 840/664/153 872/664/153 871/820/153
f 826/796/153 827/798/153 859/798/153 858/796/153
f 875/828/185 844/830/185 4757/830/185 4742/828/185
f 4794/804/172 862/804/172 863/806/172 4793/806/172
f 4810/833/159 849/779/159 850/781/159 4804/781/159
f 4793/806/173 863/806/173 864/659/173 4791/659/173
f 4804/781/160 850/781/160 851/783/160 4806/783/160
f 4791/659/174 864/659/174 865/808/174 4792/808/174
f 4806/783/161 851/783/161 852/785/161 4805/785/161
f 865/808/175 866/810/175 4723/810/175 4792/808/175
f 4805/785/162 852/785/162 853/787/162 4808/834/162
f 4723/810/176 866/810/176 867/812/176 4716/812/176
f 4808/834/163 853/787/163 854/789/163 4807/789/163
f 4716/812/177 867/812/177 868/814/177 4717/814/177
f 4807/789/164 854/789/164 855/791/164 4801/791/164
f 4717/814/178 868/814/178 869/816/178 4720/816/178
f 4801/791/165 855/791/165 856/658/165 4802/658/165
f 4720/816/179 869/816/179 870/818/179 4721/818/179
f 4802/658/166 856/658/166 857/794/166 4809/835/166
f 4721/818/180 870/818/180 871/820/180 4728/820/180
f 4809/835/167 857/794/167 858/796/167 4797/796/167
f 844/769/154 845/768/154 4799/836/154 4757/769/154
f 4728/820/181 871/820/181 872/664/181 4725/664/181
f 4797/796/168 858/796/168 859/798/168 4798/798/168
f 4799/836/155 845/768/155 846/772/155 4811/772/155
f 872/664/182 873/823/182 4751/823/182 4725/664/182
f 4798/798/169 859/798/169 860/800/169 4796/800/169
f 4811/772/156 846/772/156 847/774/156 4800/774/156
f 4751/823/183 873/823/183 874/826/183 4744/826/183
f 4796/800/170 860/800/170 861/802/170 4795/802/170
f 847/774/157 848/670/157 4803/670/157 4800/774/157
f 4744/826/184 874/826/184 875/828/184 4742/828/184
f 4795/802/171 861/802/171 862/804/171 4794/804/171
f 877/768/154 876/769/154 4847/770/154 4848/771/154
f 878/772/155 877/768/155 4848/771/155 4849/773/155
f 879/774/156 878/772/156 4849/773/156 4850/775/156
f 880/670/157 879/774/157 4850/775/157 4851/777/157
f 4852/778/158 881/779/158 880/670/158 4851/777/158
f 4853/780/159 882/781/159 881/779/159 4852/778/159
f 4854/782/160 883/783/160 882/781/160 4853/780/160
f 4855/784/161 884/785/161 883/783/161 4854/782/161
f 4856/786/162 885/787/162 884/785/162 4855/784/162
f 4857/788/163 886/789/163 885/787/163 4856/786/163
f 4858/790/164 887/791/164 886/789/164 4857/788/164
f 4859/792/165 888/658/165 887/791/165 4858/790/165
f 4861/793/166 889/794/166 888/658/166 4859/792/166 4860/837/166
f 4862/795/167 890/796/167 889/794/167 4861/793/167
f 4863/797/168 891/798/168 890/796/168 4862/795/168
f 4864/799/169 892/800/169 891/798/169 4863/797/169
f 4865/801/170 893/802/170 892/800/170 4864/799/170
f 4866/803/171 894/804/171 893/802/171 4865/801/171
f 4867/805/172 895/806/172 894/804/172 4866/803/172
f 4869/807/173 896/659/173 895/806/173 4867/805/173 4868/838/173
f 897/808/174 896/659/174 4869/807/174 4870/809/174
f 898/810/175 897/808/175 4870/809/175 4871/811/175
f 899/812/176 898/810/176 4871/811/176 4872/813/176
f 900/814/177 899/812/177 4872/813/177 4873/815/177
f 901/816/178 900/814/178 4873/815/178 4874/817/178
f 902/818/179 901/816/179 4874/817/179 4875/819/179
f 903/820/180 902/818/180 4875/819/180 4876/821/180
f 904/664/181 903/820/181 4876/821/181 4877/822/181
f 905/823/182 904/664/182 4877/822/182 4878/825/182
f 906/826/183 905/823/183 4878/825/183 4879/827/183
f 907/828/184 906/826/184 4879/827/184 4880/829/184
f 876/830/185 907/828/185 4880/829/185 4847/832/185
f 898/810/153 899/812/153 931/812/153 930/810/153
f 933/816/179 934/818/179 966/818/179 965/816/179
f 876/769/153 877/768/153 909/768/153 908/769/153
f 907/828/153 876/830/153 908/830/153 939/828/153
f 885/787/153 886/789/153 918/789/153 917/787/153
f 894/804/153 895/806/153 927/806/153 926/804/153
f 903/820/153 904/664/153 936/664/153 935/820/153
f 881/779/153 882/781/153 914/781/153 913/779/153
f 890/796/153 891/798/153 923/798/153 922/796/153
f 899/812/153 900/814/153 932/814/153 931/812/153
f 877/768/153 878/772/153 910/772/153 909/768/153
f 886/789/153 887/791/153 919/791/153 918/789/153
f 895/806/153 896/659/153 928/659/153 927/806/153
f 904/664/153 905/823/153 937/823/153 936/664/153
f 882/781/153 883/783/153 915/783/153 914/781/153
f 891/798/153 892/800/153 924/800/153 923/798/153
f 900/814/153 901/816/153 933/816/153 932/814/153
f 878/772/153 879/774/153 911/774/153 910/772/153
f 887/791/153 888/658/153 920/658/153 919/791/153
f 896/659/153 897/808/153 929/808/153 928/659/153
f 905/823/153 906/826/153 938/826/153 937/823/153
f 883/783/153 884/785/153 916/785/153 915/783/153
f 892/800/153 893/802/153 925/802/153 924/800/153
f 901/816/153 902/818/153 934/818/153 933/816/153
f 879/774/153 880/670/153 912/670/153 911/774/153
f 888/658/153 889/794/153 921/794/153 920/658/153
f 897/808/153 898/810/153 930/810/153 929/808/153
f 906/826/153 907/828/153 939/828/153 938/826/153
f 884/785/153 885/787/153 917/787/153 916/785/153
f 893/802/153 894/804/153 926/804/153 925/802/153
f 902/818/153 903/820/153 935/820/153 934/818/153
f 880/670/153 881/779/153 913/779/153 912/670/153
f 889/794/153 890/796/153 922/796/153 921/794/153
f 941/768/153 942/772/153 974/772/153 973/768/153
f 920/658/166 921/794/166 953/794/166 952/658/166
f 934/818/180 935/820/180 967/820/180 966/818/180
f 921/794/167 922/796/167 954/796/167 953/794/167
f 908/769/154 909/768/154 941/768/154 940/769/154
f 935/820/181 936/664/181 968/664/181 967/820/181
f 922/796/168 923/798/168 955/798/168 954/796/168
f 909/768/155 910/772/155 942/772/155 941/768/155
f 936/664/182 937/823/182 969/823/182 968/664/182
f 923/798/169 924/800/169 956/800/169 955/798/169
f 910/772/156 911/774/156 943/774/156 942/772/156
f 937/823/183 938/826/183 970/826/183 969/823/183
f 924/800/170 925/802/170 957/802/170 956/800/170
f 911/774/157 912/670/157 944/670/157 943/774/157
f 938/826/184 939/828/184 971/828/184 970/826/184
f 925/802/171 926/804/171 958/804/171 957/802/171
f 912/670/158 913/779/158 945/779/158 944/670/158
f 939/828/185 908/830/185 940/830/185 971/828/185
f 926/804/172 927/806/172 959/806/172 958/804/172
f 913/779/159 914/781/159 946/781/159 945/779/159
f 927/806/173 928/659/173 960/659/173 959/806/173
f 914/781/160 915/783/160 947/783/160 946/781/160
f 928/659/174 929/808/174 961/808/174 960/659/174
f 915/783/161 916/785/161 948/785/161 947/783/161
f 929/808/175 930/810/175 962/810/175 961/808/175
f 916/785/162 917/787/162 949/787/162 948/785/162
f 930/810/176 931/812/176 963/812/176 962/810/176
f 917/787/163 918/789/163 950/789/163 949/787/163
f 931/812/177 932/814/177 964/814/177 963/812/177
f 918/789/164 919/791/164 951/791/164 950/789/164
f 932/814/178 933/816/178 965/816/178 964/814/178
f 919/791/165 920/658/165 952/658/165 951/791/165
f 4781/670/158 976/670/158 977/779/158 4779/833/158
f 968/664/153 969/823/153 1001/823/153 1000/664/153
f 955/798/153 956/800/153 988/800/153 987/798/153
f 942/772/153 943/774/153 975/774/153 974/772/153
f 969/823/153 970/826/153 1002/826/153 1001/823/153
f 956/800/153 957/802/153 989/802/153 988/800/153
f 943/774/153 944/670/153 976/670/153 975/774/153
f 970/826/153 971/828/153 1003/828/153 1002/826/153
f 957/802/153 958/804/153 990/804/153 989/802/153
f 944/670/153 945/779/153 977/779/153 976/670/153
f 971/828/153 940/830/153 972/830/153 1003/828/153
f 958/804/153 959/806/153 991/806/153 990/804/153
f 945/779/153 946/781/153 978/781/153 977/779/153
f 959/806/153 960/659/153 992/659/153 991/806/153
f 946/781/153 947/783/153 979/783/153 978/781/153
f 960/659/153 961/808/153 993/808/153 992/659/153
f 947/783/153 948/785/153 980/785/153 979/783/153
f 961/808/153 962/810/153 994/810/153 993/808/153
f 948/785/153 949/787/153 981/787/153 980/785/153
f 962/810/153 963/812/153 995/812/153 994/810/153
f 949/787/153 950/789/153 982/789/153 981/787/153
f 963/812/153 964/814/153 996/814/153 995/812/153
f 950/789/153 951/791/153 983/791/153 982/789/153
f 964/814/153 965/816/153 997/816/153 996/814/153
f 951/791/153 952/658/153 984/658/153 983/791/153
f 965/816/153 966/818/153 998/818/153 997/816/153
f 952/658/153 953/794/153 985/794/153 984/658/153
f 966/818/153 967/820/153 999/820/153 998/818/153
f 953/794/153 954/796/153 986/796/153 985/794/153
f 940/769/153 941/768/153 973/768/153 972/769/153
f 967/820/153 968/664/153 1000/664/153 999/820/153
f 954/796/153 955/798/153 987/798/153 986/796/153
f 1003/828/185 972/830/185 4769/830/185 4790/828/185
f 4747/804/172 990/804/172 991/806/172 4738/806/172
f 4779/833/159 977/779/159 978/781/159 4786/781/159
f 4738/806/173 991/806/173 992/659/173 4726/659/173
f 4786/781/160 978/781/160 979/783/160 4783/783/160
f 4726/659/174 992/659/174 993/808/174 4729/808/174
f 4783/783/161 979/783/161 980/785/161 4782/785/161
f 4729/808/175 993/808/175 994/810/175 4722/810/175
f 4782/785/162 980/785/162 981/787/162 4785/834/162
f 4722/810/176 994/810/176 995/812/176 4719/812/176
f 4785/834/163 981/787/163 982/789/163 4784/789/163
f 4719/812/177 995/812/177 996/814/177 4718/814/177
f 4784/789/164 982/789/164 983/791/164 4780/791/164
f 4718/814/178 996/814/178 997/816/178 4724/816/178
f 4780/791/165 983/791/165 984/658/165 4778/658/165
f 4724/816/179 997/816/179 998/818/179 4731/818/179
f 4778/658/166 984/658/166 985/794/166 4777/835/166
f 4731/818/180 998/818/180 999/820/180 4730/820/180
f 4777/835/167 985/794/167 986/796/167 4766/796/167
f 4769/769/154 972/769/154 973/768/154 4767/836/154
f 4730/820/181 999/820/181 1000/664/181 4727/664/181
f 4766/796/168 986/796/168 987/798/168 4761/798/168
f 4767/836/155 973/768/155 974/772/155 4789/772/155
f 1000/664/182 1001/823/182 4752/823/182 4727/664/182
f 4761/798/169 987/798/169 988/800/169 4758/800/169
f 4789/772/156 974/772/156 975/774/156 4787/774/156
f 4752/823/183 1001/823/183 1002/826/183 4750/826/183
f 4758/800/170 988/800/170 989/802/170 4740/802/170
f 975/774/157 976/670/157 4781/670/157 4787/774/157
f 4750/826/184 1002/826/184 1003/828/184 4790/828/184
f 4740/802/171 989/802/171 990/804/171 4747/804/171
f 1011/839/153 1043/839/153 1042/840/153 1010/840/153
f 1110/841/165 1016/842/165 1015/843/165 1109/844/165
f 1194/845/179 1030/846/179 1029/847/179 1193/848/179
f 1236/849/166 1017/850/166 1016/842/166 1110/841/166
f 1278/851/180 1031/852/180 1030/846/180 1194/845/180
f 1320/853/167 1018/853/167 1017/850/167 1236/849/167
f 1404/854/154 1005/855/154 1004/856/154 1403/857/154
f 1446/858/181 1032/858/181 1031/852/181 1278/851/181
f 1488/859/168 1019/859/168 1018/853/168 1320/853/168
f 1530/860/155 1006/860/155 1005/855/155 1404/854/155
f 1572/861/182 1033/861/182 1032/858/182 1446/858/182
f 1614/862/169 1020/862/169 1019/859/169 1488/859/169
f 1656/863/156 1007/864/156 1006/860/156 1530/860/156
f 1698/865/183 1034/866/183 1033/861/183 1572/861/183
f 1740/867/170 1021/867/170 1020/862/170 1614/862/170
f 1782/868/157 1008/868/157 1007/864/157 1656/863/157
f 1824/869/184 1035/870/184 1034/866/184 1698/865/184
f 1866/871/171 1022/872/171 1021/867/171 1740/867/171
f 1908/873/158 1009/874/158 1008/868/158 1782/868/158
f 1403/857/185 1004/856/185 1035/870/185 1824/869/185
f 1950/875/172 1023/875/172 1022/872/172 1866/871/172
f 1992/840/159 1010/840/159 1009/874/159 1908/873/159
f 2034/876/173 1024/876/173 1023/875/173 1950/875/173
f 2076/839/160 1011/839/160 1010/840/160 1992/840/160
f 2118/877/174 1025/877/174 1024/876/174 2034/876/174
f 2160/878/161 1012/879/161 1011/839/161 2076/839/161
f 2202/880/175 1026/881/175 1025/877/175 2118/877/175
f 2244/882/162 1013/882/162 1012/879/162 2160/878/162
f 2286/883/176 1027/883/176 1026/881/176 2202/880/176
f 2328/884/163 1014/885/163 1013/882/163 2244/882/163
f 2370/886/177 1028/887/177 1027/883/177 2286/883/177
f 1109/844/164 1015/843/164 1014/885/164 2328/884/164
f 1193/848/178 1029/847/178 1028/887/178 2370/886/178
f 4773/882/163 1045/882/163 1046/885/163 4775/888/163
f 1025/877/153 1057/877/153 1056/876/153 1024/876/153
f 1012/879/153 1044/879/153 1043/839/153 1011/839/153
f 1026/881/153 1058/881/153 1057/877/153 1025/877/153
f 1013/882/153 1045/882/153 1044/879/153 1012/879/153
f 1027/883/153 1059/883/153 1058/881/153 1026/881/153
f 1014/885/153 1046/885/153 1045/882/153 1013/882/153
f 1028/887/153 1060/887/153 1059/883/153 1027/883/153
f 1015/843/153 1047/843/153 1046/885/153 1014/885/153
f 1029/847/153 1061/847/153 1060/887/153 1028/887/153
f 1016/842/153 1048/842/153 1047/843/153 1015/843/153
f 1030/846/153 1062/846/153 1061/847/153 1029/847/153
f 1017/850/153 1049/850/153 1048/842/153 1016/842/153
f 1031/852/153 1063/852/153 1062/846/153 1030/846/153
f 1018/853/153 1050/853/153 1049/850/153 1017/850/153
f 1005/855/153 1037/855/153 1036/856/153 1004/856/153
f 1032/858/153 1064/858/153 1063/852/153 1031/852/153
f 1019/859/153 1051/859/153 1050/853/153 1018/853/153
f 1006/860/153 1038/860/153 1037/855/153 1005/855/153
f 1033/861/153 1065/861/153 1064/858/153 1032/858/153
f 1020/862/153 1052/862/153 1051/859/153 1019/859/153
f 1007/864/153 1039/864/153 1038/860/153 1006/860/153
f 1034/866/153 1066/866/153 1065/861/153 1033/861/153
f 1021/867/153 1053/867/153 1052/862/153 1020/862/153
f 1008/868/153 1040/868/153 1039/864/153 1007/864/153
f 1035/870/153 1067/870/153 1066/866/153 1034/866/153
f 1022/872/153 1054/872/153 1053/867/153 1021/867/153
f 1009/874/153 1041/874/153 1040/868/153 1008/868/153
f 1004/856/153 1036/856/153 1067/870/153 1035/870/153
f 1023/875/153 1055/875/153 1054/872/153 1022/872/153
f 1010/840/153 1042/840/153 1041/874/153 1009/874/153
f 1024/876/153 1056/876/153 1055/875/153 1023/875/153
f 4736/883/177 1059/883/177 1060/887/177 4732/887/177
f 4775/888/164 1046/885/164 1047/843/164 4770/843/164
f 4732/887/178 1060/887/178 1061/847/178 4733/847/178
f 4770/843/165 1047/843/165 1048/842/165 4768/842/165
f 4733/847/179 1061/847/179 1062/846/179 4737/889/179
f 4768/842/166 1048/842/166 1049/850/166 4763/850/166
f 4737/889/180 1062/846/180 1063/852/180 4735/852/180
f 4763/850/167 1049/850/167 1050/853/167 4764/890/167
f 4759/856/154 1036/856/154 1037/855/154 4760/855/154
f 4735/852/181 1063/852/181 1064/858/181 4749/858/181
f 4764/890/168 1050/853/168 1051/859/168 4755/859/168
f 4760/855/155 1037/855/155 1038/860/155 4762/891/155
f 4749/858/182 1064/858/182 1065/861/182 4746/861/182
f 4755/859/169 1051/859/169 1052/862/169 4756/862/169
f 4762/891/156 1038/860/156 1039/864/156 4765/864/156
f 4746/861/183 1065/861/183 1066/866/183 4741/866/183
f 4756/862/170 1052/862/170 1053/867/170 4753/892/170
f 4765/864/157 1039/864/157 1040/868/157 4788/893/157
f 1066/866/184 1067/870/184 4754/870/184 4741/866/184
f 4753/892/171 1053/867/171 1054/872/171 4743/894/171
f 4788/893/158 1040/868/158 1041/874/158 4771/874/158
f 4754/870/185 1067/870/185 1036/856/185 4759/856/185
f 4743/894/172 1054/872/172 1055/875/172 4745/875/172
f 4771/874/159 1041/874/159 1042/840/159 4776/840/159
f 4745/875/173 1055/875/173 1056/876/173 4739/876/173
f 4776/840/160 1042/840/160 1043/839/160 4772/895/160
f 4739/876/174 1056/876/174 1057/877/174 4748/896/174
f 4772/895/161 1043/839/161 1044/879/161 4774/879/161
f 4748/896/175 1057/877/175 1058/881/175 4734/881/175
f 4774/879/162 1044/879/162 1045/882/162 4773/882/162
f 4734/881/176 1058/881/176 1059/883/176 4736/883/176
f 4352/897/178 1152/847/178 2411/887/178 4320/887/178
f 1135/898/153 2479/898/153 2428/899/153 1084/899/153
f 1153/900/178 1154/901/178 2409/902/178 2410/887/178
f 2104/903/152 3448/903/152 3532/879/152 2188/879/152
f 1155/900/178 1156/900/178 2407/904/178 2408/904/178
f 1694/864/152 3038/864/152 3164/868/152 1820/868/152
f 1157/900/178 1158/905/178 2405/906/178 2406/904/178
f 1083/899/152 2427/899/152 2480/898/152 1136/898/152
f 1159/907/178 1160/900/178 2403/904/178 2404/904/178
f 2189/878/153 3533/878/153 3449/903/153 2105/903/153
f 1161/900/178 1162/897/178 2401/908/178 2402/909/178
f 1821/868/153 3165/868/153 3039/864/153 1695/864/153
f 1163/910/178 1164/848/178 2399/911/178 2400/911/178
f 1137/912/153 2481/912/153 2426/913/153 1082/913/153
f 1165/914/178 1166/915/178 2397/908/178 2398/911/178
f 2106/903/152 3450/903/152 3534/878/152 2190/878/152
f 1167/915/178 1168/900/178 2395/911/178 2396/911/178
f 1696/916/152 3040/916/152 3166/893/152 1822/893/152
f 1169/917/178 1170/918/178 2393/911/178 2394/908/178
f 1081/899/152 2425/899/152 2482/898/152 1138/898/152
f 1171/900/178 1172/900/178 2391/908/178 2392/908/178
f 2191/878/153 3535/878/153 3451/919/153 2107/919/153
f 1173/920/178 1174/900/178 2389/904/178 2390/921/178
f 1823/868/153 3167/868/153 3041/864/153 1697/864/153
f 1175/920/178 1176/900/178 2387/902/178 2388/922/178
f 1139/898/153 2483/898/153 2424/899/153 1080/899/153
f 1177/900/178 1178/901/178 2385/902/178 2386/904/178
f 2108/923/152 3452/923/152 3536/924/152 2192/924/152
f 1179/900/178 1180/901/178 2383/902/178 2384/904/178
f 1698/865/152 3042/865/152 3168/869/152 1824/869/152
f 1181/900/178 1182/901/178 2381/902/178 2382/904/178
f 1079/925/152 2423/925/152 2484/912/152 1140/912/152
f 1183/847/178 1184/847/178 2379/887/178 2380/904/178
f 2193/924/153 3537/924/153 3453/926/153 2109/926/153
f 1185/900/178 1186/901/178 2377/904/178 2378/904/178
f 1825/870/153 3169/870/153 3043/927/153 1699/927/153
f 1187/901/178 1188/928/178 2375/902/178 2376/902/178
f 1141/912/153 2485/912/153 2422/899/153 1078/899/153
f 1189/900/178 1190/900/178 2373/904/178 2374/902/178
f 2110/926/152 3454/926/152 3538/924/152 2194/924/152
f 1191/848/178 1192/900/178 2371/906/178 2372/886/178
f 1700/927/152 3044/927/152 3170/869/152 1826/869/152
f 4341/843/164 1068/843/164 2369/929/164 4309/929/164
f 1077/930/152 2421/930/152 2486/912/152 1142/912/152
f 1069/931/164 1070/932/164 2367/933/164 2368/888/164
f 2195/924/153 3539/924/153 3455/919/153 2111/919/153
f 1071/899/164 1072/934/164 2365/885/164 2366/935/164
f 1827/936/153 3171/936/153 3045/937/153 1701/937/153
f 1073/938/164 1074/925/164 2363/888/164 2364/929/164
f 1143/939/153 2487/939/153 2420/899/153 1076/899/153
f 1075/940/164 1076/899/164 2361/941/164 2362/941/164
f 2112/919/152 3456/919/152 3540/924/152 2196/924/152
f 1077/930/164 1078/899/164 2359/941/164 2360/884/164
f 1702/937/152 3046/937/152 3172/936/152 1828/936/152
f 1079/925/164 1080/899/164 2357/885/164 2358/942/164
f 1075/940/152 2419/940/152 2488/943/152 1144/943/152
f 1081/899/164 1082/913/164 2355/929/164 2356/941/164
f 2197/924/153 3541/924/153 3457/919/153 2113/919/153
f 1083/899/164 1084/899/164 2353/942/164 2354/944/164
f 1829/945/153 3173/945/153 3047/937/153 1703/937/153
f 1085/946/164 1086/947/164 2351/944/164 2352/941/164
f 1145/948/153 2489/948/153 2418/925/153 1074/925/153
f 1087/899/164 1088/899/164 2349/941/164 2350/941/164
f 2114/903/152 3458/903/152 3542/924/152 2198/924/152
f 1089/949/164 1090/950/164 2347/951/164 2348/951/164
f 1704/937/152 3048/937/152 3174/936/152 1830/936/152
f 1091/949/164 1092/952/164 2345/942/164 2346/951/164
f 1073/938/152 2417/938/152 2490/842/152 1146/842/152
f 1093/952/164 1094/950/164 2343/942/164 2344/929/164
f 2199/924/153 3543/924/153 3459/903/153 2115/903/153
f 1095/952/164 1096/950/164 2341/953/164 2342/929/164
f 1831/936/153 3175/936/153 3049/937/153 1705/937/153
f 1097/954/164 1098/950/164 2339/884/164 2340/929/164
f 1147/842/153 2491/842/153 2416/934/153 1072/934/153
f 1099/955/164 1100/956/164 2337/953/164 2338/929/164
f 2116/919/152 3460/919/152 3544/924/152 2200/924/152
f 1101/956/164 1102/956/164 2335/941/164 2336/929/164
f 1706/937/152 3050/937/152 3176/957/152 1832/957/152
f 1103/958/164 1104/959/164 2333/960/164 2334/929/164
f 1071/899/152 2415/899/152 2492/842/152 1148/842/152
f 1105/843/164 1106/843/164 2331/941/164 2332/929/164
f 2201/878/153 3545/878/153 3461/903/153 2117/903/153
f 1107/844/164 1108/961/164 2329/942/164 2330/884/164
f 1833/962/153 3177/962/153 3051/865/153 1707/865/153
f 4320/887/177 2411/887/177 2327/883/177 4298/883/177
f 1149/842/153 2493/842/153 2414/932/153 1070/932/153
f 2410/887/177 2409/902/177 2325/883/177 2326/963/177
f 2118/877/152 3462/877/152 3546/880/152 2202/880/152
f 2408/904/177 2407/904/177 2323/964/177 2324/964/177
f 1708/937/152 3052/937/152 3178/957/152 1834/957/152
f 2406/904/177 2405/906/177 2321/965/177 2322/966/177
f 1069/931/152 2413/931/152 2494/842/152 1150/842/152
f 2404/904/177 2403/904/177 2319/965/177 2320/965/177
f 2203/967/153 3547/967/153 3463/877/153 2119/877/153
f 2402/909/177 2401/908/177 2317/883/177 2318/883/177
f 1835/968/153 3179/968/153 3053/937/153 1709/937/153
f 2400/911/177 2399/911/177 2315/965/177 2316/965/177
f 1151/969/153 2495/969/153 2412/843/153 1068/843/153
f 2398/911/177 2397/908/177 2313/966/177 2314/966/177
f 2120/970/152 3464/970/152 3548/967/152 2204/967/152
f 2396/911/177 2395/911/177 2311/966/177 2312/966/177
f 1710/937/152 3054/937/152 3180/971/152 1836/971/152
f 2394/908/177 2393/911/177 2309/964/177 2310/964/177
f 1193/848/152 2537/848/152 2538/845/152 1194/845/152
f 2392/908/177 2391/908/177 2307/972/177 2308/972/177
f 2205/973/153 3549/973/153 3465/974/153 2121/974/153
f 2390/921/177 2389/904/177 2305/972/177 2306/972/177
f 1837/975/153 3181/975/153 3055/865/153 1711/865/153
f 2388/922/177 2387/902/177 2303/976/177 2304/976/177
f 1195/977/153 2539/977/153 2536/900/153 1192/900/153
f 2386/904/177 2385/902/177 2301/978/177 2302/978/177
f 2122/974/152 3466/974/152 3550/973/152 2206/973/152
f 2384/904/177 2383/902/177 2299/979/177 2300/979/177
f 1712/865/152 3056/865/152 3182/957/152 1838/957/152
f 2382/904/177 2381/902/177 2297/980/177 2298/978/177
f 1191/848/152 2535/848/152 2540/977/152 1196/977/152
f 2380/904/177 2379/887/177 2295/981/177 2296/980/177
f 2207/982/153 3551/982/153 3467/983/153 2123/983/153
f 2378/904/177 2377/904/177 2293/980/177 2294/980/177
f 1839/984/153 3183/984/153 3057/985/153 1713/985/153
f 2376/902/177 2375/902/177 2291/964/177 2292/980/177
f 1197/846/153 2541/846/153 2534/900/153 1190/900/153
f 2374/902/177 2373/904/177 2289/964/177 2290/964/177
f 2124/983/152 3468/983/152 3552/973/152 2208/973/152
f 2372/886/177 2371/906/177 2287/986/177 2288/965/177
f 1714/985/152 3058/985/152 3184/971/152 1840/971/152
f 4309/929/163 2369/929/163 2285/882/163 4287/882/163
f 1189/900/152 2533/900/152 2542/846/152 1198/846/152
f 2368/888/163 2367/933/163 2283/882/163 2284/987/163
f 2209/973/153 3553/973/153 3469/983/153 2125/983/153
f 2366/935/163 2365/885/163 2281/988/163 2282/989/163
f 1841/990/153 3185/990/153 3059/985/153 1715/985/153
f 2364/929/163 2363/888/163 2279/991/163 2280/988/163
f 1199/992/153 2543/992/153 2532/928/153 1188/928/153
f 2362/941/163 2361/941/163 2277/993/163 2278/993/163
f 2126/983/152 3470/983/152 3554/973/152 2210/973/152
f 2360/884/163 2359/941/163 2275/882/163 2276/991/163
f 1716/985/152 3060/985/152 3186/994/152 1842/994/152
f 2358/942/163 2357/885/163 2273/882/163 2274/882/163
f 1187/901/152 2531/901/152 2544/846/152 1200/846/152
f 2356/941/163 2355/929/163 2271/988/163 2272/989/163
f 2211/982/153 3555/982/153 3471/995/153 2127/995/153
f 2354/944/163 2353/942/163 2269/988/163 2270/988/163
f 1843/994/153 3187/994/153 3061/985/153 1717/985/153
f 2352/941/163 2351/944/163 2267/988/163 2268/988/163
f 1201/846/153 2545/846/153 2530/901/153 1186/901/153
f 2350/941/163 2349/941/163 2265/996/163 2266/996/163
f 2128/974/152 3472/974/152 3556/973/152 2212/973/152
f 2348/951/163 2347/951/163 2263/997/163 2264/996/163
f 1718/985/152 3062/985/152 3188/998/152 1844/998/152
f 2346/951/163 2345/942/163 2261/996/163 2262/997/163
f 1185/900/152 2529/900/152 2546/846/152 1202/846/152
f 2344/929/163 2343/942/163 2259/997/163 2260/996/163
f 2213/973/153 3557/973/153 3473/974/153 2129/974/153
f 2342/929/163 2341/953/163 2257/988/163 2258/999/163
f 1845/998/153 3189/998/153 3063/937/153 1719/937/153
f 2340/929/163 2339/884/163 2255/999/163 2256/996/163
f 1203/992/153 2547/992/153 2528/847/153 1184/847/153
f 2338/929/163 2337/953/163 2253/993/163 2254/999/163
f 2130/1000/152 3474/1000/152 3558/880/152 2214/880/152
f 2336/929/163 2335/941/163 2251/988/163 2252/988/163
f 1720/937/152 3064/937/152 3190/936/152 1846/936/152
f 2334/929/163 2333/960/163 2249/988/163 2250/988/163
f 1183/847/152 2527/847/152 2548/846/152 1204/846/152
f 2332/929/163 2331/941/163 2247/988/163 2248/988/163
f 2215/880/153 3559/880/153 3475/1001/153 2131/1001/153
f 2330/884/163 2329/942/163 2245/987/163 2246/991/163
f 1847/936/153 3191/936/153 3065/865/153 1721/865/153
f 4298/883/176 2327/883/176 2243/881/176 4276/881/176
f 1205/846/153 2549/846/153 2526/901/153 1182/901/153
f 2326/963/176 2325/883/176 2241/1002/176 2242/1003/176
f 2132/1001/152 3476/1001/152 3560/880/152 2216/880/152
f 2324/964/176 2323/964/176 2239/881/176 2240/1002/176
f 1722/937/152 3066/937/152 3192/1004/152 1848/1004/152
f 2322/966/176 2321/965/176 2237/1003/176 2238/881/176
f 1181/900/152 2525/900/152 2550/846/152 1206/846/152
f 2320/965/176 2319/965/176 2235/982/176 2236/1003/176
f 2217/881/153 3561/881/153 3477/1000/153 2133/1000/153
f 2318/883/176 2317/883/176 2233/973/176 2234/982/176
f 1849/945/153 3193/945/153 3067/865/153 1723/865/153
f 2316/965/176 2315/965/176 2231/973/176 2232/973/176
f 1207/845/153 2551/845/153 2524/901/153 1180/901/153
f 2314/966/176 2313/966/176 2229/880/176 2230/880/176
f 2134/1005/152 3478/1005/152 3562/881/152 2218/881/152
f 2312/966/176 2311/966/176 2227/973/176 2228/880/176
f 1724/865/152 3068/865/152 3194/936/152 1850/936/152
f 2310/964/176 2309/964/176 2225/973/176 2226/880/176
f 1179/900/152 2523/900/152 2552/977/152 1208/977/152
f 2308/972/176 2307/972/176 2223/973/176 2224/973/176
f 2219/881/153 3563/881/153 3479/1006/153 2135/1006/153
f 2306/972/176 2305/972/176 2221/1003/176 2222/1003/176
f 1851/936/153 3195/936/153 3069/865/153 1725/865/153
f 2304/976/176 2303/976/176 2219/881/176 2220/1003/176
f 1209/845/153 2553/845/153 2522/901/153 1178/901/153
f 2302/978/176 2301/978/176 2217/881/176 2218/881/176
f 2136/974/152 3480/974/152 3564/1003/152 2220/1003/152
f 2300/979/176 2299/979/176 2215/880/176 2216/880/176
f 1726/937/152 3070/937/152 3196/1007/152 1852/1007/152
f 2298/978/176 2297/980/176 2213/973/176 2214/880/176
f 1177/900/152 2521/900/152 2554/846/152 1210/846/152
f 2296/980/176 2295/981/176 2211/982/176 2212/973/176
f 2221/1003/153 3565/1003/153 3481/974/153 2137/974/153
f 2294/980/176 2293/980/176 2209/973/176 2210/973/176
f 1853/1008/153 3197/1008/153 3071/865/153 1727/865/153
f 2292/980/176 2291/964/176 2207/982/176 2208/973/176
f 1211/845/153 2555/845/153 2520/900/153 1176/900/153
f 2290/964/176 2289/964/176 2205/973/176 2206/973/176
f 2138/974/152 3482/974/152 3566/1003/152 2222/1003/152
f 2288/965/176 2287/986/176 2203/967/176 2204/967/176
f 1728/865/152 3072/865/152 3198/870/152 1854/870/152
f 4287/882/162 2285/882/162 2201/878/162 4265/878/162
f 1175/920/152 2519/920/152 2556/977/152 1212/977/152
f 2284/987/162 2283/882/162 2199/924/162 2200/924/162
f 2223/973/153 3567/973/153 3483/995/153 2139/995/153
f 2282/989/162 2281/988/162 2197/924/162 2198/924/162
f 1855/870/153 3199/870/153 3073/937/153 1729/937/153
f 2280/988/162 2279/991/162 2195/924/162 2196/924/162
f 1213/977/153 2557/977/153 2518/900/153 1174/900/153
f 2278/993/162 2277/993/162 2193/924/162 2194/924/162
f 2140/995/152 3484/995/152 3568/973/152 2224/973/152
f 2276/991/162 2275/882/162 2191/878/162 2192/924/162
f 1730/865/152 3074/865/152 3200/1009/152 1856/1009/152
f 2274/882/162 2273/882/162 2189/878/162 2190/878/162
f 1173/920/152 2517/920/152 2558/977/152 1214/977/152
f 2272/989/162 2271/988/162 2187/879/162 2188/879/162
f 2225/973/153 3569/973/153 3485/995/153 2141/995/153
f 2270/988/162 2269/988/162 2185/879/162 2186/879/162
f 1857/1010/153 3201/1010/153 3075/865/153 1731/865/153
f 2268/988/162 2267/988/162 2183/1011/162 2184/1011/162
f 1215/977/153 2559/977/153 2516/900/153 1172/900/153
f 2266/996/162 2265/996/162 2181/1011/162 2182/1011/162
f 2142/970/152 3486/970/152 3570/880/152 2226/880/152
f 2264/996/162 2263/997/162 2179/1011/162 2180/1011/162
f 1732/985/152 3076/985/152 3202/1010/152 1858/1010/152
f 2262/997/162 2261/996/162 2177/1011/162 2178/1011/162
f 1171/900/152 2515/900/152 2560/977/152 1216/977/152
f 2260/996/162 2259/997/162 2175/879/162 2176/1011/162
f 2227/973/153 3571/973/153 3487/877/153 2143/877/153
f 2258/999/162 2257/988/162 2173/879/162 2174/878/162
f 1859/1004/153 3203/1004/153 3077/866/153 1733/866/153
f 2256/996/162 2255/999/162 2171/879/162 2172/879/162
f 1217/977/153 2561/977/153 2514/918/153 1170/918/153
f 2254/999/162 2253/993/162 2169/879/162 2170/879/162
f 2144/877/152 3488/877/152 3572/880/152 2228/880/152
f 2252/988/162 2251/988/162 2167/879/162 2168/879/162
f 1734/866/152 3078/866/152 3204/1004/152 1860/1004/152
f 2250/988/162 2249/988/162 2165/878/162 2166/879/162
f 1169/917/152 2513/917/152 2562/1012/152 1218/1012/152
f 2248/988/162 2247/988/162 2163/878/162 2164/878/162
f 2229/880/153 3573/880/153 3489/877/153 2145/877/153
f 2246/991/162 2245/987/162 2161/924/162 2162/924/162
f 1861/936/153 3205/936/153 3079/866/153 1735/866/153
f 4276/881/175 2243/881/175 2159/877/175 4254/877/175
f 1219/1013/153 2563/1013/153 2512/900/153 1168/900/153
f 2242/1003/175 2241/1002/175 2157/877/175 2158/1014/175
f 2146/877/152 3490/877/152 3574/880/152 2230/880/152
f 2240/1002/175 2239/881/175 2155/877/175 2156/877/175
f 1736/1015/152 3080/1015/152 3206/1007/152 1862/1007/152
f 2238/881/175 2237/1003/175 2153/896/175 2154/877/175
f 1167/915/152 2511/915/152 2564/1012/152 1220/1012/152
f 2236/1003/175 2235/982/175 2151/1016/175 2152/1017/175
f 2231/973/153 3575/973/153 3491/896/153 2147/896/153
f 2234/982/175 2233/973/175 2149/1018/175 2150/1019/175
f 1863/1020/153 3207/1020/153 3081/1015/153 1737/1015/153
f 2232/973/175 2231/973/175 2147/896/175 2148/896/175
f 1221/977/153 2565/977/153 2510/915/153 1166/915/153
f 2230/880/175 2229/880/175 2145/877/175 2146/877/175
f 2148/896/152 3492/896/152 3576/973/152 2232/973/152
f 2228/880/175 2227/973/175 2143/877/175 2144/877/175
f 1738/866/152 3082/866/152 3208/1021/152 1864/1021/152
f 2226/880/175 2225/973/175 2141/995/175 2142/970/175
f 1165/914/152 2509/914/152 2566/1012/152 1222/1012/152
f 2224/973/175 2223/973/175 2139/995/175 2140/995/175
f 2233/973/153 3577/973/153 3493/1018/153 2149/1018/153
f 2222/1003/175 2221/1003/175 2137/974/175 2138/974/175
f 1865/1008/153 3209/1008/153 3083/866/153 1739/866/153
f 2220/1003/175 2219/881/175 2135/1006/175 2136/974/175
f 1223/977/153 2567/977/153 2508/848/153 1164/848/153
f 2218/881/175 2217/881/175 2133/1000/175 2134/1005/175
f 2150/1019/152 3494/1019/152 3578/982/152 2234/982/152
f 2216/880/175 2215/880/175 2131/1001/175 2132/1001/175
f 1740/867/152 3084/867/152 3210/871/152 1866/871/152
f 2214/880/175 2213/973/175 2129/974/175 2130/1000/175
f 1163/910/152 2507/910/152 2568/977/152 1224/977/152
f 2212/973/175 2211/982/175 2127/995/175 2128/974/175
f 2235/982/153 3579/982/153 3495/1016/153 2151/1016/153
f 2210/973/175 2209/973/175 2125/983/175 2126/983/175
f 1867/1022/153 3211/1022/153 3085/1023/153 1741/1023/153
f 2208/973/175 2207/982/175 2123/983/175 2124/983/175
f 1225/1013/153 2569/1013/153 2506/897/153 1162/897/153
f 2206/973/175 2205/973/175 2121/974/175 2122/974/175
f 2152/1017/152 3496/1017/152 3580/1003/152 2236/1003/152
f 2204/967/175 2203/967/175 2119/877/175 2120/970/175
f 1742/1024/152 3086/1024/152 3212/1022/152 1868/1022/152
f 4265/878/161 2201/878/161 2117/903/161 4243/903/161
f 1161/900/152 2505/900/152 2570/1025/152 1226/1025/152
f 2200/924/161 2199/924/161 2115/903/161 2116/919/161
f 2237/1003/153 3581/1003/153 3497/896/153 2153/896/153
f 2198/924/161 2197/924/161 2113/919/161 2114/903/161
f 1869/1026/153 3213/1026/153 3087/892/153 1743/892/153
f 2196/924/161 2195/924/161 2111/919/161 2112/919/161
f 1227/1025/153 2571/1025/153 2504/900/153 1160/900/153
f 2194/924/161 2193/924/161 2109/926/161 2110/926/161
f 2154/877/152 3498/877/152 3582/881/152 2238/881/152
f 2192/924/161 2191/878/161 2107/919/161 2108/923/161
f 1744/892/152 3088/892/152 3214/1026/152 1870/1026/152
f 2190/878/161 2189/878/161 2105/903/161 2106/903/161
f 1159/907/152 2503/907/152 2572/1013/152 1228/1013/152
f 2188/879/161 2187/879/161 2103/919/161 2104/903/161
f 2239/881/153 3583/881/153 3499/877/153 2155/877/153
f 2186/879/161 2185/879/161 2101/919/161 2102/919/161
f 1871/1027/153 3215/1027/153 3089/892/153 1745/892/153
f 2184/1011/161 2183/1011/161 2099/919/161 2100/919/161
f 1229/977/153 2573/977/153 2502/905/153 1158/905/153
f 2182/1011/161 2181/1011/161 2097/919/161 2098/919/161
f 2156/877/152 3500/877/152 3584/1002/152 2240/1002/152
f 2180/1011/161 2179/1011/161 2095/926/161 2096/919/161
f 1746/1028/152 3090/1028/152 3216/1026/152 1872/1026/152
f 2178/1011/161 2177/1011/161 2093/919/161 2094/926/161
f 1157/900/152 2501/900/152 2574/1013/152 1230/1013/152
f 2176/1011/161 2175/879/161 2091/926/161 2092/919/161
f 2241/1002/153 3585/1002/153 3501/877/153 2157/877/153
f 2174/878/161 2173/879/161 2089/1029/161 2090/926/161
f 1873/1026/153 3217/1026/153 3091/1028/153 1747/1028/153
f 2172/879/161 2171/879/161 2087/1030/161 2088/1031/161
f 1231/1012/153 2575/1012/153 2500/900/153 1156/900/153
f 2170/879/161 2169/879/161 2085/1032/161 2086/1030/161
f 2158/1014/152 3502/1014/152 3586/1003/152 2242/1003/152
f 2168/879/161 2167/879/161 2083/1029/161 2084/1029/161
f 1748/1028/152 3092/1028/152 3218/1026/152 1874/1026/152
f 2166/879/161 2165/878/161 2081/919/161 2082/1029/161
f 1155/900/152 2499/900/152 2576/1013/152 1232/1013/152
f 2164/878/161 2163/878/161 2079/919/161 2080/919/161
f 2243/881/153 3587/881/153 3503/877/153 2159/877/153
f 2162/924/161 2161/924/161 2077/919/161 2078/919/161
f 1875/1027/153 3219/1027/153 3093/1033/153 1749/1033/153
f 4254/877/174 2159/877/174 2075/876/174 4232/876/174
f 1233/977/153 2577/977/153 2498/901/153 1154/901/153
f 2158/1014/174 2157/877/174 2073/876/174 2074/876/174
f 2160/878/152 3504/878/152 3588/882/152 2244/882/152
f 2156/877/174 2155/877/174 2071/876/174 2072/876/174
f 1750/1028/152 3094/1028/152 3220/1026/152 1876/1026/152
f 2154/877/174 2153/896/174 2069/1034/174 2070/876/174
f 1153/900/152 2497/900/152 2578/977/152 1234/977/152
f 2152/1017/174 2151/1016/174 2067/1035/174 2068/1034/174
f 2245/987/153 3589/987/153 3505/924/153 2161/924/153
f 2150/1019/174 2149/1018/174 2065/1035/174 2066/1035/174
f 1877/1026/153 3221/1026/153 3095/1028/153 1751/1028/153
f 2148/896/174 2147/896/174 2063/1036/174 2064/1035/174
f 1235/845/153 2579/845/153 2496/847/153 1152/847/153
f 2146/877/174 2145/877/174 2061/1036/174 2062/1036/174
f 2162/924/152 3506/924/152 3590/991/152 2246/991/152
f 2144/877/174 2143/877/174 2059/1036/174 2060/1036/174
f 1752/1037/152 3096/1037/152 3222/871/152 1878/871/152
f 2142/970/174 2141/995/174 2057/1035/174 2058/1035/174
f 1110/841/152 2454/841/152 2580/849/152 1236/849/152
f 2140/995/174 2139/995/174 2055/1034/174 2056/1034/174
f 2247/988/153 3591/988/153 3507/878/153 2163/878/153
f 2138/974/174 2137/974/174 2053/876/174 2054/876/174
f 1879/871/153 3223/871/153 3097/1038/153 1753/1038/153
f 2136/974/174 2135/1006/174 2051/876/174 2052/876/174
f 1237/849/153 2581/849/153 2455/1039/153 1111/1039/153
f 2134/1005/174 2133/1000/174 2049/876/174 2050/1040/174
f 2164/878/152 3508/878/152 3592/988/152 2248/988/152
f 2132/1001/174 2131/1001/174 2047/876/174 2048/876/174
f 1754/1038/152 3098/1038/152 3224/871/152 1880/871/152
f 2130/1000/174 2129/974/174 2045/876/174 2046/876/174
f 1112/1039/152 2456/1039/152 2582/849/152 1238/849/152
f 2128/974/174 2127/995/174 2043/1034/174 2044/876/174
f 2249/988/153 3593/988/153 3509/878/153 2165/878/153
f 2126/983/174 2125/983/174 2041/1034/174 2042/1034/174
f 1881/872/153 3225/872/153 3099/1037/153 1755/1037/153
f 2124/983/174 2123/983/174 2039/1034/174 2040/1034/174
f 1239/849/153 2583/849/153 2457/842/153 1113/842/153
f 2122/974/174 2121/974/174 2037/876/174 2038/876/174
f 2166/879/152 3510/879/152 3594/988/152 2250/988/152
f 2120/970/174 2119/877/174 2035/876/174 2036/876/174
f 1756/1037/152 3100/1037/152 3226/872/152 1882/872/152
f 4243/903/160 2117/903/160 2033/1041/160 4221/1041/160
f 1114/842/152 2458/842/152 2584/850/152 1240/850/152
f 2116/919/160 2115/903/160 2031/1042/160 2032/1043/160
f 2251/988/153 3595/988/153 3511/879/153 2167/879/153
f 2114/903/160 2113/919/160 2029/1043/160 2030/1042/160
f 1883/872/153 3227/872/153 3101/1044/153 1757/1044/153
f 2112/919/160 2111/919/160 2027/1043/160 2028/1043/160
f 1241/1045/153 2585/1045/153 2459/1046/153 1115/1046/153
f 2110/926/160 2109/926/160 2025/1043/160 2026/1042/160
f 2168/879/152 3512/879/152 3596/988/152 2252/988/152
f 2108/923/160 2107/919/160 2023/1042/160 2024/1047/160
f 1758/1044/152 3102/1044/152 3228/1048/152 1884/1048/152
f 2106/903/160 2105/903/160 2021/1043/160 2022/1043/160
f 1116/948/152 2460/948/152 2586/1045/152 1242/1045/152
f 2104/903/160 2103/919/160 2019/1043/160 2020/1042/160
f 2253/993/153 3597/993/153 3513/879/153 2169/879/153
f 2102/919/160 2101/919/160 2017/1043/160 2018/1043/160
f 1885/1048/153 3229/1048/153 3103/1049/153 1759/1049/153
f 2100/919/160 2099/919/160 2015/1041/160 2016/1050/160
f 1243/1045/153 2587/1045/153 2461/948/153 1117/948/153
f 2098/919/160 2097/919/160 2013/1050/160 2014/1050/160
f 2170/879/152 3514/879/152 3598/999/152 2254/999/152
f 2096/919/160 2095/926/160 2011/1050/160 2012/1050/160
f 1760/1049/152 3104/1049/152 3230/1048/152 1886/1048/152
f 2094/926/160 2093/919/160 2009/1051/160 2010/1050/160
f 1118/948/152 2462/948/152 2588/1045/152 1244/1045/152
f 2092/919/160 2091/926/160 2007/1051/160 2008/1051/160
f 2255/999/153 3599/999/153 3515/879/153 2171/879/153
f 2090/926/160 2089/1029/160 2005/840/160 2006/1041/160
f 1887/1026/153 3231/1026/153 3105/1049/153 1761/1049/153
f 2088/1031/160 2087/1030/160 2003/1051/160 2004/1051/160
f 1245/1052/153 2589/1052/153 2463/842/153 1119/842/153
f 2086/1030/160 2085/1032/160 2001/840/160 2002/1051/160
f 2172/879/152 3516/879/152 3600/996/152 2256/996/152
f 2084/1029/160 2083/1029/160 1999/1051/160 2000/1051/160
f 1762/1049/152 3106/1049/152 3232/1026/152 1888/1026/152
f 2082/1029/160 2081/919/160 1997/1051/160 1998/1051/160
f 1120/842/152 2464/842/152 2590/849/152 1246/849/152
f 2080/919/160 2079/919/160 1995/1051/160 1996/1051/160
f 2257/988/153 3601/988/153 3517/879/153 2173/879/153
f 2078/919/160 2077/919/160 1993/1041/160 1994/1041/160
f 1889/1026/153 3233/1026/153 3107/892/153 1763/892/153
f 4232/876/173 2075/876/173 1991/875/173 4210/875/173
f 1247/849/153 2591/849/153 2465/842/153 1121/842/153
f 2074/876/173 2073/876/173 1989/875/173 1990/1053/173
f 2174/878/152 3518/878/152 3602/999/152 2258/999/152
f 2072/876/173 2071/876/173 1987/875/173 1988/875/173
f 1764/892/152 3108/892/152 3234/871/152 1890/871/152
f 2070/876/173 2069/1034/173 1985/1054/173 1986/875/173
f 1122/842/152 2466/842/152 2592/1055/152 1248/1055/152
f 2068/1034/173 2067/1035/173 1983/1056/173 1984/1056/173
f 2259/997/153 3603/997/153 3519/879/153 2175/879/153
f 2066/1035/173 2065/1035/173 1981/1054/173 1982/1057/173
f 1891/1026/153 3235/1026/153 3109/1058/153 1765/1058/153
f 2064/1035/173 2063/1036/173 1979/1054/173 1980/1054/173
f 1249/1055/153 2593/1055/153 2467/842/153 1123/842/153
f 2062/1036/173 2061/1036/173 1977/875/173 1978/875/173
f 2176/1011/152 3520/1011/152 3604/996/152 2260/996/152
f 2060/1036/173 2059/1036/173 1975/875/173 1976/875/173
f 1766/1058/152 3110/1058/152 3236/871/152 1892/871/152
f 2058/1035/173 2057/1035/173 1973/1059/173 1974/1060/173
f 1124/842/152 2468/842/152 2594/1055/152 1250/1055/152
f 2056/1034/173 2055/1034/173 1971/1059/173 1972/1059/173
f 2261/996/153 3605/996/153 3521/1011/153 2177/1011/153
f 2054/876/173 2053/876/173 1969/1061/173 1970/1061/173
f 1893/871/153 3237/871/153 3111/1058/153 1767/1058/153
f 2052/876/173 2051/876/173 1967/1062/173 1968/1061/173
f 1251/1055/153 2595/1055/153 2469/969/153 1125/969/153
f 2050/1040/173 2049/876/173 1965/1063/173 1966/1064/173
f 2178/1011/152 3522/1011/152 3606/997/152 2262/997/152
f 2048/876/173 2047/876/173 1963/1065/173 1964/1065/173
f 1768/1058/152 3112/1058/152 3238/871/152 1894/871/152
f 2046/876/173 2045/876/173 1961/1061/173 1962/1063/173
f 1126/1066/152 2470/1066/152 2596/1055/152 1252/1055/152
f 2044/876/173 2043/1034/173 1959/1059/173 1960/1061/173
f 2263/997/153 3607/997/153 3523/1011/153 2179/1011/153
f 2042/1034/173 2041/1034/173 1957/1067/173 1958/1067/173
f 1895/1026/153 3239/1026/153 3113/1024/153 1769/1024/153
f 2040/1034/173 2039/1034/173 1955/1067/173 1956/1067/173
f 1253/1068/153 2597/1068/153 2471/842/153 1127/842/153
f 2038/876/173 2037/876/173 1953/1061/173 1954/1061/173
f 2180/1011/152 3524/1011/152 3608/996/152 2264/996/152
f 2036/876/173 2035/876/173 1951/875/173 1952/1060/173
f 1770/1024/152 3114/1024/152 3240/1026/152 1896/1026/152
f 4221/1041/159 2033/1041/159 1949/874/159 4199/874/159
f 1128/842/152 2472/842/152 2598/1068/152 1254/1068/152
f 2032/1043/159 2031/1042/159 1947/874/159 1948/1069/159
f 2265/996/153 3609/996/153 3525/1011/153 2181/1011/153
f 2030/1042/159 2029/1043/159 1945/874/159 1946/874/159
f 1897/872/153 3241/872/153 3115/1033/153 1771/1033/153
f 2028/1043/159 2027/1043/159 1943/1070/159 1944/874/159
f 1255/1068/153 2599/1068/153 2473/842/153 1129/842/153
f 2026/1042/159 2025/1043/159 1941/1071/159 1942/1072/159
f 2182/1011/152 3526/1011/152 3610/996/152 2266/996/152
f 2024/1047/159 2023/1042/159 1939/1070/159 1940/1072/159
f 1772/867/152 3116/867/152 3242/1027/152 1898/1027/152
f 2022/1043/159 2021/1043/159 1937/1071/159 1938/1071/159
f 1130/969/152 2474/969/152 2600/849/152 1256/849/152
f 2020/1042/159 2019/1043/159 1935/1072/159 1936/1072/159
f 2267/988/153 3611/988/153 3527/1011/153 2183/1011/153
f 2018/1043/159 2017/1043/159 1933/1073/159 1934/1072/159
f 1899/1027/153 3243/1027/153 3117/1024/153 1773/1024/153
f 2016/1050/159 2015/1041/159 1931/1074/159 1932/1073/159
f 1257/1052/153 2601/1052/153 2475/948/153 1131/948/153
f 2014/1050/159 2013/1050/159 1929/1073/159 1930/1073/159
f 2184/1011/152 3528/1011/152 3612/988/152 2268/988/152
f 2012/1050/159 2011/1050/159 1927/1074/159 1928/1073/159
f 1774/1024/152 3118/1024/152 3244/1048/152 1900/1048/152
f 2010/1050/159 2009/1051/159 1925/1075/159 1926/1074/159
f 1132/1046/152 2476/1046/152 2602/1052/152 1258/1052/152
f 2008/1051/159 2007/1051/159 1923/1073/159 1924/1069/159
f 2269/988/153 3613/988/153 3529/879/153 2185/879/153
f 2006/1041/159 2005/840/159 1921/1076/159 1922/1076/159
f 1901/1048/153 3245/1048/153 3119/1024/153 1775/1024/153
f 2004/1051/159 2003/1051/159 1919/1073/159 1920/1073/159
f 1259/1077/153 2603/1077/153 2477/912/153 1133/912/153
f 2002/1051/159 2001/840/159 1917/1076/159 1918/1073/159
f 2186/879/152 3530/879/152 3614/988/152 2270/988/152
f 2000/1051/159 1999/1051/159 1915/1072/159 1916/1072/159
f 1776/1058/152 3120/1058/152 3246/872/152 1902/872/152
f 1998/1051/159 1997/1051/159 1913/1070/159 1914/1070/159
f 1134/898/152 2478/898/152 2604/849/152 1260/849/152
f 1996/1051/159 1995/1051/159 1911/1069/159 1912/1070/159
f 2271/988/153 3615/988/153 3531/879/153 2187/879/153
f 1994/1041/159 1993/1041/159 1909/1069/159 1910/1069/159
f 1903/872/153 3247/872/153 3121/892/153 1777/892/153
f 4210/875/172 1991/875/172 1907/872/172 4188/872/172
f 1261/849/153 2605/849/153 2479/898/153 1135/898/153
f 1990/1053/172 1989/875/172 1905/1078/172 1906/1048/172
f 2188/879/152 3532/879/152 3616/989/152 2272/989/152
f 1988/875/172 1987/875/172 1903/872/172 1904/1078/172
f 1778/892/152 3122/892/152 3248/1078/152 1904/1078/152
f 1986/875/172 1985/1054/172 1901/1048/172 1902/872/172
f 1136/898/152 2480/898/152 2606/850/152 1262/850/152
f 1984/1056/172 1983/1056/172 1899/1027/172 1900/1048/172
f 2273/882/153 3617/882/153 3533/878/153 2189/878/153
f 1982/1057/172 1981/1054/172 1897/872/172 1898/1027/172
f 1905/1078/153 3249/1078/153 3123/867/153 1779/867/153
f 1980/1054/172 1979/1054/172 1895/1026/172 1896/1026/172
f 1263/850/153 2607/850/153 2481/912/153 1137/912/153
f 1978/875/172 1977/875/172 1893/871/172 1894/871/172
f 2190/878/152 3534/878/152 3618/882/152 2274/882/152
f 1976/875/172 1975/875/172 1891/1026/172 1892/871/172
f 1780/1079/152 3124/1079/152 3250/1048/152 1906/1048/152
f 1974/1060/172 1973/1059/172 1889/1026/172 1890/871/172
f 1138/898/152 2482/898/152 2608/850/152 1264/850/152
f 1972/1059/172 1971/1059/172 1887/1026/172 1888/1026/172
f 2275/882/153 3619/882/153 3535/878/153 2191/878/153
f 1970/1061/172 1969/1061/172 1885/1048/172 1886/1048/172
f 1907/872/153 3251/872/153 3125/867/153 1781/867/153
f 1968/1061/172 1967/1062/172 1883/872/172 1884/1048/172
f 1265/850/153 2609/850/153 2483/898/153 1139/898/153
f 1966/1064/172 1965/1063/172 1881/872/172 1882/872/172
f 2192/924/152 3536/924/152 3620/991/152 2276/991/152
f 1964/1065/172 1963/1065/172 1879/871/172 1880/871/172
f 1782/868/152 3126/868/152 3252/873/152 1908/873/152
f 1962/1063/172 1961/1061/172 1877/1026/172 1878/871/172
f 1140/912/152 2484/912/152 2610/850/152 1266/850/152
f 1960/1061/172 1959/1059/172 1875/1027/172 1876/1026/172
f 2277/993/153 3621/993/153 3537/924/153 2193/924/153
f 1958/1067/172 1957/1067/172 1873/1026/172 1874/1026/172
f 1909/1069/153 3253/1069/153 3127/893/153 1783/893/153
f 1956/1067/172 1955/1067/172 1871/1027/172 1872/1026/172
f 1267/850/153 2611/850/153 2485/912/153 1141/912/153
f 1954/1061/172 1953/1061/172 1869/1026/172 1870/1026/172
f 2194/924/152 3538/924/152 3622/993/152 2278/993/152
f 1952/1060/172 1951/875/172 1867/1022/172 1868/1022/172
f 1784/893/152 3128/893/152 3254/1069/152 1910/1069/152
f 4363/1080/185 1362/1081/185 1865/1008/185 4177/1082/185
f 1142/912/152 2486/912/152 2612/1083/152 1268/1083/152
f 1363/1080/185 1364/1080/185 1863/1020/185 1864/1021/185
f 2279/991/153 3623/991/153 3539/924/153 2195/924/153
f 1365/1084/185 1366/1080/185 1861/936/185 1862/1007/185
f 1911/1069/153 3255/1069/153 3129/868/153 1785/868/153
f 1367/1081/185 1368/1085/185 1859/1004/185 1860/1004/185
f 1269/1045/153 2613/1045/153 2487/939/153 1143/939/153
f 1369/856/185 1370/1081/185 1857/1010/185 1858/1010/185
f 2196/924/152 3540/924/152 3624/988/152 2280/988/152
f 1371/1086/185 1372/1081/185 1855/870/185 1856/1009/185
f 1786/868/152 3130/868/152 3256/1070/152 1912/1070/152
f 1373/1087/185 1374/856/185 1853/1008/185 1854/870/185
f 1144/943/152 2488/943/152 2614/1045/152 1270/1045/152
f 1375/856/185 1376/1081/185 1851/936/185 1852/1007/185
f 2281/988/153 3625/988/153 3541/924/153 2197/924/153
f 1377/856/185 1378/1086/185 1849/945/185 1850/936/185
f 1913/1070/153 3257/1070/153 3131/868/153 1787/868/153
f 1379/1088/185 1380/1089/185 1847/936/185 1848/1004/185
f 1271/850/153 2615/850/153 2489/948/153 1145/948/153
f 1381/1088/185 1382/1088/185 1845/998/185 1846/936/185
f 2198/924/152 3542/924/152 3626/989/152 2282/989/152
f 1383/1090/185 1384/856/185 1843/994/185 1844/998/185
f 1788/868/152 3132/868/152 3258/1070/152 1914/1070/152
f 1385/1090/185 1386/1088/185 1841/990/185 1842/994/185
f 1146/842/152 2490/842/152 2616/850/152 1272/850/152
f 1387/856/185 1388/856/185 1839/984/185 1840/971/185
f 2283/882/153 3627/882/153 3543/924/153 2199/924/153
f 1389/856/185 1390/856/185 1837/975/185 1838/957/185
f 1915/1072/153 3259/1072/153 3133/868/153 1789/868/153
f 1391/1081/185 1392/1081/185 1835/968/185 1836/971/185
f 1273/850/153 2617/850/153 2491/842/153 1147/842/153
f 1393/1081/185 1394/1080/185 1833/962/185 1834/957/185
f 2200/924/152 3544/924/152 3628/987/152 2284/987/152
f 1395/1080/185 1396/1080/185 1831/936/185 1832/957/185
f 1790/868/152 3134/868/152 3260/1072/152 1916/1072/152
f 1397/1080/185 1398/1091/185 1829/945/185 1830/936/185
f 1148/842/152 2492/842/152 2618/850/152 1274/850/152
f 1399/1080/185 1400/1080/185 1827/936/185 1828/936/185
f 2285/882/153 3629/882/153 3545/878/153 2201/878/153
f 1401/1092/185 1402/1080/185 1825/870/185 1826/869/185
f 1917/1076/153 3261/1076/153 3135/893/153 1791/893/153
f 4199/874/158 1949/874/158 1823/868/158 4166/868/158
f 1275/850/153 2619/850/153 2493/842/153 1149/842/153
f 1948/1069/158 1947/874/158 1821/868/158 1822/893/158
f 2202/880/152 3546/880/152 3630/883/152 2286/883/152
f 1946/874/158 1945/874/158 1819/893/158 1820/868/158
f 1792/893/152 3136/893/152 3262/1073/152 1918/1073/152
f 1944/874/158 1943/1070/158 1817/1093/158 1818/893/158
f 1150/842/152 2494/842/152 2620/1052/152 1276/1052/152
f 1942/1072/158 1941/1071/158 1815/1093/158 1816/1093/158
f 2287/986/153 3631/986/153 3547/967/153 2203/967/153
f 1940/1072/158 1939/1070/158 1813/868/158 1814/868/158
f 1919/1073/153 3263/1073/153 3137/893/153 1793/893/153
f 1938/1071/158 1937/1071/158 1811/868/158 1812/868/158
f 1277/850/153 2621/850/153 2495/969/153 1151/969/153
f 1936/1072/158 1935/1072/158 1809/868/158 1810/868/158
f 2204/967/152 3548/967/152 3632/965/152 2288/965/152
f 1934/1072/158 1933/1073/158 1807/1094/158 1808/1094/158
f 1794/868/152 3138/868/152 3264/1073/152 1920/1073/152
f 1932/1073/158 1931/1074/158 1805/868/158 1806/1094/158
f 1194/845/152 2538/845/152 2622/851/152 1278/851/152
f 1930/1073/158 1929/1073/158 1803/868/158 1804/868/158
f 2289/964/153 3633/964/153 3549/973/153 2205/973/153
f 1928/1073/158 1927/1074/158 1801/893/158 1802/868/158
f 1921/1076/153 3265/1076/153 3139/868/153 1795/868/153
f 1926/1074/158 1925/1075/158 1799/868/158 1800/893/158
f 1279/851/153 2623/851/153 2539/977/153 1195/977/153
f 1924/1069/158 1923/1073/158 1797/1094/158 1798/1094/158
f 2206/973/152 3550/973/152 3634/964/152 2290/964/152
f 1922/1076/158 1921/1076/158 1795/868/158 1796/868/158
f 1796/868/152 3140/868/152 3266/1076/152 1922/1076/152
f 1920/1073/158 1919/1073/158 1793/893/158 1794/868/158
f 1196/977/152 2540/977/152 2624/851/152 1280/851/152
f 1918/1073/158 1917/1076/158 1791/893/158 1792/893/158
f 2291/964/153 3635/964/153 3551/982/153 2207/982/153
f 1916/1072/158 1915/1072/158 1789/868/158 1790/868/158
f 1923/1073/153 3267/1073/153 3141/1094/153 1797/1094/153
f 1914/1070/158 1913/1070/158 1787/868/158 1788/868/158
f 1281/851/153 2625/851/153 2541/846/153 1197/846/153
f 1912/1070/158 1911/1069/158 1785/868/158 1786/868/158
f 2208/973/152 3552/973/152 3636/980/152 2292/980/152
f 1910/1069/158 1909/1069/158 1783/893/158 1784/893/158
f 1798/1094/152 3142/1094/152 3268/1069/152 1924/1069/152
f 4188/872/171 1907/872/171 1781/867/171 4155/867/171
f 1198/846/152 2542/846/152 2626/852/152 1282/852/152
f 1906/1048/171 1905/1078/171 1779/867/171 1780/1079/171
f 2293/980/153 3637/980/153 3553/973/153 2209/973/153
f 1904/1078/171 1903/872/171 1777/892/171 1778/892/171
f 1925/1075/153 3269/1075/153 3143/868/153 1799/868/153
f 1902/872/171 1901/1048/171 1775/1024/171 1776/1058/171
f 1283/1095/153 2627/1095/153 2543/992/153 1199/992/153
f 1900/1048/171 1899/1027/171 1773/1024/171 1774/1024/171
f 2210/973/152 3554/973/152 3638/980/152 2294/980/152
f 1898/1027/171 1897/872/171 1771/1033/171 1772/867/171
f 1800/893/152 3144/893/152 3270/1074/152 1926/1074/152
f 1896/1026/171 1895/1026/171 1769/1024/171 1770/1024/171
f 1200/846/152 2544/846/152 2628/1095/152 1284/1095/152
f 1894/871/171 1893/871/171 1767/1058/171 1768/1058/171
f 2295/981/153 3639/981/153 3555/982/153 2211/982/153
f 1892/871/171 1891/1026/171 1765/1058/171 1766/1058/171
f 1927/1074/153 3271/1074/153 3145/893/153 1801/893/153
f 1890/871/171 1889/1026/171 1763/892/171 1764/892/171
f 1285/1095/153 2629/1095/153 2545/846/153 1201/846/153
f 1888/1026/171 1887/1026/171 1761/1049/171 1762/1049/171
f 2212/973/152 3556/973/152 3640/980/152 2296/980/152
f 1886/1048/171 1885/1048/171 1759/1049/171 1760/1049/171
f 1802/868/152 3146/868/152 3272/1073/152 1928/1073/152
f 1884/1048/171 1883/872/171 1757/1044/171 1758/1044/171
f 1202/846/152 2546/846/152 2630/1095/152 1286/1095/152
f 1882/872/171 1881/872/171 1755/1037/171 1756/1037/171
f 2297/980/153 3641/980/153 3557/973/153 2213/973/153
f 1880/871/171 1879/871/171 1753/1038/171 1754/1038/171
f 1929/1073/153 3273/1073/153 3147/868/153 1803/868/153
f 1878/871/171 1877/1026/171 1751/1028/171 1752/1037/171
f 1287/1096/153 2631/1096/153 2547/992/153 1203/992/153
f 1876/1026/171 1875/1027/171 1749/1033/171 1750/1028/171
f 2214/880/152 3558/880/152 3642/978/152 2298/978/152
f 1874/1026/171 1873/1026/171 1747/1028/171 1748/1028/171
f 1804/868/152 3148/868/152 3274/1073/152 1930/1073/152
f 1872/1026/171 1871/1027/171 1745/892/171 1746/1028/171
f 1204/846/152 2548/846/152 2632/851/152 1288/851/152
f 1870/1026/171 1869/1026/171 1743/892/171 1744/892/171
f 2299/979/153 3643/979/153 3559/880/153 2215/880/153
f 1868/1022/171 1867/1022/171 1741/1023/171 1742/1024/171
f 1931/1074/153 3275/1074/153 3149/868/153 1805/868/153
f 4177/1082/184 1865/1008/184 1739/866/184 4144/866/184
f 1289/851/153 2633/851/153 2549/846/153 1205/846/153
f 1864/1021/184 1863/1020/184 1737/1015/184 1738/866/184
f 2216/880/152 3560/880/152 3644/979/152 2300/979/152
f 1862/1007/184 1861/936/184 1735/866/184 1736/1015/184
f 1806/1094/152 3150/1094/152 3276/1073/152 1932/1073/152
f 1860/1004/184 1859/1004/184 1733/866/184 1734/866/184
f 1206/846/152 2550/846/152 2634/1097/152 1290/1097/152
f 1858/1010/184 1857/1010/184 1731/865/184 1732/985/184
f 2301/978/153 3645/978/153 3561/881/153 2217/881/153
f 1856/1009/184 1855/870/184 1729/937/184 1730/865/184
f 1933/1073/153 3277/1073/153 3151/1094/153 1807/1094/153
f 1854/870/184 1853/1008/184 1727/865/184 1728/865/184
f 1291/1097/153 2635/1097/153 2551/845/153 1207/845/153
f 1852/1007/184 1851/936/184 1725/865/184 1726/937/184
f 2218/881/152 3562/881/152 3646/978/152 2302/978/152
f 1850/936/184 1849/945/184 1723/865/184 1724/865/184
f 1808/1094/152 3152/1094/152 3278/1072/152 1934/1072/152
f 1848/1004/184 1847/936/184 1721/865/184 1722/937/184
f 1208/977/152 2552/977/152 2636/1097/152 1292/1097/152
f 1846/936/184 1845/998/184 1719/937/184 1720/937/184
f 2303/976/153 3647/976/153 3563/881/153 2219/881/153
f 1844/998/184 1843/994/184 1717/985/184 1718/985/184
f 1935/1072/153 3279/1072/153 3153/868/153 1809/868/153
f 1842/994/184 1841/990/184 1715/985/184 1716/985/184
f 1293/1097/153 2637/1097/153 2553/845/153 1209/845/153
f 1840/971/184 1839/984/184 1713/985/184 1714/985/184
f 2220/1003/152 3564/1003/152 3648/976/152 2304/976/152
f 1838/957/184 1837/975/184 1711/865/184 1712/865/184
f 1810/868/152 3154/868/152 3280/1072/152 1936/1072/152
f 1836/971/184 1835/968/184 1709/937/184 1710/937/184
f 1210/846/152 2554/846/152 2638/1097/152 1294/1097/152
f 1834/957/184 1833/962/184 1707/865/184 1708/937/184
f 2305/972/153 3649/972/153 3565/1003/153 2221/1003/153
f 1832/957/184 1831/936/184 1705/937/184 1706/937/184
f 1937/1071/153 3281/1071/153 3155/868/153 1811/868/153
f 1830/936/184 1829/945/184 1703/937/184 1704/937/184
f 1295/1098/153 2639/1098/153 2555/845/153 1211/845/153
f 1828/936/184 1827/936/184 1701/937/184 1702/937/184
f 2222/1003/152 3566/1003/152 3650/972/152 2306/972/152
f 1826/869/184 1825/870/184 1699/927/184 1700/927/184
f 1812/868/152 3156/868/152 3282/1071/152 1938/1071/152
f 4166/868/157 1823/868/157 1697/864/157 4133/864/157
f 1212/977/152 2556/977/152 2640/1098/152 1296/1098/152
f 1822/893/157 1821/868/157 1695/864/157 1696/916/157
f 2307/972/153 3651/972/153 3567/973/153 2223/973/153
f 1820/868/157 1819/893/157 1693/864/157 1694/864/157
f 1939/1070/153 3283/1070/153 3157/868/153 1813/868/153
f 1818/893/157 1817/1093/157 1691/1099/157 1692/864/157
f 1297/1098/153 2641/1098/153 2557/977/153 1213/977/153
f 1816/1093/157 1815/1093/157 1689/1100/157 1690/1100/157
f 2224/973/152 3568/973/152 3652/972/152 2308/972/152
f 1814/868/157 1813/868/157 1687/1100/157 1688/1101/157
f 1814/868/152 3158/868/152 3284/1072/152 1940/1072/152
f 1812/868/157 1811/868/157 1685/1101/157 1686/1101/157
f 1214/977/152 2558/977/152 2642/851/152 1298/851/152
f 1810/868/157 1809/868/157 1683/1100/157 1684/1100/157
f 2309/964/153 3653/964/153 3569/973/153 2225/973/153
f 1808/1094/157 1807/1094/157 1681/1102/157 1682/1100/157
f 1941/1071/153 3285/1071/153 3159/1093/153 1815/1093/153
f 1806/1094/157 1805/868/157 1679/1103/157 1680/1102/157
f 1299/1096/153 2643/1096/153 2559/977/153 1215/977/153
f 1804/868/157 1803/868/157 1677/1102/157 1678/1102/157
f 2226/880/152 3570/880/152 3654/964/152 2310/964/152
f 1802/868/157 1801/893/157 1675/1103/157 1676/1102/157
f 1816/1093/152 3160/1093/152 3286/1072/152 1942/1072/152
f 1800/893/157 1799/868/157 1673/1104/157 1674/1103/157
f 1216/977/152 2560/977/152 2644/1096/152 1300/1096/152
f 1798/1094/157 1797/1094/157 1671/1102/157 1672/916/157
f 2311/966/153 3655/966/153 3571/973/153 2227/973/153
f 1796/868/157 1795/868/157 1669/1105/157 1670/1105/157
f 1943/1070/153 3287/1070/153 3161/1093/153 1817/1093/153
f 1794/868/157 1793/893/157 1667/1102/157 1668/1102/157
f 1301/1106/153 2645/1106/153 2561/977/153 1217/977/153
f 1792/893/157 1791/893/157 1665/1105/157 1666/1102/157
f 2228/880/152 3572/880/152 3656/966/152 2312/966/152
f 1790/868/157 1789/868/157 1663/1100/157 1664/1100/157
f 1818/893/152 3162/893/152 3288/874/152 1944/874/152
f 1788/868/157 1787/868/157 1661/1099/157 1662/1099/157
f 1218/1012/152 2562/1012/152 2646/851/152 1302/851/152
f 1786/868/157 1785/868/157 1659/916/157 1660/1099/157
f 2313/966/153 3657/966/153 3573/880/153 2229/880/153
f 1784/893/157 1783/893/157 1657/916/157 1658/916/157
f 1408/1107/152 2752/1107/152 2878/1108/152 1534/1108/152
f 4155/867/170 1781/867/170 1655/862/170 4122/862/170
f 1945/874/153 3289/874/153 3163/893/153 1819/893/153
f 1780/1079/170 1779/867/170 1653/1109/170 1654/862/170
f 1303/851/153 2647/851/153 2563/1013/153 1219/1013/153
f 1778/892/170 1777/892/170 1651/1109/170 1652/1109/170
f 2230/880/152 3574/880/152 3658/966/152 2314/966/152
f 1776/1058/170 1775/1024/170 1649/1109/170 1650/1109/170
f 1535/1108/153 2879/1108/153 2753/1107/153 1409/1107/153
f 1774/1024/170 1773/1024/170 1647/862/170 1648/1109/170
f 1820/868/152 3164/868/152 3290/874/152 1946/874/152
f 1772/867/170 1771/1033/170 1645/1110/170 1646/1111/170
f 1220/1012/152 2564/1012/152 2648/852/152 1304/852/152
f 1770/1024/170 1769/1024/170 1643/1112/170 1644/1112/170
f 2315/965/153 3659/965/153 3575/973/153 2231/973/153
f 1768/1058/170 1767/1058/170 1641/1112/170 1642/1112/170
f 1410/1113/152 2754/1113/152 2880/1108/152 1536/1108/152
f 1766/1058/170 1765/1058/170 1639/1112/170 1640/1112/170
f 1947/874/153 3291/874/153 3165/868/153 1821/868/153
f 1764/892/170 1763/892/170 1637/1112/170 1638/1112/170
f 1305/852/153 2649/852/153 2565/977/153 1221/977/153
f 1762/1049/170 1761/1049/170 1635/1112/170 1636/1112/170
f 2232/973/152 3576/973/152 3660/965/152 2316/965/152
f 1760/1049/170 1759/1049/170 1633/1111/170 1634/1112/170
f 1537/1108/153 2881/1108/153 2755/1114/153 1411/1114/153
f 1758/1044/170 1757/1044/170 1631/1111/170 1632/1111/170
f 1822/893/152 3166/893/152 3292/1069/152 1948/1069/152
f 1756/1037/170 1755/1037/170 1629/1111/170 1630/1111/170
f 1222/1012/152 2566/1012/152 2650/852/152 1306/852/152
f 1754/1038/170 1753/1038/170 1627/1111/170 1628/1111/170
f 2317/883/153 3661/883/153 3577/973/153 2233/973/153
f 1752/1037/170 1751/1028/170 1625/1111/170 1626/1111/170
f 1412/1113/152 2756/1113/152 2882/1108/152 1538/1108/152
f 1750/1028/170 1749/1033/170 1623/1109/170 1624/1111/170
f 1949/874/153 3293/874/153 3167/868/153 1823/868/153
f 1748/1028/170 1747/1028/170 1621/1109/170 1622/1109/170
f 1307/852/153 2651/852/153 2567/977/153 1223/977/153
f 1746/1028/170 1745/892/170 1619/1109/170 1620/1109/170
f 2234/982/152 3578/982/152 3662/883/152 2318/883/152
f 1744/892/170 1743/892/170 1617/1109/170 1618/1109/170
f 1539/860/153 2883/860/153 2757/1113/153 1413/1113/153
f 1742/1024/170 1741/1023/170 1615/862/170 1616/862/170
f 1824/869/152 3168/869/152 2747/857/152 1403/857/152
f 4144/866/183 1739/866/183 1613/861/183 4111/861/183
f 1224/977/152 2568/977/152 2652/852/152 1308/852/152
f 1738/866/183 1737/1015/183 1611/861/183 1612/1115/183
f 2319/965/153 3663/965/153 3579/982/153 2235/982/153
f 1736/1015/183 1735/866/183 1609/861/183 1610/861/183
f 1414/1113/152 2758/1113/152 2884/1108/152 1540/1108/152
f 1734/866/183 1733/866/183 1607/1116/183 1608/861/183
f 1402/1080/153 2746/1080/153 3169/870/153 1825/870/153
f 1732/985/183 1731/865/183 1605/1117/183 1606/1117/183
f 1309/1118/153 2653/1118/153 2569/1013/153 1225/1013/153
f 1730/865/183 1729/937/183 1603/1119/183 1604/1116/183
f 2236/1003/152 3580/1003/152 3664/965/152 2320/965/152
f 1728/865/183 1727/865/183 1601/1120/183 1602/1120/183
f 1541/1108/153 2885/1108/153 2759/1113/153 1415/1113/153
f 1726/937/183 1725/865/183 1599/1121/183 1600/1121/183
f 1826/869/152 3170/869/152 2745/1092/152 1401/1092/152
f 1724/865/183 1723/865/183 1597/1121/183 1598/1121/183
f 1226/1025/152 2570/1025/152 2654/852/152 1310/852/152
f 1722/937/183 1721/865/183 1595/1122/183 1596/1122/183
f 2321/965/153 3665/965/153 3581/1003/153 2237/1003/153
f 1720/937/183 1719/937/183 1593/1122/183 1594/1122/183
f 1416/1113/152 2760/1113/152 2886/1108/152 1542/1108/152
f 1718/985/183 1717/985/183 1591/1123/183 1592/1123/183
f 1400/1080/153 2744/1080/153 3171/936/153 1827/936/153
f 1716/985/183 1715/985/183 1589/1124/183 1590/1123/183
f 1311/1095/153 2655/1095/153 2571/1025/153 1227/1025/153
f 1714/985/183 1713/985/183 1587/1123/183 1588/1124/183
f 2238/881/152 3582/881/152 3666/966/152 2322/966/152
f 1712/865/183 1711/865/183 1585/1125/183 1586/1125/183
f 1543/860/153 2887/860/153 2761/1113/153 1417/1113/153
f 1710/937/183 1709/937/183 1583/1123/183 1584/1123/183
f 1828/936/152 3172/936/152 2743/1080/152 1399/1080/152
f 1708/937/183 1707/865/183 1581/1125/183 1582/1123/183
f 1228/1013/152 2572/1013/152 2656/1095/152 1312/1095/152
f 1706/937/183 1705/937/183 1579/1123/183 1580/1123/183
f 2323/964/153 3667/964/153 3583/881/153 2239/881/153
f 1704/937/183 1703/937/183 1577/1126/183 1578/1126/183
f 1418/1107/152 2762/1107/152 2888/1127/152 1544/1127/152
f 1702/937/183 1701/937/183 1575/1126/183 1576/1126/183
f 1398/1091/153 2742/1091/153 3173/945/153 1829/945/153
f 1700/927/183 1699/927/183 1573/1115/183 1574/1128/183
f 1313/852/153 2657/852/153 2573/977/153 1229/977/153
f 4133/864/156 1697/864/156 1571/1127/156 4100/1127/156
f 2240/1002/152 3584/1002/152 3668/964/152 2324/964/152
f 1696/916/156 1695/864/156 1569/1129/156 1570/1130/156
f 1545/1108/153 2889/1108/153 2763/1107/153 1419/1107/153
f 1694/864/156 1693/864/156 1567/1130/156 1568/1129/156
f 1830/936/152 3174/936/152 2741/1080/152 1397/1080/152
f 1692/864/156 1691/1099/156 1565/1130/156 1566/1130/156
f 1230/1013/152 2574/1013/152 2658/852/152 1314/852/152
f 1690/1100/156 1689/1100/156 1563/1130/156 1564/1129/156
f 2325/883/153 3669/883/153 3585/1002/153 2241/1002/153
f 1688/1101/156 1687/1100/156 1561/1129/156 1562/1131/156
f 1420/1107/152 2764/1107/152 2890/1108/152 1546/1108/152
f 1686/1101/156 1685/1101/156 1559/1130/156 1560/1130/156
f 1396/1080/153 2740/1080/153 3175/936/153 1831/936/153
f 1684/1100/156 1683/1100/156 1557/1130/156 1558/1129/156
f 1315/852/153 2659/852/153 2575/1012/153 1231/1012/153
f 1682/1100/156 1681/1102/156 1555/1130/156 1556/1130/156
f 2242/1003/152 3586/1003/152 3670/963/152 2326/963/152
f 1680/1102/156 1679/1103/156 1553/1127/156 1554/1132/156
f 1547/1108/153 2891/1108/153 2765/1107/153 1421/1107/153
f 1678/1102/156 1677/1102/156 1551/1132/156 1552/1132/156
f 1832/957/152 3176/957/152 2739/1080/152 1395/1080/152
f 1676/1102/156 1675/1103/156 1549/1132/156 1550/1132/156
f 1232/1013/152 2576/1013/152 2660/852/152 1316/852/152
f 1674/1103/156 1673/1104/156 1547/1108/156 1548/1132/156
f 2327/883/153 3671/883/153 3587/881/153 2243/881/153
f 1672/916/156 1671/1102/156 1545/1108/156 1546/1108/156
f 1422/1107/152 2766/1107/152 2892/1132/152 1548/1132/152
f 1670/1105/156 1669/1105/156 1543/860/156 1544/1127/156
f 1394/1080/153 2738/1080/153 3177/962/153 1833/962/153
f 1668/1102/156 1667/1102/156 1541/1108/156 1542/1108/156
f 1317/852/153 2661/852/153 2577/977/153 1233/977/153
f 1666/1102/156 1665/1105/156 1539/860/156 1540/1108/156
f 2244/882/152 3588/882/152 3672/884/152 2328/884/152
f 1664/1100/156 1663/1100/156 1537/1108/156 1538/1108/156
f 1549/1132/153 2893/1132/153 2767/1107/153 1423/1107/153
f 1662/1099/156 1661/1099/156 1535/1108/156 1536/1108/156
f 1834/957/152 3178/957/152 2737/1081/152 1393/1081/152
f 1660/1099/156 1659/916/156 1533/1108/156 1534/1108/156
f 1234/977/152 2578/977/152 2662/1096/152 1318/1096/152
f 1658/916/156 1657/916/156 1531/1127/156 1532/1127/156
f 2329/942/153 3673/942/153 3589/987/153 2245/987/153
f 4122/862/169 1655/862/169 1529/1133/169 4089/1133/169
f 1424/1107/152 2768/1107/152 2894/1132/152 1550/1132/152
f 1654/862/169 1653/1109/169 1527/1133/169 1528/1133/169
f 1392/1081/153 2736/1081/153 3179/968/153 1835/968/153
f 1652/1109/169 1651/1109/169 1525/1133/169 1526/1133/169
f 1319/852/153 2663/852/153 2579/845/153 1235/845/153
f 1650/1109/169 1649/1109/169 1523/1134/169 1524/1134/169
f 2246/991/152 3590/991/152 3674/884/152 2330/884/152
f 1648/1109/169 1647/862/169 1521/1134/169 1522/1134/169
f 1551/1132/153 2895/1132/153 2769/1107/153 1425/1107/153
f 1646/1111/169 1645/1110/169 1519/1135/169 1520/859/169
f 1836/971/152 3180/971/152 2735/1081/152 1391/1081/152
f 1644/1112/169 1643/1112/169 1517/1134/169 1518/1134/169
f 1236/849/152 2580/849/152 2664/853/152 1320/853/152
f 1642/1112/169 1641/1112/169 1515/1134/169 1516/1134/169
f 2331/941/153 3675/941/153 3591/988/153 2247/988/153
f 1640/1112/169 1639/1112/169 1513/1134/169 1514/1134/169
f 1426/1107/152 2770/1107/152 2896/1132/152 1552/1132/152
f 1638/1112/169 1637/1112/169 1511/1133/169 1512/1133/169
f 1390/856/153 2734/856/153 3181/975/153 1837/975/153
f 1636/1112/169 1635/1112/169 1509/1133/169 1510/1133/169
f 1321/1136/153 2665/1136/153 2581/849/153 1237/849/153
f 1634/1112/169 1633/1111/169 1507/1133/169 1508/1133/169
f 2248/988/152 3592/988/152 3676/929/152 2332/929/152
f 1632/1111/169 1631/1111/169 1505/1137/169 1506/1137/169
f 1553/1127/153 2897/1127/153 2771/1138/153 1427/1138/153
f 1630/1111/169 1629/1111/169 1503/1139/169 1504/1139/169
f 1838/957/152 3182/957/152 2733/856/152 1389/856/152
f 1628/1111/169 1627/1111/169 1501/1140/169 1502/1139/169
f 1238/849/152 2582/849/152 2666/1136/152 1322/1136/152
f 1626/1111/169 1625/1111/169 1499/1135/169 1500/1141/169
f 2333/960/153 3677/960/153 3593/988/153 2249/988/153
f 1624/1111/169 1623/1109/169 1497/1142/169 1498/1135/169
f 1428/1107/152 2772/1107/152 2898/1132/152 1554/1132/152
f 1622/1109/169 1621/1109/169 1495/1142/169 1496/1142/169
f 1388/856/153 2732/856/153 3183/984/153 1839/984/153
f 1620/1109/169 1619/1109/169 1493/1133/169 1494/1142/169
f 1323/1143/153 2667/1143/153 2583/849/153 1239/849/153
f 1618/1109/169 1617/1109/169 1491/1133/169 1492/1133/169
f 2250/988/152 3594/988/152 3678/929/152 2334/929/152
f 1616/862/169 1615/862/169 1489/1134/169 1490/1134/169
f 1555/1130/153 2899/1130/153 2773/1107/153 1429/1107/153
f 4111/861/182 1613/861/182 1487/858/182 4078/858/182
f 1840/971/152 3184/971/152 2731/856/152 1387/856/152
f 1612/1115/182 1611/861/182 1485/858/182 1486/1144/182
f 1240/850/152 2584/850/152 2668/1143/152 1324/1143/152
f 1610/861/182 1609/861/182 1483/1144/182 1484/858/182
f 2335/941/153 3679/941/153 3595/988/153 2251/988/153
f 1608/861/182 1607/1116/182 1481/1145/182 1482/1144/182
f 1430/1107/152 2774/1107/152 2900/1130/152 1556/1130/152
f 1606/1117/182 1605/1117/182 1479/1146/182 1480/1145/182
f 1386/1088/153 2730/1088/153 3185/990/153 1841/990/153
f 1604/1116/182 1603/1119/182 1477/1147/182 1478/1148/182
f 1325/1149/153 2669/1149/153 2585/1045/153 1241/1045/153
f 1602/1120/182 1601/1120/182 1475/1150/182 1476/1147/182
f 2252/988/152 3596/988/152 3680/929/152 2336/929/152
f 1600/1121/182 1599/1121/182 1473/1150/182 1474/1150/182
f 1557/1130/153 2901/1130/153 2775/1138/153 1431/1138/153
f 1598/1121/182 1597/1121/182 1471/1151/182 1472/1151/182
f 1842/994/152 3186/994/152 2729/1090/152 1385/1090/152
f 1596/1122/182 1595/1122/182 1469/1147/182 1470/1152/182
f 1242/1045/152 2586/1045/152 2670/1143/152 1326/1143/152
f 1594/1122/182 1593/1122/182 1467/1153/182 1468/1153/182
f 2337/953/153 3681/953/153 3597/993/153 2253/993/153
f 1592/1123/182 1591/1123/182 1465/1144/182 1466/858/182
f 1432/1154/152 2776/1154/152 2902/1129/152 1558/1129/152
f 1590/1123/182 1589/1124/182 1463/858/182 1464/1144/182
f 1384/856/153 2728/856/153 3187/994/153 1843/994/153
f 1588/1124/182 1587/1123/182 1461/1155/182 1462/1156/182
f 1327/1143/153 2671/1143/153 2587/1045/153 1243/1045/153
f 1586/1125/182 1585/1125/182 1459/858/182 1460/858/182
f 2254/999/152 3598/999/152 3682/929/152 2338/929/152
f 1584/1123/182 1583/1123/182 1457/1144/182 1458/858/182
f 1559/1130/153 2903/1130/153 2777/1154/153 1433/1154/153
f 1582/1123/182 1581/1125/182 1455/1157/182 1456/1144/182
f 1844/998/152 3188/998/152 2727/1090/152 1383/1090/152
f 1580/1123/182 1579/1123/182 1453/1153/182 1454/1153/182
f 1244/1045/152 2588/1045/152 2672/1143/152 1328/1143/152
f 1578/1126/182 1577/1126/182 1451/1153/182 1452/1153/182
f 2339/884/153 3683/884/153 3599/999/153 2255/999/153
f 1576/1126/182 1575/1126/182 1449/858/182 1450/858/182
f 1434/1138/152 2778/1138/152 2904/1130/152 1560/1130/152
f 1574/1128/182 1573/1115/182 1447/1144/182 1448/1144/182
f 1382/1088/153 2726/1088/153 3189/998/153 1845/998/153
f 4100/1127/155 1571/1127/155 1445/1158/155 4067/1154/155
f 1329/1149/153 2673/1149/153 2589/1052/153 1245/1052/153
f 1570/1130/155 1569/1129/155 1443/1138/155 1444/1107/155
f 2256/996/152 3600/996/152 3684/929/152 2340/929/152
f 1568/1129/155 1567/1130/155 1441/1138/155 1442/1138/155
f 1561/1129/153 2905/1129/153 2779/1159/153 1435/1159/153
f 1566/1130/155 1565/1130/155 1439/1138/155 1440/1107/155
f 1846/936/152 3190/936/152 2725/1088/152 1381/1088/152
f 1564/1129/155 1563/1130/155 1437/1107/155 1438/1107/155
f 1246/849/152 2590/849/152 2674/1143/152 1330/1143/152
f 1562/1131/155 1561/1129/155 1435/1159/155 1436/1113/155
f 2341/953/153 3685/953/153 3601/988/153 2257/988/153
f 1560/1130/155 1559/1130/155 1433/1154/155 1434/1138/155
f 1436/1113/152 2780/1113/152 2906/1131/152 1562/1131/152
f 1558/1129/155 1557/1130/155 1431/1138/155 1432/1154/155
f 1380/1089/153 2724/1089/153 3191/936/153 1847/936/153
f 1556/1130/155 1555/1130/155 1429/1107/155 1430/1107/155
f 1331/1143/153 2675/1143/153 2591/849/153 1247/849/153
f 1554/1132/155 1553/1127/155 1427/1138/155 1428/1107/155
f 2258/999/152 3602/999/152 3686/929/152 2342/929/152
f 1552/1132/155 1551/1132/155 1425/1107/155 1426/1107/155
f 1563/1130/153 2907/1130/153 2781/1107/153 1437/1107/153
f 1550/1132/155 1549/1132/155 1423/1107/155 1424/1107/155
f 1848/1004/152 3192/1004/152 2723/1088/152 1379/1088/152
f 1548/1132/155 1547/1108/155 1421/1107/155 1422/1107/155
f 1248/1055/152 2592/1055/152 2676/853/152 1332/853/152
f 1546/1108/155 1545/1108/155 1419/1107/155 1420/1107/155
f 2343/942/153 3687/942/153 3603/997/153 2259/997/153
f 1544/1127/155 1543/860/155 1417/1113/155 1418/1107/155
f 1438/1107/152 2782/1107/152 2908/1129/152 1564/1129/152
f 1542/1108/155 1541/1108/155 1415/1113/155 1416/1113/155
f 1378/1086/153 2722/1086/153 3193/945/153 1849/945/153
f 1540/1108/155 1539/860/155 1413/1113/155 1414/1113/155
f 1333/853/153 2677/853/153 2593/1055/153 1249/1055/153
f 1538/1108/155 1537/1108/155 1411/1114/155 1412/1113/155
f 2260/996/152 3604/996/152 3688/929/152 2344/929/152
f 1536/1108/155 1535/1108/155 1409/1107/155 1410/1113/155
f 1565/1130/153 2909/1130/153 2783/1138/153 1439/1138/153
f 1534/1108/155 1533/1108/155 1407/1138/155 1408/1107/155
f 1850/936/152 3194/936/152 2721/856/152 1377/856/152
f 1532/1127/155 1531/1127/155 1405/1138/155 1406/855/155
f 1250/1055/152 2594/1055/152 2678/1160/152 1334/1160/152
f 4089/1133/168 1529/1133/168 1361/1160/168 4056/1160/168
f 2345/942/153 3689/942/153 3605/996/153 2261/996/153
f 1528/1133/168 1527/1133/168 1359/1161/168 1360/1162/168
f 1440/1107/152 2784/1107/152 2910/1130/152 1566/1130/152
f 1526/1133/168 1525/1133/168 1357/1161/168 1358/1161/168
f 1376/1081/153 2720/1081/153 3195/936/153 1851/936/153
f 1524/1134/168 1523/1134/168 1355/1162/168 1356/1161/168
f 1335/853/153 2679/853/153 2595/1055/153 1251/1055/153
f 1522/1134/168 1521/1134/168 1353/1163/168 1354/1162/168
f 2262/997/152 3606/997/152 3690/951/152 2346/951/152
f 1520/859/168 1519/1135/168 1351/1160/168 1352/1164/168
f 1567/1130/153 2911/1130/153 2785/1138/153 1441/1138/153
f 1518/1134/168 1517/1134/168 1349/1162/168 1350/1162/168
f 1852/1007/152 3196/1007/152 2719/856/152 1375/856/152
f 1516/1134/168 1515/1134/168 1347/1161/168 1348/1161/168
f 1252/1055/152 2596/1055/152 2680/853/152 1336/853/152
f 1514/1134/168 1513/1134/168 1345/1162/168 1346/1161/168
f 2347/951/153 3691/951/153 3607/997/153 2263/997/153
f 1512/1133/168 1511/1133/168 1343/1136/168 1344/1160/168
f 1442/1138/152 2786/1138/152 2912/1129/152 1568/1129/152
f 1510/1133/168 1509/1133/168 1341/1136/168 1342/1136/168
f 1374/856/153 2718/856/153 3197/1008/153 1853/1008/153
f 1508/1133/168 1507/1133/168 1339/1136/168 1340/1136/168
f 1337/853/153 2681/853/153 2597/1068/153 1253/1068/153
f 1506/1137/168 1505/1137/168 1337/853/168 1338/1136/168
f 2264/996/152 3608/996/152 3692/951/152 2348/951/152
f 1504/1139/168 1503/1139/168 1335/853/168 1336/853/168
f 1569/1129/153 2913/1129/153 2787/1138/153 1443/1138/153
f 1502/1139/168 1501/1140/168 1333/853/168 1334/1160/168
f 1854/870/152 3198/870/152 2717/1087/152 1373/1087/152
f 1500/1141/168 1499/1135/168 1331/1143/168 1332/853/168
f 1254/1068/152 2598/1068/152 2682/1136/152 1338/1136/152
f 1498/1135/168 1497/1142/168 1329/1149/168 1330/1143/168
f 2349/941/153 3693/941/153 3609/996/153 2265/996/153
f 1496/1142/168 1495/1142/168 1327/1143/168 1328/1143/168
f 1444/1107/152 2788/1107/152 2914/1130/152 1570/1130/152
f 1494/1142/168 1493/1133/168 1325/1149/168 1326/1143/168
f 1372/1081/153 2716/1081/153 3199/870/153 1855/870/153
f 1492/1133/168 1491/1133/168 1323/1143/168 1324/1143/168
f 1339/1136/153 2683/1136/153 2599/1068/153 1255/1068/153
f 1490/1134/168 1489/1134/168 1321/1136/168 1322/1136/168
f 2266/996/152 3610/996/152 3694/941/152 2350/941/152
f 4078/858/181 1487/858/181 1319/852/181 4045/852/181
f 1571/1127/153 2915/1127/153 2789/1158/153 1445/1158/153
f 1486/1144/181 1485/858/181 1317/852/181 1318/1096/181
f 1856/1009/152 3200/1009/152 2715/1086/152 1371/1086/152
f 1484/858/181 1483/1144/181 1315/852/181 1316/852/181
f 1256/849/152 2600/849/152 2684/1136/152 1340/1136/152
f 1482/1144/181 1481/1145/181 1313/852/181 1314/852/181
f 2351/944/153 3695/944/153 3611/988/153 2267/988/153
f 1480/1145/181 1479/1146/181 1311/1095/181 1312/1095/181
f 1446/858/152 2790/858/152 2916/861/152 1572/861/152
f 1478/1148/181 1477/1147/181 1309/1118/181 1310/852/181
f 1370/1081/153 2714/1081/153 3201/1010/153 1857/1010/153
f 1476/1147/181 1475/1150/181 1307/852/181 1308/852/181
f 1341/1136/153 2685/1136/153 2601/1052/153 1257/1052/153
f 1474/1150/181 1473/1150/181 1305/852/181 1306/852/181
f 2268/988/152 3612/988/152 3696/941/152 2352/941/152
f 1472/1151/181 1471/1151/181 1303/851/181 1304/852/181
f 1573/1115/153 2917/1115/153 2791/1144/153 1447/1144/153
f 1470/1152/181 1469/1147/181 1301/1106/181 1302/851/181
f 1858/1010/152 3202/1010/152 2713/856/152 1369/856/152
f 1468/1153/181 1467/1153/181 1299/1096/181 1300/1096/181
f 1258/1052/152 2602/1052/152 2686/1136/152 1342/1136/152
f 1466/858/181 1465/1144/181 1297/1098/181 1298/851/181
f 2353/942/153 3697/942/153 3613/988/153 2269/988/153
f 1464/1144/181 1463/858/181 1295/1098/181 1296/1098/181
f 1448/1144/152 2792/1144/152 2918/1128/152 1574/1128/152
f 1462/1156/181 1461/1155/181 1293/1097/181 1294/1097/181
f 1368/1085/153 2712/1085/153 3203/1004/153 1859/1004/153
f 1460/858/181 1459/858/181 1291/1097/181 1292/1097/181
f 1343/1136/153 2687/1136/153 2603/1077/153 1259/1077/153
f 1458/858/181 1457/1144/181 1289/851/181 1290/1097/181
f 2270/988/152 3614/988/152 3698/944/152 2354/944/152
f 1456/1144/181 1455/1157/181 1287/1096/181 1288/851/181
f 1575/1126/153 2919/1126/153 2793/858/153 1449/858/153
f 1454/1153/181 1453/1153/181 1285/1095/181 1286/1095/181
f 1860/1004/152 3204/1004/152 2711/1081/152 1367/1081/152
f 1452/1153/181 1451/1153/181 1283/1095/181 1284/1095/181
f 1260/849/152 2604/849/152 2688/1160/152 1344/1160/152
f 1450/858/181 1449/858/181 1281/851/181 1282/852/181
f 2355/929/153 3699/929/153 3615/988/153 2271/988/153
f 1448/1144/181 1447/1144/181 1279/851/181 1280/851/181
f 1450/858/152 2794/858/152 2920/1126/152 1576/1126/152
f 4067/1154/154 1445/1158/154 1362/1081/154 4363/1080/154
f 1366/1080/153 2710/1080/153 3205/936/153 1861/936/153
f 1444/1107/154 1443/1138/154 1364/1080/154 1363/1080/154
f 1345/1162/153 2689/1162/153 2605/849/153 1261/849/153
f 1442/1138/154 1441/1138/154 1366/1080/154 1365/1084/154
f 2272/989/152 3616/989/152 3700/941/152 2356/941/152
f 1440/1107/154 1439/1138/154 1368/1085/154 1367/1081/154
f 1577/1126/153 2921/1126/153 2795/1153/153 1451/1153/153
f 1438/1107/154 1437/1107/154 1370/1081/154 1369/856/154
f 1862/1007/152 3206/1007/152 2709/1084/152 1365/1084/152
f 1436/1113/154 1435/1159/154 1372/1081/154 1371/1086/154
f 1262/850/152 2606/850/152 2690/1161/152 1346/1161/152
f 1434/1138/154 1433/1154/154 1374/856/154 1373/1087/154
f 2357/885/153 3701/885/153 3617/882/153 2273/882/153
f 1432/1154/154 1431/1138/154 1376/1081/154 1375/856/154
f 1452/1153/152 2796/1153/152 2922/1126/152 1578/1126/152
f 1430/1107/154 1429/1107/154 1378/1086/154 1377/856/154
f 1364/1080/153 2708/1080/153 3207/1020/153 1863/1020/153
f 1428/1107/154 1427/1138/154 1380/1089/154 1379/1088/154
f 1347/1161/153 2691/1161/153 2607/850/153 1263/850/153
f 1426/1107/154 1425/1107/154 1382/1088/154 1381/1088/154
f 2274/882/152 3618/882/152 3702/942/152 2358/942/152
f 1424/1107/154 1423/1107/154 1384/856/154 1383/1090/154
f 1579/1123/153 2923/1123/153 2797/1153/153 1453/1153/153
f 1422/1107/154 1421/1107/154 1386/1088/154 1385/1090/154
f 1864/1021/152 3208/1021/152 2707/1080/152 1363/1080/152
f 1420/1107/154 1419/1107/154 1388/856/154 1387/856/154
f 1264/850/152 2608/850/152 2692/1161/152 1348/1161/152
f 1418/1107/154 1417/1113/154 1390/856/154 1389/856/154
f 2359/941/153 3703/941/153 3619/882/153 2275/882/153
f 1416/1113/154 1415/1113/154 1392/1081/154 1391/1081/154
f 1454/1153/152 2798/1153/152 2924/1123/152 1580/1123/152
f 1414/1113/154 1413/1113/154 1394/1080/154 1393/1081/154
f 1362/1081/153 2706/1081/153 3209/1008/153 1865/1008/153
f 1412/1080/154 1411/1114/154 1396/1080/154 1395/1080/154
f 1349/1162/153 2693/1162/153 2609/850/153 1265/850/153
f 1410/1113/154 1409/1107/154 1398/1091/154 1397/1080/154
f 2276/991/152 3620/991/152 3704/884/152 2360/884/152
f 1408/1107/154 1407/1138/154 1400/1080/154 1399/1080/154
f 1581/1125/153 2925/1125/153 2799/1157/153 1455/1157/153
f 1406/855/154 1405/1138/154 1402/1080/154 1401/1092/154
f 1866/871/152 3210/871/152 3294/875/152 1950/875/152
f 4056/1160/167 1361/1160/167 1277/850/167 4034/850/167
f 1266/850/152 2610/850/152 2694/1162/152 1350/1162/152
f 1360/1162/167 1359/1161/167 1275/850/167 1276/1052/167
f 2361/941/153 3705/941/153 3621/993/153 2277/993/153
f 1358/1161/167 1357/1161/167 1273/850/167 1274/850/167
f 1456/1144/152 2800/1144/152 2926/1123/152 1582/1123/152
f 1356/1161/167 1355/1162/167 1271/850/167 1272/850/167
f 1951/875/153 3295/875/153 3211/1022/153 1867/1022/153
f 1354/1162/167 1353/1163/167 1269/1045/167 1270/1045/167
f 1351/1160/153 2695/1160/153 2611/850/153 1267/850/153
f 1352/1164/167 1351/1160/167 1267/850/167 1268/1083/167
f 2278/993/152 3622/993/152 3706/941/152 2362/941/152
f 1350/1162/167 1349/1162/167 1265/850/167 1266/850/167
f 1583/1123/153 2927/1123/153 2801/1144/153 1457/1144/153
f 1348/1161/167 1347/1161/167 1263/850/167 1264/850/167
f 1868/1022/152 3212/1022/152 3296/1060/152 1952/1060/152
f 1346/1161/167 1345/1162/167 1261/849/167 1262/850/167
f 1268/1083/152 2612/1083/152 2696/1164/152 1352/1164/152
f 1344/1160/167 1343/1136/167 1259/1077/167 1260/849/167
f 2363/888/153 3707/888/153 3623/991/153 2279/991/153
f 1342/1136/167 1341/1136/167 1257/1052/167 1258/1052/167
f 1458/858/152 2802/858/152 2928/1123/152 1584/1123/152
f 1340/1136/167 1339/1136/167 1255/1068/167 1256/849/167
f 1953/1061/153 3297/1061/153 3213/1026/153 1869/1026/153
f 1338/1136/167 1337/853/167 1253/1068/167 1254/1068/167
f 1353/1163/153 2697/1163/153 2613/1045/153 1269/1045/153
f 1336/853/167 1335/853/167 1251/1055/167 1252/1055/167
f 2280/988/152 3624/988/152 3708/929/152 2364/929/152
f 1334/1160/167 1333/853/167 1249/1055/167 1250/1055/167
f 1585/1125/153 2929/1125/153 2803/858/153 1459/858/153
f 1332/853/167 1331/1143/167 1247/849/167 1248/1055/167
f 1870/1026/152 3214/1026/152 3298/1061/152 1954/1061/152
f 1330/1143/167 1329/1149/167 1245/1052/167 1246/849/167
f 1270/1045/152 2614/1045/152 2698/1162/152 1354/1162/152
f 1328/1143/167 1327/1143/167 1243/1045/167 1244/1045/167
f 2365/885/153 3709/885/153 3625/988/153 2281/988/153
f 1326/1143/167 1325/1149/167 1241/1045/167 1242/1045/167
f 1460/858/152 2804/858/152 2930/1125/152 1586/1125/152
f 1324/1143/167 1323/1143/167 1239/849/167 1240/850/167
f 1955/1067/153 3299/1067/153 3215/1027/153 1871/1027/153
f 1322/1136/167 1321/1136/167 1237/849/167 1238/849/167
f 1355/1162/153 2699/1162/153 2615/850/153 1271/850/153
f 4045/852/180 1319/852/180 1235/845/180 4023/1165/180
f 2282/989/152 3626/989/152 3710/935/152 2366/935/152
f 1318/1096/180 1317/852/180 1233/977/180 1234/977/180
f 1587/1123/153 2931/1123/153 2805/1155/153 1461/1155/153
f 1316/852/180 1315/852/180 1231/1012/180 1232/1013/180
f 1872/1026/152 3216/1026/152 3300/1067/152 1956/1067/152
f 1314/852/180 1313/852/180 1229/977/180 1230/1013/180
f 1272/850/152 2616/850/152 2700/1161/152 1356/1161/152
f 1312/1095/180 1311/1095/180 1227/1025/180 1228/1013/180
f 2367/933/153 3711/933/153 3627/882/153 2283/882/153
f 1310/852/180 1309/1118/180 1225/1013/180 1226/1025/180
f 1462/1156/152 2806/1156/152 2932/1124/152 1588/1124/152
f 1308/852/180 1307/852/180 1223/977/180 1224/977/180
f 1957/1067/153 3301/1067/153 3217/1026/153 1873/1026/153
f 1306/852/180 1305/852/180 1221/977/180 1222/1012/180
f 1357/1161/153 2701/1161/153 2617/850/153 1273/850/153
f 1304/852/180 1303/851/180 1219/1013/180 1220/1012/180
f 2284/987/152 3628/987/152 3712/888/152 2368/888/152
f 1302/851/180 1301/1106/180 1217/977/180 1218/1012/180
f 1589/1124/153 2933/1124/153 2807/858/153 1463/858/153
f 1300/1096/180 1299/1096/180 1215/977/180 1216/977/180
f 1874/1026/152 3218/1026/152 3302/1067/152 1958/1067/152
f 1298/851/180 1297/1098/180 1213/977/180 1214/977/180
f 1274/850/152 2618/850/152 2702/1161/152 1358/1161/152
f 1296/1098/180 1295/1098/180 1211/845/180 1212/977/180
f 2369/929/153 3713/929/153 3629/882/153 2285/882/153
f 1294/1097/180 1293/1097/180 1209/845/180 1210/846/180
f 1464/1144/152 2808/1144/152 2934/1123/152 1590/1123/152
f 1292/1097/180 1291/1097/180 1207/845/180 1208/977/180
f 1959/1059/153 3303/1059/153 3219/1027/153 1875/1027/153
f 1290/1097/180 1289/851/180 1205/846/180 1206/846/180
f 1359/1161/153 2703/1161/153 2619/850/153 1275/850/153
f 1288/851/180 1287/1096/180 1203/992/180 1204/846/180
f 2286/883/152 3630/883/152 3714/886/152 2370/886/152
f 1286/1095/180 1285/1095/180 1201/846/180 1202/846/180
f 1591/1123/153 2935/1123/153 2809/1144/153 1465/1144/153
f 1284/1095/180 1283/1095/180 1199/992/180 1200/846/180
f 1876/1026/152 3220/1026/152 3304/1061/152 1960/1061/152
f 1282/852/180 1281/851/180 1197/846/180 1198/846/180
f 1276/1052/152 2620/1052/152 2704/1162/152 1360/1162/152
f 1280/851/180 1279/851/180 1195/977/180 1196/977/180
f 2371/906/153 3715/906/153 3631/986/153 2287/986/153
f 4034/850/166 1277/850/166 1151/969/166 4012/1166/166
f 1466/858/152 2810/858/152 2936/1123/152 1592/1123/152
f 1276/1052/166 1275/850/166 1149/842/166 1150/842/166
f 1961/1061/153 3305/1061/153 3221/1026/153 1877/1026/153
f 1274/850/166 1273/850/166 1147/842/166 1148/842/166
f 1361/1160/153 2705/1160/153 2621/850/153 1277/850/153
f 1272/850/166 1271/850/166 1145/948/166 1146/842/166
f 2288/965/152 3632/965/152 3716/886/152 2372/886/152
f 1270/1045/166 1269/1045/166 1143/939/166 1144/943/166
f 1593/1122/153 2937/1122/153 2811/1153/153 1467/1153/153
f 1268/1083/166 1267/850/166 1141/912/166 1142/912/166
f 1878/871/152 3222/871/152 3306/1063/152 1962/1063/152
f 1266/850/166 1265/850/166 1139/898/166 1140/912/166
f 1403/857/152 2747/857/152 2748/854/152 1404/854/152
f 1264/850/166 1263/850/166 1137/912/166 1138/898/166
f 2373/904/153 3717/904/153 3633/964/153 2289/964/153
f 1262/850/166 1261/849/166 1135/898/166 1136/898/166
f 1468/1153/152 2812/1153/152 2938/1122/152 1594/1122/152
f 1260/849/166 1259/1077/166 1133/912/166 1134/898/166
f 1963/1065/153 3307/1065/153 3223/871/153 1879/871/153
f 1258/1052/166 1257/1052/166 1131/948/166 1132/1046/166
f 1405/1138/153 2749/1138/153 2746/1080/153 1402/1080/153
f 1256/849/166 1255/1068/166 1129/842/166 1130/969/166
f 2290/964/152 3634/964/152 3718/902/152 2374/902/152
f 1254/1068/166 1253/1068/166 1127/842/166 1128/842/166
f 1595/1122/153 2939/1122/153 2813/1147/153 1469/1147/153
f 1252/1055/166 1251/1055/166 1125/969/166 1126/1066/166
f 1880/871/152 3224/871/152 3308/1065/152 1964/1065/152
f 1250/1055/166 1249/1055/166 1123/842/166 1124/842/166
f 1401/1092/152 2745/1092/152 2750/855/152 1406/855/152
f 1248/1055/166 1247/849/166 1121/842/166 1122/842/166
f 2375/902/153 3719/902/153 3635/964/153 2291/964/153
f 1246/849/166 1245/1052/166 1119/842/166 1120/842/166
f 1470/1152/152 2814/1152/152 2940/1122/152 1596/1122/152
f 1244/1045/166 1243/1045/166 1117/948/166 1118/948/166
f 1965/1063/153 3309/1063/153 3225/872/153 1881/872/153
f 1242/1045/166 1241/1045/166 1115/1046/166 1116/948/166
f 1407/1138/153 2751/1138/153 2744/1080/153 1400/1080/153
f 1240/850/166 1239/849/166 1113/842/166 1114/842/166
f 2292/980/152 3636/980/152 3720/902/152 2376/902/152
f 1238/849/166 1237/849/166 1111/1039/166 1112/1039/166
f 1597/1121/153 2941/1121/153 2815/1151/153 1471/1151/153
f 4023/1165/179 1235/845/179 1152/847/179 4352/897/179
f 1882/872/152 3226/872/152 3310/1064/152 1966/1064/152
f 1234/977/179 1233/977/179 1154/901/179 1153/900/179
f 1399/1080/152 2743/1080/152 2752/1107/152 1408/1107/152
f 1232/1013/179 1231/1012/179 1156/900/179 1155/900/179
f 2377/904/153 3721/904/153 3637/980/153 2293/980/153
f 1230/1013/179 1229/977/179 1158/905/179 1157/900/179
f 1472/1151/152 2816/1151/152 2942/1121/152 1598/1121/152
f 1228/1013/179 1227/1025/179 1160/900/179 1159/907/179
f 1967/1062/153 3311/1062/153 3227/872/153 1883/872/153
f 1226/1025/179 1225/1013/179 1162/897/179 1161/900/179
f 1409/1107/153 2753/1107/153 2742/1091/153 1398/1091/153
f 1224/977/179 1223/977/179 1164/848/179 1163/910/179
f 2294/980/152 3638/980/152 3722/904/152 2378/904/152
f 1222/1012/179 1221/977/179 1166/915/179 1165/914/179
f 1599/1121/153 2943/1121/153 2817/1150/153 1473/1150/153
f 1220/1012/179 1219/1013/179 1168/900/179 1167/915/179
f 1884/1048/152 3228/1048/152 3312/1061/152 1968/1061/152
f 1218/1012/179 1217/977/179 1170/918/179 1169/917/179
f 1397/1080/152 2741/1080/152 2754/1113/152 1410/1113/152
f 1216/977/179 1215/977/179 1172/900/179 1171/900/179
f 2379/887/153 3723/887/153 3639/981/153 2295/981/153
f 1214/977/179 1213/977/179 1174/900/179 1173/920/179
f 1474/1150/152 2818/1150/152 2944/1121/152 1600/1121/152
f 1212/977/179 1211/845/179 1176/900/179 1175/920/179
f 1969/1061/153 3313/1061/153 3229/1048/153 1885/1048/153
f 1210/846/179 1209/845/179 1178/901/179 1177/900/179
f 1411/1114/153 2755/1114/153 2740/1080/153 1396/1080/153
f 1208/977/179 1207/845/179 1180/901/179 1179/900/179
f 2296/980/152 3640/980/152 3724/904/152 2380/904/152
f 1206/846/179 1205/846/179 1182/901/179 1181/900/179
f 1601/1120/153 2945/1120/153 2819/1150/153 1475/1150/153
f 1204/846/179 1203/992/179 1184/847/179 1183/847/179
f 1886/1048/152 3230/1048/152 3314/1061/152 1970/1061/152
f 1202/901/179 1201/846/179 1186/901/179 1185/900/179
f 1395/1080/152 2739/1080/152 2756/1113/152 1412/1113/152
f 1200/846/179 1199/992/179 1188/928/179 1187/901/179
f 2381/902/153 3725/902/153 3641/980/153 2297/980/153
f 1198/846/179 1197/846/179 1190/900/179 1189/900/179
f 1476/1147/152 2820/1147/152 2946/1120/152 1602/1120/152
f 1196/977/179 1195/977/179 1192/900/179 1191/848/179
f 1971/1059/153 3315/1059/153 3231/1026/153 1887/1026/153
f 4012/1166/165 1151/969/165 1068/843/165 4341/843/165
f 1413/1113/153 2757/1113/153 2738/1080/153 1394/1080/153
f 1150/842/165 1149/842/165 1070/932/165 1069/931/165
f 2298/978/152 3642/978/152 3726/904/152 2382/904/152
f 1148/842/165 1147/842/165 1072/934/165 1071/899/165
f 1603/1119/153 2947/1119/153 2821/1147/153 1477/1147/153
f 1146/842/165 1145/948/165 1074/925/165 1073/938/165
f 1888/1026/152 3232/1026/152 3316/1059/152 1972/1059/152
f 1144/943/165 1143/939/165 1076/899/165 1075/940/165
f 1393/1081/152 2737/1081/152 2758/1113/152 1414/1113/152
f 1142/912/165 1141/912/165 1078/899/165 1077/930/165
f 2383/902/153 3727/902/153 3643/979/153 2299/979/153
f 1140/912/165 1139/898/165 1080/899/165 1079/925/165
f 1478/1148/152 2822/1148/152 2948/1116/152 1604/1116/152
f 1138/898/165 1137/912/165 1082/913/165 1081/899/165
f 1973/1059/153 3317/1059/153 3233/1026/153 1889/1026/153
f 1136/898/165 1135/898/165 1084/899/165 1083/899/165
f 1415/1113/153 2759/1113/153 2736/1081/153 1392/1081/153
f 1134/898/165 1133/912/165 1086/947/165 1085/946/165
f 2300/979/152 3644/979/152 3728/904/152 2384/904/152
f 1132/1046/165 1131/948/165 1088/899/165 1087/899/165
f 1605/1117/153 2949/1117/153 2823/1146/153 1479/1146/153
f 1130/969/165 1129/842/165 1090/950/165 1089/949/165
f 1890/871/152 3234/871/152 3318/1060/152 1974/1060/152
f 1128/842/165 1127/842/165 1092/952/165 1091/949/165
f 1391/1081/152 2735/1081/152 2760/1113/152 1416/1113/152
f 1126/1066/165 1125/969/165 1094/950/165 1093/952/165
f 2385/902/153 3729/902/153 3645/978/153 2301/978/153
f 1124/842/165 1123/842/165 1096/950/165 1095/952/165
f 1480/1145/152 2824/1145/152 2950/1117/152 1606/1117/152
f 1122/842/165 1121/842/165 1098/950/165 1097/954/165
f 1975/875/153 3319/875/153 3235/1026/153 1891/1026/153
f 1120/842/165 1119/842/165 1100/956/165 1099/955/165
f 1417/1113/153 2761/1113/153 2734/856/153 1390/856/153
f 1118/956/165 1117/948/165 1102/956/165 1101/956/165
f 2302/978/152 3646/978/152 3730/904/152 2386/904/152
f 1116/948/165 1115/1046/165 1104/959/165 1103/958/165
f 1607/1116/153 2951/1116/153 2825/1145/153 1481/1145/153
f 1114/842/165 1113/842/165 1106/843/165 1105/843/165
f 1892/871/152 3236/871/152 3320/875/152 1976/875/152
f 1112/1039/165 1111/1039/165 1108/961/165 1107/844/165
f 1389/856/152 2733/856/152 2762/1107/152 1418/1107/152
f 2496/847/178 2497/900/178 3754/887/178 3755/887/178
f 2498/901/178 2499/900/178 3752/904/178 3753/902/178
f 2500/900/178 2501/900/178 3750/904/178 3751/904/178
f 2502/905/178 2503/907/178 3748/904/178 3749/906/178
f 2504/900/178 2505/900/178 3746/909/178 3747/904/178
f 2506/897/178 2507/910/178 3744/911/178 3745/908/178
f 2508/848/178 2509/914/178 3742/911/178 3743/911/178
f 2510/915/178 2511/915/178 3740/911/178 3741/908/178
f 2512/900/178 2513/917/178 3738/908/178 3739/911/178
f 2514/918/178 2515/900/178 3736/908/178 3737/911/178
f 2516/900/178 2517/920/178 3734/921/178 3735/908/178
f 2518/900/178 2519/920/178 3732/922/178 3733/904/178
f 2520/900/178 2521/900/178 3730/904/178 3731/902/178
f 2522/901/178 2523/900/178 3728/904/178 3729/902/178
f 2524/901/178 2525/900/178 3726/904/178 3727/902/178
f 2526/901/178 2527/847/178 3724/904/178 3725/902/178
f 2528/847/178 2529/900/178 3722/904/178 3723/887/178
f 2530/901/178 2531/901/178 3720/902/178 3721/904/178
f 2532/928/178 2533/900/178 3718/902/178 3719/902/178
f 2534/900/178 2535/848/178 3716/886/178 3717/904/178
f 2536/900/178 2537/848/178 3714/886/178 3715/906/178
f 2412/843/164 2413/931/164 3712/888/164 3713/929/164
f 2414/932/164 2415/899/164 3710/935/164 3711/933/164
f 2416/934/164 2417/938/164 3708/929/164 3709/885/164
f 2418/925/164 2419/940/164 3706/941/164 3707/888/164
f 2420/899/164 2421/930/164 3704/884/164 3705/941/164
f 2422/899/164 2423/925/164 3702/942/164 3703/941/164
f 2424/899/164 2425/899/164 3700/941/164 3701/885/164
f 2426/913/164 2427/899/164 3698/944/164 3699/929/164
f 2428/899/164 2429/946/164 3696/941/164 3697/942/164
f 2430/947/164 2431/899/164 3694/941/164 3695/944/164
f 2432/899/164 2433/949/164 3692/951/164 3693/941/164
f 2434/950/164 2435/949/164 3690/951/164 3691/951/164
f 2436/952/164 2437/952/164 3688/929/164 3689/942/164
f 2438/950/164 2439/952/164 3686/929/164 3687/942/164
f 2440/950/164 2441/954/164 3684/929/164 3685/953/164
f 2442/950/164 2443/955/164 3682/929/164 3683/884/164
f 2444/956/164 2445/956/164 3680/929/164 3681/953/164
f 2446/956/164 2447/958/164 3678/929/164 3679/941/164
f 2448/959/164 2449/843/164 3676/929/164 3677/960/164
f 2450/843/164 2451/844/164 3674/884/164 3675/941/164
f 2452/961/164 2453/844/164 3672/884/164 3673/942/164
f 3755/887/177 3754/887/177 3670/963/177 3671/883/177
f 3753/902/177 3752/904/177 3668/964/177 3669/883/177
f 3751/904/177 3750/904/177 3666/966/177 3667/964/177
f 3749/906/177 3748/904/177 3664/965/177 3665/965/177
f 3747/904/177 3746/909/177 3662/883/177 3663/965/177
f 3745/908/177 3744/911/177 3660/965/177 3661/883/177
f 3743/911/177 3742/911/177 3658/966/177 3659/965/177
f 3741/908/177 3740/911/177 3656/966/177 3657/966/177
f 3739/911/177 3738/908/177 3654/964/177 3655/966/177
f 3737/911/177 3736/908/177 3652/972/177 3653/964/177
f 3735/908/177 3734/921/177 3650/972/177 3651/972/177
f 3733/904/177 3732/922/177 3648/976/177 3649/972/177
f 3731/902/177 3730/904/177 3646/978/177 3647/976/177
f 3729/902/177 3728/904/177 3644/979/177 3645/978/177
f 3727/902/177 3726/904/177 3642/978/177 3643/979/177
f 3725/902/177 3724/904/177 3640/980/177 3641/980/177
f 3723/887/177 3722/904/177 3638/980/177 3639/981/177
f 3721/904/177 3720/902/177 3636/980/177 3637/980/177
f 3719/902/177 3718/902/177 3634/964/177 3635/964/177
f 3717/904/177 3716/886/177 3632/965/177 3633/964/177
f 3715/906/177 3714/886/177 3630/883/177 3631/986/177
f 3713/929/163 3712/888/163 3628/987/163 3629/882/163
f 3711/933/163 3710/935/163 3626/989/163 3627/882/163
f 3709/885/163 3708/929/163 3624/988/163 3625/988/163
f 3707/888/163 3706/941/163 3622/993/163 3623/991/163
f 3705/941/163 3704/884/163 3620/991/163 3621/993/163
f 3703/941/163 3702/942/163 3618/882/163 3619/882/163
f 3701/885/163 3700/941/163 3616/989/163 3617/882/163
f 3699/929/163 3698/944/163 3614/988/163 3615/988/163
f 3697/942/163 3696/941/163 3612/988/163 3613/988/163
f 3695/944/163 3694/941/163 3610/996/163 3611/988/163
f 3693/941/163 3692/951/163 3608/996/163 3609/996/163
f 3691/951/163 3690/951/163 3606/997/163 3607/997/163
f 3689/942/163 3688/929/163 3604/996/163 3605/996/163
f 3687/942/163 3686/929/163 3602/999/163 3603/997/163
f 3685/953/163 3684/929/163 3600/996/163 3601/988/163
f 3683/884/163 3682/929/163 3598/999/163 3599/999/163
f 3681/953/163 3680/929/163 3596/988/163 3597/993/163
f 3679/941/163 3678/929/163 3594/988/163 3595/988/163
f 3677/960/163 3676/929/163 3592/988/163 3593/988/163
f 3675/941/163 3674/884/163 3590/991/163 3591/988/163
f 3673/942/163 3672/884/163 3588/882/163 3589/987/163
f 3671/883/176 3670/963/176 3586/1003/176 3587/881/176
f 3669/883/176 3668/964/176 3584/1002/176 3585/1002/176
f 3667/964/176 3666/966/176 3582/881/176 3583/881/176
f 3665/965/176 3664/965/176 3580/1003/176 3581/1003/176
f 3663/965/176 3662/883/176 3578/982/176 3579/982/176
f 3661/883/176 3660/965/176 3576/973/176 3577/973/176
f 3659/965/176 3658/966/176 3574/880/176 3575/973/176
f 3657/966/176 3656/966/176 3572/880/176 3573/880/176
f 3655/966/176 3654/964/176 3570/880/176 3571/973/176
f 3653/964/176 3652/972/176 3568/973/176 3569/973/176
f 3651/972/176 3650/972/176 3566/1003/176 3567/973/176
f 3649/972/176 3648/976/176 3564/1003/176 3565/1003/176
f 3647/976/176 3646/978/176 3562/881/176 3563/881/176
f 3645/978/176 3644/979/176 3560/880/176 3561/881/176
f 3643/979/176 3642/978/176 3558/880/176 3559/880/176
f 3641/980/176 3640/980/176 3556/973/176 3557/973/176
f 3639/981/176 3638/980/176 3554/973/176 3555/982/176
f 3637/980/176 3636/980/176 3552/973/176 3553/973/176
f 3635/964/176 3634/964/176 3550/973/176 3551/982/176
f 3633/964/176 3632/965/176 3548/967/176 3549/973/176
f 3631/986/176 3630/883/176 3546/880/176 3547/967/176
f 3629/882/162 3628/987/162 3544/924/162 3545/878/162
f 3627/882/162 3626/989/162 3542/924/162 3543/924/162
f 3625/988/162 3624/988/162 3540/924/162 3541/924/162
f 3623/991/162 3622/993/162 3538/924/162 3539/924/162
f 3621/993/162 3620/991/162 3536/924/162 3537/924/162
f 3619/882/162 3618/882/162 3534/878/162 3535/878/162
f 3617/882/162 3616/989/162 3532/879/162 3533/878/162
f 3615/988/162 3614/988/162 3530/879/162 3531/879/162
f 3613/988/162 3612/988/162 3528/1011/162 3529/879/162
f 3611/988/162 3610/996/162 3526/1011/162 3527/1011/162
f 3609/996/162 3608/996/162 3524/1011/162 3525/1011/162
f 3607/997/162 3606/997/162 3522/1011/162 3523/1011/162
f 3605/996/162 3604/996/162 3520/1011/162 3521/1011/162
f 3603/997/162 3602/999/162 3518/878/162 3519/879/162
f 3601/988/162 3600/996/162 3516/879/162 3517/879/162
f 3599/999/162 3598/999/162 3514/879/162 3515/879/162
f 3597/993/162 3596/988/162 3512/879/162 3513/879/162
f 3595/988/162 3594/988/162 3510/879/162 3511/879/162
f 3593/988/162 3592/988/162 3508/878/162 3509/878/162
f 3591/988/162 3590/991/162 3506/924/162 3507/878/162
f 3589/987/162 3588/882/162 3504/878/162 3505/924/162
f 3587/881/175 3586/1003/175 3502/1014/175 3503/877/175
f 3585/1002/175 3584/1002/175 3500/877/175 3501/877/175
f 3583/881/175 3582/881/175 3498/877/175 3499/877/175
f 3581/1003/175 3580/1003/175 3496/1017/175 3497/896/175
f 3579/982/175 3578/982/175 3494/1019/175 3495/1016/175
f 3577/973/175 3576/973/175 3492/896/175 3493/1018/175
f 3575/973/175 3574/880/175 3490/877/175 3491/896/175
f 3573/880/175 3572/880/175 3488/877/175 3489/877/175
f 3571/973/175 3570/880/175 3486/970/175 3487/877/175
f 3569/973/175 3568/973/175 3484/995/175 3485/995/175
f 3567/973/175 3566/1003/175 3482/974/175 3483/995/175
f 3565/1003/175 3564/1003/175 3480/974/175 3481/974/175
f 3563/881/175 3562/881/175 3478/1005/175 3479/1006/175
f 3561/881/175 3560/880/175 3476/1001/175 3477/1000/175
f 3559/880/175 3558/880/175 3474/1000/175 3475/1001/175
f 3557/973/175 3556/973/175 3472/974/175 3473/974/175
f 3555/982/175 3554/973/175 3470/983/175 3471/995/175
f 3553/973/175 3552/973/175 3468/983/175 3469/983/175
f 3551/982/175 3550/973/175 3466/974/175 3467/983/175
f 3549/973/175 3548/967/175 3464/970/175 3465/974/175
f 3547/967/175 3546/880/175 3462/877/175 3463/877/175
f 3545/878/161 3544/924/161 3460/919/161 3461/903/161
f 3543/924/161 3542/924/161 3458/903/161 3459/903/161
f 3541/924/161 3540/924/161 3456/919/161 3457/919/161
f 3539/924/161 3538/924/161 3454/926/161 3455/919/161
f 3537/924/161 3536/924/161 3452/923/161 3453/926/161
f 3535/878/161 3534/878/161 3450/903/161 3451/919/161
f 3533/878/161 3532/879/161 3448/903/161 3449/903/161
f 3531/879/161 3530/879/161 3446/919/161 3447/919/161
f 3529/879/161 3528/1011/161 3444/919/161 3445/919/161
f 3527/1011/161 3526/1011/161 3442/919/161 3443/919/161
f 3525/1011/161 3524/1011/161 3440/919/161 3441/919/161
f 3523/1011/161 3522/1011/161 3438/926/161 3439/926/161
f 3521/1011/161 3520/1011/161 3436/919/161 3437/919/161
f 3519/879/161 3518/878/161 3434/926/161 3435/926/161
f 3517/879/161 3516/879/161 3432/1031/161 3433/1029/161
f 3515/879/161 3514/879/161 3430/1030/161 3431/1030/161
f 3513/879/161 3512/879/161 3428/1029/161 3429/1032/161
f 3511/879/161 3510/879/161 3426/1029/161 3427/1029/161
f 3509/878/161 3508/878/161 3424/919/161 3425/919/161
f 3507/878/161 3506/924/161 3422/919/161 3423/919/161
f 3505/924/161 3504/878/161 3420/839/161 3421/919/161
f 3503/877/174 3502/1014/174 3418/876/174 3419/876/174
f 3501/877/174 3500/877/174 3416/876/174 3417/876/174
f 3499/877/174 3498/877/174 3414/876/174 3415/876/174
f 3497/896/174 3496/1017/174 3412/1034/174 3413/1034/174
f 3495/1016/174 3494/1019/174 3410/1035/174 3411/1035/174
f 3493/1018/174 3492/896/174 3408/1035/174 3409/1035/174
f 3491/896/174 3490/877/174 3406/1036/174 3407/1036/174
f 3489/877/174 3488/877/174 3404/1036/174 3405/1036/174
f 3487/877/174 3486/970/174 3402/1035/174 3403/1036/174
f 3485/995/174 3484/995/174 3400/1034/174 3401/1035/174
f 3483/995/174 3482/974/174 3398/876/174 3399/1034/174
f 3481/974/174 3480/974/174 3396/876/174 3397/876/174
f 3479/1006/174 3478/1005/174 3394/1040/174 3395/876/174
f 3477/1000/174 3476/1001/174 3392/876/174 3393/876/174
f 3475/1001/174 3474/1000/174 3390/876/174 3391/876/174
f 3473/974/174 3472/974/174 3388/876/174 3389/876/174
f 3471/995/174 3470/983/174 3386/1034/174 3387/1034/174
f 3469/983/174 3468/983/174 3384/1034/174 3385/1034/174
f 3467/983/174 3466/974/174 3382/876/174 3383/1034/174
f 3465/974/174 3464/970/174 3380/876/174 3381/876/174
f 3463/877/174 3462/877/174 3378/876/174 3379/876/174
f 3461/903/160 3460/919/160 3376/1043/160 3377/1041/160
f 3459/903/160 3458/903/160 3374/1042/160 3375/1042/160
f 3457/919/160 3456/919/160 3372/1043/160 3373/1043/160
f 3455/919/160 3454/926/160 3370/1042/160 3371/1043/160
f 3453/926/160 3452/923/160 3368/1047/160 3369/1043/160
f 3451/919/160 3450/903/160 3366/1043/160 3367/1042/160
f 3449/903/160 3448/903/160 3364/1042/160 3365/1043/160
f 3447/919/160 3446/919/160 3362/1043/160 3363/1043/160
f 3445/919/160 3444/919/160 3360/1050/160 3361/1043/160
f 3443/919/160 3442/919/160 3358/1050/160 3359/1041/160
f 3441/919/160 3440/919/160 3356/1050/160 3357/1050/160
f 3439/926/160 3438/926/160 3354/1050/160 3355/1050/160
f 3437/919/160 3436/919/160 3352/1051/160 3353/1051/160
f 3435/926/160 3434/926/160 3350/1041/160 3351/1051/160
f 3433/1029/160 3432/1031/160 3348/1051/160 3349/840/160
f 3431/1030/160 3430/1030/160 3346/1051/160 3347/1051/160
f 3429/1032/160 3428/1029/160 3344/1051/160 3345/840/160
f 3427/1029/160 3426/1029/160 3342/1051/160 3343/1051/160
f 3425/919/160 3424/919/160 3340/1051/160 3341/1051/160
f 3423/919/160 3422/919/160 3338/1041/160 3339/1051/160
f 3421/919/160 3420/839/160 3336/840/160 3337/1041/160
f 3419/876/173 3418/876/173 3334/1053/173 3335/875/173
f 3417/876/173 3416/876/173 3332/875/173 3333/875/173
f 3415/876/173 3414/876/173 3330/875/173 3331/875/173
f 3413/1034/173 3412/1034/173 3328/1056/173 3329/1054/173
f 3411/1035/173 3410/1035/173 3326/1057/173 3327/1056/173
f 3409/1035/173 3408/1035/173 3324/1054/173 3325/1054/173
f 3407/1036/173 3406/1036/173 3322/875/173 3323/1054/173
f 3405/1036/173 3404/1036/173 3320/875/173 3321/875/173
f 3403/1036/173 3402/1035/173 3318/1060/173 3319/875/173
f 3401/1035/173 3400/1034/173 3316/1059/173 3317/1059/173
f 3399/1034/173 3398/876/173 3314/1061/173 3315/1059/173
f 3397/876/173 3396/876/173 3312/1061/173 3313/1061/173
f 3395/876/173 3394/1040/173 3310/1064/173 3311/1062/173
f 3393/876/173 3392/876/173 3308/1065/173 3309/1063/173
f 3391/876/173 3390/876/173 3306/1063/173 3307/1065/173
f 3389/876/173 3388/876/173 3304/1061/173 3305/1061/173
f 3387/1034/173 3386/1034/173 3302/1067/173 3303/1059/173
f 3385/1034/173 3384/1034/173 3300/1067/173 3301/1067/173
f 3383/1034/173 3382/876/173 3298/1061/173 3299/1067/173
f 3381/876/173 3380/876/173 3296/1060/173 3297/1061/173
f 3379/876/173 3378/876/173 3294/875/173 3295/875/173
f 3377/1041/159 3376/1043/159 3292/1069/159 3293/874/159
f 3375/1042/159 3374/1042/159 3290/874/159 3291/874/159
f 3373/1043/159 3372/1043/159 3288/874/159 3289/874/159
f 3371/1043/159 3370/1042/159 3286/1072/159 3287/1070/159
f 3369/1043/159 3368/1047/159 3284/1072/159 3285/1071/159
f 3367/1042/159 3366/1043/159 3282/1071/159 3283/1070/159
f 3365/1043/159 3364/1042/159 3280/1072/159 3281/1071/159
f 3363/1043/159 3362/1043/159 3278/1072/159 3279/1072/159
f 3361/1043/159 3360/1050/159 3276/1073/159 3277/1073/159
f 3359/1041/159 3358/1050/159 3274/1073/159 3275/1074/159
f 3357/1050/159 3356/1050/159 3272/1073/159 3273/1073/159
f 3355/1050/159 3354/1050/159 3270/1074/159 3271/1074/159
f 3353/1051/159 3352/1051/159 3268/1069/159 3269/1075/159
f 3351/1051/159 3350/1041/159 3266/1076/159 3267/1073/159
f 3349/840/159 3348/1051/159 3264/1073/159 3265/1076/159
f 3347/1051/159 3346/1051/159 3262/1073/159 3263/1073/159
f 3345/840/159 3344/1051/159 3260/1072/159 3261/1076/159
f 3343/1051/159 3342/1051/159 3258/1070/159 3259/1072/159
f 3341/1051/159 3340/1051/159 3256/1070/159 3257/1070/159
f 3339/1051/159 3338/1041/159 3254/1069/159 3255/1069/159
f 3337/1041/159 3336/840/159 3252/873/159 3253/1069/159
f 3335/875/172 3334/1053/172 3250/1048/172 3251/872/172
f 3333/875/172 3332/875/172 3248/1078/172 3249/1078/172
f 3331/875/172 3330/875/172 3246/872/172 3247/872/172
f 3329/1054/172 3328/1056/172 3244/1048/172 3245/1048/172
f 3327/1056/172 3326/1057/172 3242/1027/172 3243/1027/172
f 3325/1054/172 3324/1054/172 3240/1026/172 3241/872/172
f 3323/1054/172 3322/875/172 3238/871/172 3239/1026/172
f 3321/875/172 3320/875/172 3236/871/172 3237/871/172
f 3319/875/172 3318/1060/172 3234/871/172 3235/1026/172
f 3317/1059/172 3316/1059/172 3232/1026/172 3233/1026/172
f 3315/1059/172 3314/1061/172 3230/1048/172 3231/1026/172
f 3313/1061/172 3312/1061/172 3228/1048/172 3229/1048/172
f 3311/1062/172 3310/1064/172 3226/872/172 3227/872/172
f 3309/1063/172 3308/1065/172 3224/871/172 3225/872/172
f 3307/1065/172 3306/1063/172 3222/871/172 3223/871/172
f 3305/1061/172 3304/1061/172 3220/1026/172 3221/1026/172
f 3303/1059/172 3302/1067/172 3218/1026/172 3219/1027/172
f 3301/1067/172 3300/1067/172 3216/1026/172 3217/1026/172
f 3299/1067/172 3298/1061/172 3214/1026/172 3215/1027/172
f 3297/1061/172 3296/1060/172 3212/1022/172 3213/1026/172
f 3295/875/172 3294/875/172 3210/871/172 3211/1022/172
f 2706/1081/185 2707/1080/185 3208/1021/185 3209/1008/185
f 2708/1080/185 2709/1084/185 3206/1007/185 3207/1020/185
f 2710/1080/185 2711/1081/185 3204/1004/185 3205/936/185
f 2712/1085/185 2713/856/185 3202/1010/185 3203/1004/185
f 2714/1081/185 2715/1086/185 3200/1009/185 3201/1010/185
f 2716/1081/185 2717/1087/185 3198/870/185 3199/870/185
f 2718/856/185 2719/856/185 3196/1007/185 3197/1008/185
f 2720/1081/185 2721/856/185 3194/936/185 3195/936/185
f 2722/1086/185 2723/1088/185 3192/1004/185 3193/945/185
f 2724/1089/185 2725/1088/185 3190/936/185 3191/936/185
f 2726/1088/185 2727/1090/185 3188/998/185 3189/998/185
f 2728/856/185 2729/1090/185 3186/994/185 3187/994/185
f 2730/1088/185 2731/856/185 3184/971/185 3185/990/185
f 2732/856/185 2733/856/185 3182/957/185 3183/984/185
f 2734/856/185 2735/1081/185 3180/971/185 3181/975/185
f 2736/1081/185 2737/1081/185 3178/957/185 3179/968/185
f 2738/1080/185 2739/1080/185 3176/957/185 3177/962/185
f 2740/1080/185 2741/1080/185 3174/936/185 3175/936/185
f 2742/1091/185 2743/1080/185 3172/936/185 3173/945/185
f 2744/1080/185 2745/1092/185 3170/869/185 3171/936/185
f 2746/1080/185 2747/857/185 3168/869/185 3169/870/185
f 3293/874/158 3292/1069/158 3166/893/158 3167/868/158
f 3291/874/158 3290/874/158 3164/868/158 3165/868/158
f 3289/874/158 3288/874/158 3162/893/158 3163/893/158
f 3287/1070/158 3286/1072/158 3160/1093/158 3161/1093/158
f 3285/1071/158 3284/1072/158 3158/868/158 3159/1093/158
f 3283/1070/158 3282/1071/158 3156/868/158 3157/868/158
f 3281/1071/158 3280/1072/158 3154/868/158 3155/868/158
f 3279/1072/158 3278/1072/158 3152/1094/158 3153/868/158
f 3277/1073/158 3276/1073/158 3150/1094/158 3151/1094/158
f 3275/1074/158 3274/1073/158 3148/868/158 3149/868/158
f 3273/1073/158 3272/1073/158 3146/868/158 3147/868/158
f 3271/1074/158 3270/1074/158 3144/893/158 3145/893/158
f 3269/1075/158 3268/1069/158 3142/1094/158 3143/868/158
f 3267/1073/158 3266/1076/158 3140/868/158 3141/1094/158
f 3265/1076/158 3264/1073/158 3138/868/158 3139/868/158
f 3263/1073/158 3262/1073/158 3136/893/158 3137/893/158
f 3261/1076/158 3260/1072/158 3134/868/158 3135/893/158
f 3259/1072/158 3258/1070/158 3132/868/158 3133/868/158
f 3257/1070/158 3256/1070/158 3130/868/158 3131/868/158
f 3255/1069/158 3254/1069/158 3128/893/158 3129/868/158
f 3253/1069/158 3252/873/158 3126/868/158 3127/893/158
f 3251/872/171 3250/1048/171 3124/1079/171 3125/867/171
f 3249/1078/171 3248/1078/171 3122/892/171 3123/867/171
f 3247/872/171 3246/872/171 3120/1058/171 3121/892/171
f 3245/1048/171 3244/1048/171 3118/1024/171 3119/1024/171
f 3243/1027/171 3242/1027/171 3116/867/171 3117/1024/171
f 3241/872/171 3240/1026/171 3114/1024/171 3115/1033/171
f 3239/1026/171 3238/871/171 3112/1058/171 3113/1024/171
f 3237/871/171 3236/871/171 3110/1058/171 3111/1058/171
f 3235/1026/171 3234/871/171 3108/892/171 3109/1058/171
f 3233/1026/171 3232/1026/171 3106/1049/171 3107/892/171
f 3231/1026/171 3230/1048/171 3104/1049/171 3105/1049/171
f 3229/1048/171 3228/1048/171 3102/1044/171 3103/1049/171
f 3227/872/171 3226/872/171 3100/1037/171 3101/1044/171
f 3225/872/171 3224/871/171 3098/1038/171 3099/1037/171
f 3223/871/171 3222/871/171 3096/1037/171 3097/1038/171
f 3221/1026/171 3220/1026/171 3094/1028/171 3095/1028/171
f 3219/1027/171 3218/1026/171 3092/1028/171 3093/1033/171
f 3217/1026/171 3216/1026/171 3090/1028/171 3091/1028/171
f 3215/1027/171 3214/1026/171 3088/892/171 3089/892/171
f 3213/1026/171 3212/1022/171 3086/1024/171 3087/892/171
f 3211/1022/171 3210/871/171 3084/867/171 3085/1023/171
f 3209/1008/184 3208/1021/184 3082/866/184 3083/866/184
f 3207/1020/184 3206/1007/184 3080/1015/184 3081/1015/184
f 3205/936/184 3204/1004/184 3078/866/184 3079/866/184
f 3203/1004/184 3202/1010/184 3076/985/184 3077/866/184
f 3201/1010/184 3200/1009/184 3074/865/184 3075/865/184
f 3199/870/184 3198/870/184 3072/865/184 3073/937/184
f 3197/1008/184 3196/1007/184 3070/937/184 3071/865/184
f 3195/936/184 3194/936/184 3068/865/184 3069/865/184
f 3193/945/184 3192/1004/184 3066/937/184 3067/865/184
f 3191/936/184 3190/936/184 3064/937/184 3065/865/184
f 3189/998/184 3188/998/184 3062/985/184 3063/937/184
f 3187/994/184 3186/994/184 3060/985/184 3061/985/184
f 3185/990/184 3184/971/184 3058/985/184 3059/985/184
f 3183/984/184 3182/957/184 3056/865/184 3057/985/184
f 3181/975/184 3180/971/184 3054/937/184 3055/865/184
f 3179/968/184 3178/957/184 3052/937/184 3053/937/184
f 3177/962/184 3176/957/184 3050/937/184 3051/865/184
f 3175/936/184 3174/936/184 3048/937/184 3049/937/184
f 3173/945/184 3172/936/184 3046/937/184 3047/937/184
f 3171/936/184 3170/869/184 3044/927/184 3045/937/184
f 3169/870/184 3168/869/184 3042/865/184 3043/927/184
f 3167/868/157 3166/893/157 3040/916/157 3041/864/157
f 3165/868/157 3164/868/157 3038/864/157 3039/864/157
f 3163/893/157 3162/893/157 3036/864/157 3037/864/157
f 3161/1093/157 3160/1093/157 3034/1100/157 3035/1099/157
f 3159/1093/157 3158/868/157 3032/1101/157 3033/1100/157
f 3157/868/157 3156/868/157 3030/1101/157 3031/1100/157
f 3155/868/157 3154/868/157 3028/1100/157 3029/1101/157
f 3153/868/157 3152/1094/157 3026/1100/157 3027/1100/157
f 3151/1094/157 3150/1094/157 3024/1102/157 3025/1102/157
f 3149/868/157 3148/868/157 3022/1102/157 3023/1103/157
f 3147/868/157 3146/868/157 3020/1102/157 3021/1102/157
f 3145/893/157 3144/893/157 3018/1103/157 3019/1103/157
f 3143/868/157 3142/1094/157 3016/916/157 3017/1104/157
f 3141/1094/157 3140/868/157 3014/1105/157 3015/1102/157
f 3139/868/157 3138/868/157 3012/1102/157 3013/1105/157
f 3137/893/157 3136/893/157 3010/1102/157 3011/1102/157
f 3135/893/157 3134/868/157 3008/1100/157 3009/1105/157
f 3133/868/157 3132/868/157 3006/1099/157 3007/1100/157
f 3131/868/157 3130/868/157 3004/1099/157 3005/1099/157
f 3129/868/157 3128/893/157 3002/916/157 3003/916/157
f 3127/893/157 3126/868/157 3000/863/157 3001/916/157
f 3125/867/170 3124/1079/170 2998/862/170 2999/862/170
f 3123/867/170 3122/892/170 2996/1109/170 2997/1109/170
f 3121/892/170 3120/1058/170 2994/1109/170 2995/1109/170
f 3119/1024/170 3118/1024/170 2992/1109/170 2993/1109/170
f 3117/1024/170 3116/867/170 2990/1111/170 2991/862/170
f 3115/1033/170 3114/1024/170 2988/1112/170 2989/1110/170
f 3113/1024/170 3112/1058/170 2986/1112/170 2987/1112/170
f 3111/1058/170 3110/1058/170 2984/1112/170 2985/1112/170
f 3109/1058/170 3108/892/170 2982/1112/170 2983/1112/170
f 3107/892/170 3106/1049/170 2980/1112/170 2981/1112/170
f 3105/1049/170 3104/1049/170 2978/1112/170 2979/1112/170
f 3103/1049/170 3102/1044/170 2976/1111/170 2977/1111/170
f 3101/1044/170 3100/1037/170 2974/1111/170 2975/1111/170
f 3099/1037/170 3098/1038/170 2972/1111/170 2973/1111/170
f 3097/1038/170 3096/1037/170 2970/1111/170 2971/1111/170
f 3095/1028/170 3094/1028/170 2968/1111/170 2969/1111/170
f 3093/1033/170 3092/1028/170 2966/1109/170 2967/1109/170
f 3091/1028/170 3090/1028/170 2964/1109/170 2965/1109/170
f 3089/892/170 3088/892/170 2962/1109/170 2963/1109/170
f 3087/892/170 3086/1024/170 2960/862/170 2961/1109/170
f 3085/1023/170 3084/867/170 2958/862/170 2959/862/170
f 3083/866/183 3082/866/183 2956/1115/183 2957/861/183
f 3081/1015/183 3080/1015/183 2954/861/183 2955/861/183
f 3079/866/183 3078/866/183 2952/861/183 2953/861/183
f 3077/866/183 3076/985/183 2950/1117/183 2951/1116/183
f 3075/865/183 3074/865/183 2948/1116/183 2949/1117/183
f 3073/937/183 3072/865/183 2946/1120/183 2947/1119/183
f 3071/865/183 3070/937/183 2944/1121/183 2945/1120/183
f 3069/865/183 3068/865/183 2942/1121/183 2943/1121/183
f 3067/865/183 3066/937/183 2940/1122/183 2941/1121/183
f 3065/865/183 3064/937/183 2938/1122/183 2939/1122/183
f 3063/937/183 3062/985/183 2936/1123/183 2937/1122/183
f 3061/985/183 3060/985/183 2934/1123/183 2935/1123/183
f 3059/985/183 3058/985/183 2932/1124/183 2933/1124/183
f 3057/985/183 3056/865/183 2930/1125/183 2931/1123/183
f 3055/865/183 3054/937/183 2928/1123/183 2929/1125/183
f 3053/937/183 3052/937/183 2926/1123/183 2927/1123/183
f 3051/865/183 3050/937/183 2924/1123/183 2925/1125/183
f 3049/937/183 3048/937/183 2922/1126/183 2923/1123/183
f 3047/937/183 3046/937/183 2920/1126/183 2921/1126/183
f 3045/937/183 3044/927/183 2918/1128/183 2919/1126/183
f 3043/927/183 3042/865/183 2916/861/183 2917/1115/183
f 3041/864/156 3040/916/156 2914/1130/156 2915/1127/156
f 3039/864/156 3038/864/156 2912/1129/156 2913/1129/156
f 3037/864/156 3036/864/156 2910/1130/156 2911/1130/156
f 3035/1099/156 3034/1100/156 2908/1129/156 2909/1130/156
f 3033/1100/156 3032/1101/156 2906/1131/156 2907/1130/156
f 3031/1100/156 3030/1101/156 2904/1130/156 2905/1129/156
f 3029/1101/156 3028/1100/156 2902/1129/156 2903/1130/156
f 3027/1100/156 3026/1100/156 2900/1130/156 2901/1130/156
f 3025/1102/156 3024/1102/156 2898/1132/156 2899/1130/156
f 3023/1103/156 3022/1102/156 2896/1132/156 2897/1127/156
f 3021/1102/156 3020/1102/156 2894/1132/156 2895/1132/156
f 3019/1103/156 3018/1103/156 2892/1132/156 2893/1132/156
f 3017/1104/156 3016/916/156 2890/1108/156 2891/1108/156
f 3015/1102/156 3014/1105/156 2888/1127/156 2889/1108/156
f 3013/1105/156 3012/1102/156 2886/1108/156 2887/860/156
f 3011/1102/156 3010/1102/156 2884/1108/156 2885/1108/156
f 3009/1105/156 3008/1100/156 2882/1108/156 2883/860/156
f 3007/1100/156 3006/1099/156 2880/1108/156 2881/1108/156
f 3005/1099/156 3004/1099/156 2878/1108/156 2879/1108/156
f 3003/916/156 3002/916/156 2876/1127/156 2877/1108/156
f 3001/916/156 3000/863/156 2874/860/156 2875/1127/156
f 2999/862/169 2998/862/169 2872/1133/169 2873/1133/169
f 2997/1109/169 2996/1109/169 2870/1133/169 2871/1133/169
f 2995/1109/169 2994/1109/169 2868/1134/169 2869/1133/169
f 2993/1109/169 2992/1109/169 2866/1134/169 2867/1134/169
f 2991/862/169 2990/1111/169 2864/859/169 2865/1134/169
f 2989/1110/169 2988/1112/169 2862/1134/169 2863/1135/169
f 2987/1112/169 2986/1112/169 2860/1134/169 2861/1134/169
f 2985/1112/169 2984/1112/169 2858/1134/169 2859/1134/169
f 2983/1112/169 2982/1112/169 2856/1133/169 2857/1134/169
f 2981/1112/169 2980/1112/169 2854/1133/169 2855/1133/169
f 2979/1112/169 2978/1112/169 2852/1133/169 2853/1133/169
f 2977/1111/169 2976/1111/169 2850/1137/169 2851/1133/169
f 2975/1111/169 2974/1111/169 2848/1139/169 2849/1137/169
f 2973/1111/169 2972/1111/169 2846/1139/169 2847/1139/169
f 2971/1111/169 2970/1111/169 2844/1141/169 2845/1140/169
f 2969/1111/169 2968/1111/169 2842/1135/169 2843/1135/169
f 2967/1109/169 2966/1109/169 2840/1142/169 2841/1142/169
f 2965/1109/169 2964/1109/169 2838/1142/169 2839/1142/169
f 2963/1109/169 2962/1109/169 2836/1133/169 2837/1133/169
f 2961/1109/169 2960/862/169 2834/1134/169 2835/1133/169
f 2959/862/169 2958/862/169 2832/859/169 2833/1134/169
f 2957/861/182 2956/1115/182 2830/1144/182 2831/858/182
f 2955/861/182 2954/861/182 2828/858/182 2829/858/182
f 2953/861/182 2952/861/182 2826/1144/182 2827/1144/182
f 2951/1116/182 2950/1117/182 2824/1145/182 2825/1145/182
f 2949/1117/182 2948/1116/182 2822/1148/182 2823/1146/182
f 2947/1119/182 2946/1120/182 2820/1147/182 2821/1147/182
f 2945/1120/182 2944/1121/182 2818/1150/182 2819/1150/182
f 2943/1121/182 2942/1121/182 2816/1151/182 2817/1150/182
f 2941/1121/182 2940/1122/182 2814/1152/182 2815/1151/182
f 2939/1122/182 2938/1122/182 2812/1153/182 2813/1147/182
f 2937/1122/182 2936/1123/182 2810/858/182 2811/1153/182
f 2935/1123/182 2934/1123/182 2808/1144/182 2809/1144/182
f 2933/1124/182 2932/1124/182 2806/1156/182 2807/858/182
f 2931/1123/182 2930/1125/182 2804/858/182 2805/1155/182
f 2929/1125/182 2928/1123/182 2802/858/182 2803/858/182
f 2927/1123/182 2926/1123/182 2800/1144/182 2801/1144/182
f 2925/1125/182 2924/1123/182 2798/1153/182 2799/1157/182
f 2923/1123/182 2922/1126/182 2796/1153/182 2797/1153/182
f 2921/1126/182 2920/1126/182 2794/858/182 2795/1153/182
f 2919/1126/182 2918/1128/182 2792/1144/182 2793/858/182
f 2917/1115/182 2916/861/182 2790/858/182 2791/1144/182
f 2915/1127/155 2914/1130/155 2788/1107/155 2789/1158/155
f 2913/1129/155 2912/1129/155 2786/1138/155 2787/1138/155
f 2911/1130/155 2910/1130/155 2784/1107/155 2785/1138/155
f 2909/1130/155 2908/1129/155 2782/1107/155 2783/1138/155
f 2907/1130/155 2906/1131/155 2780/1113/155 2781/1107/155
f 2905/1129/155 2904/1130/155 2778/1138/155 2779/1159/155
f 2903/1130/155 2902/1129/155 2776/1154/155 2777/1154/155
f 2901/1130/155 2900/1130/155 2774/1107/155 2775/1138/155
f 2899/1130/155 2898/1132/155 2772/1107/155 2773/1107/155
f 2897/1127/155 2896/1132/155 2770/1107/155 2771/1138/155
f 2895/1132/155 2894/1132/155 2768/1107/155 2769/1107/155
f 2893/1132/155 2892/1132/155 2766/1107/155 2767/1107/155
f 2891/1108/155 2890/1108/155 2764/1107/155 2765/1107/155
f 2889/1108/155 2888/1127/155 2762/1107/155 2763/1107/155
f 2887/860/155 2886/1108/155 2760/1113/155 2761/1113/155
f 2885/1108/155 2884/1108/155 2758/1113/155 2759/1113/155
f 2883/860/155 2882/1108/155 2756/1113/155 2757/1113/155
f 2881/1108/155 2880/1108/155 2754/1113/155 2755/1114/155
f 2879/1108/155 2878/1108/155 2752/1107/155 2753/1107/155
f 2877/1108/155 2876/1127/155 2750/855/155 2751/1138/155
f 2875/1127/155 2874/860/155 2748/854/155 2749/1138/155
f 2873/1133/168 2872/1133/168 2704/1162/168 2705/1160/168
f 2871/1133/168 2870/1133/168 2702/1161/168 2703/1161/168
f 2869/1133/168 2868/1134/168 2700/1161/168 2701/1161/168
f 2867/1134/168 2866/1134/168 2698/1162/168 2699/1162/168
f 2865/1134/168 2864/859/168 2696/1164/168 2697/1163/168
f 2863/1135/168 2862/1134/168 2694/1162/168 2695/1160/168
f 2861/1134/168 2860/1134/168 2692/1161/168 2693/1162/168
f 2859/1134/168 2858/1134/168 2690/1161/168 2691/1161/168
f 2857/1134/168 2856/1133/168 2688/1160/168 2689/1162/168
f 2855/1133/168 2854/1133/168 2686/1136/168 2687/1136/168
f 2853/1133/168 2852/1133/168 2684/1136/168 2685/1136/168
f 2851/1133/168 2850/1137/168 2682/1136/168 2683/1136/168
f 2849/1137/168 2848/1139/168 2680/853/168 2681/853/168
f 2847/1139/168 2846/1139/168 2678/1160/168 2679/853/168
f 2845/1140/168 2844/1141/168 2676/853/168 2677/853/168
f 2843/1135/168 2842/1135/168 2674/1143/168 2675/1143/168
f 2841/1142/168 2840/1142/168 2672/1143/168 2673/1149/168
f 2839/1142/168 2838/1142/168 2670/1143/168 2671/1143/168
f 2837/1133/168 2836/1133/168 2668/1143/168 2669/1149/168
f 2835/1133/168 2834/1134/168 2666/1136/168 2667/1143/168
f 2833/1134/168 2832/859/168 2664/853/168 2665/1136/168
f 2831/858/181 2830/1144/181 2662/1096/181 2663/852/181
f 2829/858/181 2828/858/181 2660/852/181 2661/852/181
f 2827/1144/181 2826/1144/181 2658/852/181 2659/852/181
f 2825/1145/181 2824/1145/181 2656/1095/181 2657/852/181
f 2823/1146/181 2822/1148/181 2654/852/181 2655/1095/181
f 2821/1147/181 2820/1147/181 2652/852/181 2653/1118/181
f 2819/1150/181 2818/1150/181 2650/852/181 2651/852/181
f 2817/1150/181 2816/1151/181 2648/852/181 2649/852/181
f 2815/1151/181 2814/1152/181 2646/851/181 2647/851/181
f 2813/1147/181 2812/1153/181 2644/1096/181 2645/1106/181
f 2811/1153/181 2810/858/181 2642/851/181 2643/1096/181
f 2809/1144/181 2808/1144/181 2640/1098/181 2641/1098/181
f 2807/858/181 2806/1156/181 2638/1097/181 2639/1098/181
f 2805/1155/181 2804/858/181 2636/1097/181 2637/1097/181
f 2803/858/181 2802/858/181 2634/1097/181 2635/1097/181
f 2801/1144/181 2800/1144/181 2632/851/181 2633/851/181
f 2799/1157/181 2798/1153/181 2630/1095/181 2631/1096/181
f 2797/1153/181 2796/1153/181 2628/1095/181 2629/1095/181
f 2795/1153/181 2794/858/181 2626/852/181 2627/1095/181
f 2793/858/181 2792/1144/181 2624/851/181 2625/851/181
f 2791/1144/181 2790/858/181 2622/851/181 2623/851/181
f 2789/1158/154 2788/1107/154 2707/1080/154 2706/1081/154
f 2787/1138/154 2786/1138/154 2709/1084/154 2708/1080/154
f 2785/1138/154 2784/1107/154 2711/1081/154 2710/1080/154
f 2783/1138/154 2782/1107/154 2713/856/154 2712/1085/154
f 2781/1107/154 2780/1113/154 2715/1086/154 2714/1081/154
f 2779/1159/154 2778/1138/154 2717/1087/154 2716/1081/154
f 2777/1154/154 2776/1154/154 2719/856/154 2718/856/154
f 2775/1138/154 2774/1107/154 2721/856/154 2720/1081/154
f 2773/1107/154 2772/1107/154 2723/1088/154 2722/1086/154
f 2771/1138/154 2770/1107/154 2725/1088/154 2724/1089/154
f 2769/1107/154 2768/1107/154 2727/1090/154 2726/1088/154
f 2767/1107/154 2766/1107/154 2729/1090/154 2728/856/154
f 2765/1107/154 2764/1107/154 2731/856/154 2730/1088/154
f 2763/1107/154 2762/1107/154 2733/856/154 2732/856/154
f 2761/1113/154 2760/1113/154 2735/1081/154 2734/856/154
f 2759/1113/154 2758/1113/154 2737/1081/154 2736/1081/154
f 2757/1113/154 2756/1113/154 2739/1080/154 2738/1080/154
f 2755/1114/154 2754/1113/154 2741/1080/154 2740/1080/154
f 2753/1107/154 2752/1107/154 2743/1080/154 2742/1091/154
f 2751/1138/154 2750/855/154 2745/1092/154 2744/1080/154
f 2749/1138/154 2748/854/154 2747/857/154 2746/1080/154
f 2705/1160/167 2704/1162/167 2620/1052/167 2621/850/167
f 2703/1161/167 2702/1161/167 2618/850/167 2619/850/167
f 2701/1161/167 2700/1161/167 2616/850/167 2617/850/167
f 2699/1162/167 2698/1162/167 2614/1045/167 2615/850/167
f 2697/1163/167 2696/1164/167 2612/1083/167 2613/1045/167
f 2695/1160/167 2694/1162/167 2610/850/167 2611/850/167
f 2693/1162/167 2692/1161/167 2608/850/167 2609/850/167
f 2691/1161/167 2690/1161/167 2606/850/167 2607/850/167
f 2689/1162/167 2688/1160/167 2604/849/167 2605/849/167
f 2687/1136/167 2686/1136/167 2602/1052/167 2603/1077/167
f 2685/1136/167 2684/1136/167 2600/849/167 2601/1052/167
f 2683/1136/167 2682/1136/167 2598/1068/167 2599/1068/167
f 2681/853/167 2680/853/167 2596/1055/167 2597/1068/167
f 2679/853/167 2678/1160/167 2594/1055/167 2595/1055/167
f 2677/853/167 2676/853/167 2592/1055/167 2593/1055/167
f 2675/1143/167 2674/1143/167 2590/849/167 2591/849/167
f 2673/1149/167 2672/1143/167 2588/1045/167 2589/1052/167
f 2671/1143/167 2670/1143/167 2586/1045/167 2587/1045/167
f 2669/1149/167 2668/1143/167 2584/850/167 2585/1045/167
f 2667/1143/167 2666/1136/167 2582/849/167 2583/849/167
f 2665/1136/167 2664/853/167 2580/849/167 2581/849/167
f 2663/852/180 2662/1096/180 2578/977/180 2579/845/180
f 2661/852/180 2660/852/180 2576/1013/180 2577/977/180
f 2659/852/180 2658/852/180 2574/1013/180 2575/1012/180
f 2657/852/180 2656/1095/180 2572/1013/180 2573/977/180
f 2655/1095/180 2654/852/180 2570/1025/180 2571/1025/180
f 2653/1118/180 2652/852/180 2568/977/180 2569/1013/180
f 2651/852/180 2650/852/180 2566/1012/180 2567/977/180
f 2649/852/180 2648/852/180 2564/1012/180 2565/977/180
f 2647/851/180 2646/851/180 2562/1012/180 2563/1013/180
f 2645/1106/180 2644/1096/180 2560/977/180 2561/977/180
f 2643/1096/180 2642/851/180 2558/977/180 2559/977/180
f 2641/1098/180 2640/1098/180 2556/977/180 2557/977/180
f 2639/1098/180 2638/1097/180 2554/846/180 2555/845/180
f 2637/1097/180 2636/1097/180 2552/977/180 2553/845/180
f 2635/1097/180 2634/1097/180 2550/846/180 2551/845/180
f 2633/851/180 2632/851/180 2548/846/180 2549/846/180
f 2631/1096/180 2630/1095/180 2546/846/180 2547/992/180
f 2629/1095/180 2628/1095/180 2544/846/180 2545/846/180
f 2627/1095/180 2626/852/180 2542/846/180 2543/992/180
f 2625/851/180 2624/851/180 2540/977/180 2541/846/180
f 2623/851/180 2622/851/180 2538/845/180 2539/977/180
f 2621/850/166 2620/1052/166 2494/842/166 2495/969/166
f 2619/850/166 2618/850/166 2492/842/166 2493/842/166
f 2617/850/166 2616/850/166 2490/842/166 2491/842/166
f 2615/850/166 2614/1045/166 2488/943/166 2489/948/166
f 2613/1045/166 2612/1083/166 2486/912/166 2487/939/166
f 2611/850/166 2610/850/166 2484/912/166 2485/912/166
f 2609/850/166 2608/850/166 2482/898/166 2483/898/166
f 2607/850/166 2606/850/166 2480/898/166 2481/912/166
f 2605/849/166 2604/849/166 2478/898/166 2479/898/166
f 2603/1077/166 2602/1052/166 2476/1046/166 2477/912/166
f 2601/1052/166 2600/849/166 2474/969/166 2475/948/166
f 2599/1068/166 2598/1068/166 2472/842/166 2473/842/166
f 2597/1068/166 2596/1055/166 2470/1066/166 2471/842/166
f 2595/1055/166 2594/1055/166 2468/842/166 2469/969/166
f 2593/1055/166 2592/1055/166 2466/842/166 2467/842/166
f 2591/849/166 2590/849/166 2464/842/166 2465/842/166
f 2589/1052/166 2588/1045/166 2462/948/166 2463/842/166
f 2587/1045/166 2586/1045/166 2460/948/166 2461/948/166
f 2585/1045/166 2584/850/166 2458/842/166 2459/1046/166
f 2583/849/166 2582/849/166 2456/1039/166 2457/842/166
f 2581/849/166 2580/849/166 2454/841/166 2455/1039/166
f 2579/845/179 2578/977/179 2497/900/179 2496/847/179
f 2577/977/179 2576/1013/179 2499/900/179 2498/901/179
f 2575/1012/179 2574/1013/179 2501/900/179 2500/900/179
f 2573/977/179 2572/1013/179 2503/907/179 2502/905/179
f 2571/1025/179 2570/1025/179 2505/900/179 2504/900/179
f 2569/1013/179 2568/977/179 2507/910/179 2506/897/179
f 2567/977/179 2566/1012/179 2509/914/179 2508/848/179
f 2565/977/179 2564/1012/179 2511/915/179 2510/915/179
f 2563/1013/179 2562/1012/179 2513/917/179 2512/900/179
f 2561/977/179 2560/977/179 2515/900/179 2514/918/179
f 2559/977/179 2558/977/179 2517/920/179 2516/900/179
f 2557/977/179 2556/977/179 2519/920/179 2518/900/179
f 2555/845/179 2554/846/179 2521/900/179 2520/900/179
f 2553/845/179 2552/977/179 2523/900/179 2522/901/179
f 2551/845/179 2550/846/179 2525/900/179 2524/901/179
f 2549/846/179 2548/846/179 2527/847/179 2526/901/179
f 2547/992/179 2546/846/179 2529/900/179 2528/847/179
f 2545/846/179 2544/846/179 2531/901/179 2530/901/179
f 2543/992/179 2542/846/179 2533/900/179 2532/928/179
f 2541/846/179 2540/977/179 2535/848/179 2534/900/179
f 2539/977/179 2538/845/179 2537/848/179 2536/900/179
f 2495/969/165 2494/842/165 2413/931/165 2412/843/165
f 2493/842/165 2492/842/165 2415/899/165 2414/932/165
f 2491/842/165 2490/842/165 2417/938/165 2416/934/165
f 2489/948/165 2488/943/165 2419/940/165 2418/925/165
f 2487/939/165 2486/912/165 2421/930/165 2420/899/165
f 2485/912/165 2484/912/165 2423/925/165 2422/899/165
f 2483/898/165 2482/898/165 2425/899/165 2424/899/165
f 2481/912/165 2480/898/165 2427/899/165 2426/913/165
f 2479/898/165 2478/898/165 2429/946/165 2428/899/165
f 2477/912/165 2476/1046/165 2431/899/165 2430/947/165
f 2475/948/165 2474/969/165 2433/949/165 2432/899/165
f 2473/842/165 2472/842/165 2435/949/165 2434/950/165
f 2471/842/165 2470/1066/165 2437/952/165 2436/952/165
f 2469/969/165 2468/842/165 2439/952/165 2438/950/165
f 2467/842/165 2466/842/165 2441/954/165 2440/950/165
f 2465/842/165 2464/842/165 2443/955/165 2442/950/165
f 2463/842/165 2462/948/165 2445/956/165 2444/956/165
f 2461/948/165 2460/948/165 2447/958/165 2446/956/165
f 2459/1046/165 2458/842/165 2449/843/165 2448/959/165
f 2457/842/165 2456/1039/165 2451/844/165 2450/843/165
f 2455/1039/165 2454/841/165 2453/844/165 2452/961/165
f 1819/893/153 3163/893/153 3037/864/153 1693/864/153
f 2187/879/153 3531/879/153 3447/919/153 2103/919/153
f 1085/946/152 2429/946/152 2478/898/152 1134/898/152
f 1692/864/152 3036/864/152 3162/893/152 1818/893/152
f 2102/919/152 3446/919/152 3530/879/152 2186/879/152
f 1133/912/153 2477/912/153 2430/947/153 1086/947/153
f 1817/1093/153 3161/1093/153 3035/1099/153 1691/1099/153
f 2185/879/153 3529/879/153 3445/919/153 2101/919/153
f 1087/899/152 2431/899/152 2476/1046/152 1132/1046/152
f 1690/1100/152 3034/1100/152 3160/1093/152 1816/1093/152
f 2100/919/152 3444/919/152 3528/1011/152 2184/1011/152
f 1131/948/153 2475/948/153 2432/899/153 1088/899/153
f 1815/1093/153 3159/1093/153 3033/1100/153 1689/1100/153
f 2183/1011/153 3527/1011/153 3443/919/153 2099/919/153
f 1089/949/152 2433/949/152 2474/969/152 1130/969/152
f 1688/1101/152 3032/1101/152 3158/868/152 1814/868/152
f 2098/919/152 3442/919/152 3526/1011/152 2182/1011/152
f 1129/842/153 2473/842/153 2434/950/153 1090/950/153
f 1813/868/153 3157/868/153 3031/1100/153 1687/1100/153
f 2181/1011/153 3525/1011/153 3441/919/153 2097/919/153
f 1091/949/152 2435/949/152 2472/842/152 1128/842/152
f 1686/1101/152 3030/1101/152 3156/868/152 1812/868/152
f 2096/919/152 3440/919/152 3524/1011/152 2180/1011/152
f 1127/842/153 2471/842/153 2436/952/153 1092/952/153
f 1811/868/153 3155/868/153 3029/1101/153 1685/1101/153
f 2179/1011/153 3523/1011/153 3439/926/153 2095/926/153
f 1093/952/152 2437/952/152 2470/1066/152 1126/1066/152
f 1684/1100/152 3028/1100/152 3154/868/152 1810/868/152
f 2094/926/152 3438/926/152 3522/1011/152 2178/1011/152
f 1125/969/153 2469/969/153 2438/950/153 1094/950/153
f 1809/868/153 3153/868/153 3027/1100/153 1683/1100/153
f 2177/1011/153 3521/1011/153 3437/919/153 2093/919/153
f 1095/952/152 2439/952/152 2468/842/152 1124/842/152
f 1682/1100/152 3026/1100/152 3152/1094/152 1808/1094/152
f 2092/919/152 3436/919/152 3520/1011/152 2176/1011/152
f 1123/842/153 2467/842/153 2440/950/153 1096/950/153
f 1807/1094/153 3151/1094/153 3025/1102/153 1681/1102/153
f 2175/879/153 3519/879/153 3435/926/153 2091/926/153
f 1097/954/152 2441/954/152 2466/842/152 1122/842/152
f 1680/1102/152 3024/1102/152 3150/1094/152 1806/1094/152
f 2090/926/152 3434/926/152 3518/878/152 2174/878/152
f 1121/842/153 2465/842/153 2442/950/153 1098/950/153
f 1805/868/153 3149/868/153 3023/1103/153 1679/1103/153
f 2173/879/153 3517/879/153 3433/1029/153 2089/1029/153
f 1099/955/152 2443/955/152 2464/842/152 1120/842/152
f 1678/1102/152 3022/1102/152 3148/868/152 1804/868/152
f 2088/1031/152 3432/1031/152 3516/879/152 2172/879/152
f 1119/842/153 2463/842/153 2444/956/153 1100/956/153
f 1803/868/153 3147/868/153 3021/1102/153 1677/1102/153
f 2171/879/153 3515/879/153 3431/1030/153 2087/1030/153
f 1101/956/152 2445/956/152 2462/948/152 1118/948/152
f 1676/1102/152 3020/1102/152 3146/868/152 1802/868/152
f 2086/1030/152 3430/1030/152 3514/879/152 2170/879/152
f 1117/948/153 2461/948/153 2446/956/153 1102/956/153
f 1801/893/153 3145/893/153 3019/1103/153 1675/1103/153
f 2169/879/153 3513/879/153 3429/1032/153 2085/1032/153
f 1103/958/152 2447/958/152 2460/948/152 1116/948/152
f 1674/1103/152 3018/1103/152 3144/893/152 1800/893/152
f 2084/1029/152 3428/1029/152 3512/879/152 2168/879/152
f 1115/1046/153 2459/1046/153 2448/959/153 1104/959/153
f 1799/868/153 3143/868/153 3017/1104/153 1673/1104/153
f 2167/879/153 3511/879/153 3427/1029/153 2083/1029/153
f 1105/843/152 2449/843/152 2458/842/152 1114/842/152
f 1672/916/152 3016/916/152 3142/1094/152 1798/1094/152
f 2082/1029/152 3426/1029/152 3510/879/152 2166/879/152
f 1113/842/153 2457/842/153 2450/843/153 1106/843/153
f 1797/1094/153 3141/1094/153 3015/1102/153 1671/1102/153
f 2165/878/153 3509/878/153 3425/919/153 2081/919/153
f 1107/844/152 2451/844/152 2456/1039/152 1112/1039/152
f 1670/1105/152 3014/1105/152 3140/868/152 1796/868/152
f 2080/919/152 3424/919/152 3508/878/152 2164/878/152
f 1111/1039/153 2455/1039/153 2452/961/153 1108/961/153
f 1795/868/153 3139/868/153 3013/1105/153 1669/1105/153
f 2163/878/153 3507/878/153 3423/919/153 2079/919/153
f 1109/844/152 2453/844/152 2454/841/152 1110/841/152
f 1668/1102/152 3012/1102/152 3138/868/152 1794/868/152
f 2078/919/152 3422/919/152 3506/924/152 2162/924/152
f 1793/893/153 3137/893/153 3011/1102/153 1667/1102/153
f 2161/924/153 3505/924/153 3421/919/153 2077/919/153
f 1666/1102/152 3010/1102/152 3136/893/152 1792/893/152
f 2076/839/152 3420/839/152 3504/878/152 2160/878/152
f 1791/893/153 3135/893/153 3009/1105/153 1665/1105/153
f 2159/877/153 3503/877/153 3419/876/153 2075/876/153
f 1664/1100/152 3008/1100/152 3134/868/152 1790/868/152
f 2074/876/152 3418/876/152 3502/1014/152 2158/1014/152
f 1789/868/153 3133/868/153 3007/1100/153 1663/1100/153
f 2157/877/153 3501/877/153 3417/876/153 2073/876/153
f 1662/1099/152 3006/1099/152 3132/868/152 1788/868/152
f 2072/876/152 3416/876/152 3500/877/152 2156/877/152
f 1787/868/153 3131/868/153 3005/1099/153 1661/1099/153
f 2155/877/153 3499/877/153 3415/876/153 2071/876/153
f 1660/1099/152 3004/1099/152 3130/868/152 1786/868/152
f 2070/876/152 3414/876/152 3498/877/152 2154/877/152
f 1785/868/153 3129/868/153 3003/916/153 1659/916/153
f 2153/896/153 3497/896/153 3413/1034/153 2069/1034/153
f 1658/916/152 3002/916/152 3128/893/152 1784/893/152
f 2068/1034/152 3412/1034/152 3496/1017/152 2152/1017/152
f 1783/893/153 3127/893/153 3001/916/153 1657/916/153
f 2151/1016/153 3495/1016/153 3411/1035/153 2067/1035/153
f 1656/863/152 3000/863/152 3126/868/152 1782/868/152
f 2066/1035/152 3410/1035/152 3494/1019/152 2150/1019/152
f 1781/867/153 3125/867/153 2999/862/153 1655/862/153
f 2149/1018/153 3493/1018/153 3409/1035/153 2065/1035/153
f 1654/862/152 2998/862/152 3124/1079/152 1780/1079/152
f 2064/1035/152 3408/1035/152 3492/896/152 2148/896/152
f 1779/867/153 3123/867/153 2997/1109/153 1653/1109/153
f 2147/896/153 3491/896/153 3407/1036/153 2063/1036/153
f 1652/1109/152 2996/1109/152 3122/892/152 1778/892/152
f 2062/1036/152 3406/1036/152 3490/877/152 2146/877/152
f 1777/892/153 3121/892/153 2995/1109/153 1651/1109/153
f 2145/877/153 3489/877/153 3405/1036/153 2061/1036/153
f 1650/1109/152 2994/1109/152 3120/1058/152 1776/1058/152
f 2060/1036/152 3404/1036/152 3488/877/152 2144/877/152
f 1775/1024/153 3119/1024/153 2993/1109/153 1649/1109/153
f 2143/877/153 3487/877/153 3403/1036/153 2059/1036/153
f 1648/1109/152 2992/1109/152 3118/1024/152 1774/1024/152
f 2058/1035/152 3402/1035/152 3486/970/152 2142/970/152
f 1773/1024/153 3117/1024/153 2991/862/153 1647/862/153
f 2141/995/153 3485/995/153 3401/1035/153 2057/1035/153
f 1646/1111/152 2990/1111/152 3116/867/152 1772/867/152
f 2056/1034/152 3400/1034/152 3484/995/152 2140/995/152
f 1771/1033/153 3115/1033/153 2989/1110/153 1645/1110/153
f 2139/995/153 3483/995/153 3399/1034/153 2055/1034/153
f 1644/1112/152 2988/1112/152 3114/1024/152 1770/1024/152
f 2054/876/152 3398/876/152 3482/974/152 2138/974/152
f 1769/1024/153 3113/1024/153 2987/1112/153 1643/1112/153
f 2137/974/153 3481/974/153 3397/876/153 2053/876/153
f 1642/1112/152 2986/1112/152 3112/1058/152 1768/1058/152
f 2052/876/152 3396/876/152 3480/974/152 2136/974/152
f 1767/1058/153 3111/1058/153 2985/1112/153 1641/1112/153
f 2135/1006/153 3479/1006/153 3395/876/153 2051/876/153
f 1640/1112/152 2984/1112/152 3110/1058/152 1766/1058/152
f 2050/1040/152 3394/1040/152 3478/1005/152 2134/1005/152
f 1765/1058/153 3109/1058/153 2983/1112/153 1639/1112/153
f 2133/1000/153 3477/1000/153 3393/876/153 2049/876/153
f 1638/1112/152 2982/1112/152 3108/892/152 1764/892/152
f 2048/876/152 3392/876/152 3476/1001/152 2132/1001/152
f 1763/892/153 3107/892/153 2981/1112/153 1637/1112/153
f 2131/1001/153 3475/1001/153 3391/876/153 2047/876/153
f 1636/1112/152 2980/1112/152 3106/1049/152 1762/1049/152
f 2046/876/152 3390/876/152 3474/1000/152 2130/1000/152
f 1761/1049/153 3105/1049/153 2979/1112/153 1635/1112/153
f 2129/974/153 3473/974/153 3389/876/153 2045/876/153
f 1634/1112/152 2978/1112/152 3104/1049/152 1760/1049/152
f 2044/876/152 3388/876/152 3472/974/152 2128/974/152
f 1759/1049/153 3103/1049/153 2977/1111/153 1633/1111/153
f 2127/995/153 3471/995/153 3387/1034/153 2043/1034/153
f 1632/1111/152 2976/1111/152 3102/1044/152 1758/1044/152
f 2042/1034/152 3386/1034/152 3470/983/152 2126/983/152
f 1757/1044/153 3101/1044/153 2975/1111/153 1631/1111/153
f 2125/983/153 3469/983/153 3385/1034/153 2041/1034/153
f 1630/1111/152 2974/1111/152 3100/1037/152 1756/1037/152
f 2040/1034/152 3384/1034/152 3468/983/152 2124/983/152
f 1755/1037/153 3099/1037/153 2973/1111/153 1629/1111/153
f 2123/983/153 3467/983/153 3383/1034/153 2039/1034/153
f 1628/1111/152 2972/1111/152 3098/1038/152 1754/1038/152
f 2038/876/152 3382/876/152 3466/974/152 2122/974/152
f 1753/1038/153 3097/1038/153 2971/1111/153 1627/1111/153
f 2121/974/153 3465/974/153 3381/876/153 2037/876/153
f 1626/1111/152 2970/1111/152 3096/1037/152 1752/1037/152
f 2036/876/152 3380/876/152 3464/970/152 2120/970/152
f 1751/1028/153 3095/1028/153 2969/1111/153 1625/1111/153
f 2119/877/153 3463/877/153 3379/876/153 2035/876/153
f 1624/1111/152 2968/1111/152 3094/1028/152 1750/1028/152
f 2034/876/152 3378/876/152 3462/877/152 2118/877/152
f 1749/1033/153 3093/1033/153 2967/1109/153 1623/1109/153
f 2117/903/153 3461/903/153 3377/1041/153 2033/1041/153
f 1622/1109/152 2966/1109/152 3092/1028/152 1748/1028/152
f 2032/1043/152 3376/1043/152 3460/919/152 2116/919/152
f 1747/1028/153 3091/1028/153 2965/1109/153 1621/1109/153
f 2115/903/153 3459/903/153 3375/1042/153 2031/1042/153
f 1620/1109/152 2964/1109/152 3090/1028/152 1746/1028/152
f 2030/1042/152 3374/1042/152 3458/903/152 2114/903/152
f 1745/892/153 3089/892/153 2963/1109/153 1619/1109/153
f 2113/919/153 3457/919/153 3373/1043/153 2029/1043/153
f 1618/1109/152 2962/1109/152 3088/892/152 1744/892/152
f 2028/1043/152 3372/1043/152 3456/919/152 2112/919/152
f 1743/892/153 3087/892/153 2961/1109/153 1617/1109/153
f 2111/919/153 3455/919/153 3371/1043/153 2027/1043/153
f 1616/862/152 2960/862/152 3086/1024/152 1742/1024/152
f 2026/1042/152 3370/1042/152 3454/926/152 2110/926/152
f 1741/1023/153 3085/1023/153 2959/862/153 1615/862/153
f 2109/926/153 3453/926/153 3369/1043/153 2025/1043/153
f 1614/862/152 2958/862/152 3084/867/152 1740/867/152
f 2024/1047/152 3368/1047/152 3452/923/152 2108/923/152
f 1739/866/153 3083/866/153 2957/861/153 1613/861/153
f 2107/919/153 3451/919/153 3367/1042/153 2023/1042/153
f 1612/1115/152 2956/1115/152 3082/866/152 1738/866/152
f 2022/1043/152 3366/1043/152 3450/903/152 2106/903/152
f 1737/1015/153 3081/1015/153 2955/861/153 1611/861/153
f 2105/903/153 3449/903/153 3365/1043/153 2021/1043/153
f 1610/861/152 2954/861/152 3080/1015/152 1736/1015/152
f 2020/1042/152 3364/1042/152 3448/903/152 2104/903/152
f 1735/866/153 3079/866/153 2953/861/153 1609/861/153
f 2103/919/153 3447/919/153 3363/1043/153 2019/1043/153
f 1608/861/152 2952/861/152 3078/866/152 1734/866/152
f 2018/1043/152 3362/1043/152 3446/919/152 2102/919/152
f 1733/866/153 3077/866/153 2951/1116/153 1607/1116/153
f 2101/919/153 3445/919/153 3361/1043/153 2017/1043/153
f 1606/1117/152 2950/1117/152 3076/985/152 1732/985/152
f 2016/1050/152 3360/1050/152 3444/919/152 2100/919/152
f 1731/865/153 3075/865/153 2949/1117/153 1605/1117/153
f 2099/919/153 3443/919/153 3359/1041/153 2015/1041/153
f 1604/1116/152 2948/1116/152 3074/865/152 1730/865/152
f 2014/1050/152 3358/1050/152 3442/919/152 2098/919/152
f 1729/937/153 3073/937/153 2947/1119/153 1603/1119/153
f 2097/919/153 3441/919/153 3357/1050/153 2013/1050/153
f 1602/1120/152 2946/1120/152 3072/865/152 1728/865/152
f 2012/1050/152 3356/1050/152 3440/919/152 2096/919/152
f 1727/865/153 3071/865/153 2945/1120/153 1601/1120/153
f 2095/926/153 3439/926/153 3355/1050/153 2011/1050/153
f 1600/1121/152 2944/1121/152 3070/937/152 1726/937/152
f 2010/1050/152 3354/1050/152 3438/926/152 2094/926/152
f 1725/865/153 3069/865/153 2943/1121/153 1599/1121/153
f 2093/919/153 3437/919/153 3353/1051/153 2009/1051/153
f 1598/1121/152 2942/1121/152 3068/865/152 1724/865/152
f 2008/1051/152 3352/1051/152 3436/919/152 2092/919/152
f 1723/865/153 3067/865/153 2941/1121/153 1597/1121/153
f 1533/1108/153 2877/1108/153 2751/1138/153 1407/1138/153
f 2091/926/153 3435/926/153 3351/1051/153 2007/1051/153
f 1596/1122/152 2940/1122/152 3066/937/152 1722/937/152
f 1406/855/152 2750/855/152 2876/1127/152 1532/1127/152
f 2006/1041/152 3350/1041/152 3434/926/152 2090/926/152
f 1721/865/153 3065/865/153 2939/1122/153 1595/1122/153
f 1531/1127/153 2875/1127/153 2749/1138/153 1405/1138/153
f 2089/1029/153 3433/1029/153 3349/840/153 2005/840/153
f 1594/1122/152 2938/1122/152 3064/937/152 1720/937/152
f 1404/854/152 2748/854/152 2874/860/152 1530/860/152
f 2004/1051/152 3348/1051/152 3432/1031/152 2088/1031/152
f 1719/937/153 3063/937/153 2937/1122/153 1593/1122/153
f 1529/1133/153 2873/1133/153 2705/1160/153 1361/1160/153
f 2087/1030/153 3431/1030/153 3347/1051/153 2003/1051/153
f 1592/1123/152 2936/1123/152 3062/985/152 1718/985/152
f 1360/1162/152 2704/1162/152 2872/1133/152 1528/1133/152
f 2002/1051/152 3346/1051/152 3430/1030/152 2086/1030/152
f 1717/985/153 3061/985/153 2935/1123/153 1591/1123/153
f 1527/1133/153 2871/1133/153 2703/1161/153 1359/1161/153
f 2085/1032/153 3429/1032/153 3345/840/153 2001/840/153
f 1590/1123/152 2934/1123/152 3060/985/152 1716/985/152
f 1152/847/153 2496/847/153 3755/887/153 2411/887/153
f 1358/1161/152 2702/1161/152 2870/1133/152 1526/1133/152
f 2000/1051/152 3344/1051/152 3428/1029/152 2084/1029/152
f 1715/985/153 3059/985/153 2933/1124/153 1589/1124/153
f 2410/887/152 3754/887/152 2497/900/152 1153/900/152
f 1525/1133/153 2869/1133/153 2701/1161/153 1357/1161/153
f 2083/1029/153 3427/1029/153 3343/1051/153 1999/1051/153
f 1588/1124/152 2932/1124/152 3058/985/152 1714/985/152
f 1154/901/153 2498/901/153 3753/902/153 2409/902/153
f 1356/1161/152 2700/1161/152 2868/1134/152 1524/1134/152
f 1998/1051/152 3342/1051/152 3426/1029/152 2082/1029/152
f 1713/985/153 3057/985/153 2931/1123/153 1587/1123/153
f 2408/904/152 3752/904/152 2499/900/152 1155/900/152
f 1523/1134/153 2867/1134/153 2699/1162/153 1355/1162/153
f 2081/919/153 3425/919/153 3341/1051/153 1997/1051/153
f 1586/1125/152 2930/1125/152 3056/865/152 1712/865/152
f 1156/900/153 2500/900/153 3751/904/153 2407/904/153
f 1354/1162/152 2698/1162/152 2866/1134/152 1522/1134/152
f 1996/1051/152 3340/1051/152 3424/919/152 2080/919/152
f 1711/865/153 3055/865/153 2929/1125/153 1585/1125/153
f 2406/904/152 3750/904/152 2501/900/152 1157/900/152
f 1521/1134/153 2865/1134/153 2697/1163/153 1353/1163/153
f 2079/919/153 3423/919/153 3339/1051/153 1995/1051/153
f 1584/1123/152 2928/1123/152 3054/937/152 1710/937/152
f 1158/905/153 2502/905/153 3749/906/153 2405/906/153
f 1352/1164/152 2696/1164/152 2864/859/152 1520/859/152
f 1994/1041/152 3338/1041/152 3422/919/152 2078/919/152
f 1709/937/153 3053/937/153 2927/1123/153 1583/1123/153
f 2404/904/152 3748/904/152 2503/907/152 1159/907/152
f 1519/1135/153 2863/1135/153 2695/1160/153 1351/1160/153
f 2077/919/153 3421/919/153 3337/1041/153 1993/1041/153
f 1582/1123/152 2926/1123/152 3052/937/152 1708/937/152
f 1160/900/153 2504/900/153 3747/904/153 2403/904/153
f 1350/1162/152 2694/1162/152 2862/1134/152 1518/1134/152
f 1992/840/152 3336/840/152 3420/839/152 2076/839/152
f 1707/865/153 3051/865/153 2925/1125/153 1581/1125/153
f 2402/909/152 3746/909/152 2505/900/152 1161/900/152
f 1517/1134/153 2861/1134/153 2693/1162/153 1349/1162/153
f 2075/876/153 3419/876/153 3335/875/153 1991/875/153
f 1580/1123/152 2924/1123/152 3050/937/152 1706/937/152
f 1162/897/153 2506/897/153 3745/908/153 2401/908/153
f 1348/1161/152 2692/1161/152 2860/1134/152 1516/1134/152
f 1990/1053/152 3334/1053/152 3418/876/152 2074/876/152
f 1705/937/153 3049/937/153 2923/1123/153 1579/1123/153
f 2400/911/152 3744/911/152 2507/910/152 1163/910/152
f 1515/1134/153 2859/1134/153 2691/1161/153 1347/1161/153
f 2073/876/153 3417/876/153 3333/875/153 1989/875/153
f 1578/1126/152 2922/1126/152 3048/937/152 1704/937/152
f 1164/848/153 2508/848/153 3743/911/153 2399/911/153
f 1346/1161/152 2690/1161/152 2858/1134/152 1514/1134/152
f 1988/875/152 3332/875/152 3416/876/152 2072/876/152
f 1703/937/153 3047/937/153 2921/1126/153 1577/1126/153
f 2398/911/152 3742/911/152 2509/914/152 1165/914/152
f 1513/1134/153 2857/1134/153 2689/1162/153 1345/1162/153
f 2071/876/153 3415/876/153 3331/875/153 1987/875/153
f 1576/1126/152 2920/1126/152 3046/937/152 1702/937/152
f 1166/915/153 2510/915/153 3741/908/153 2397/908/153
f 1344/1160/152 2688/1160/152 2856/1133/152 1512/1133/152
f 1986/875/152 3330/875/152 3414/876/152 2070/876/152
f 1701/937/153 3045/937/153 2919/1126/153 1575/1126/153
f 2396/911/152 3740/911/152 2511/915/152 1167/915/152
f 1511/1133/153 2855/1133/153 2687/1136/153 1343/1136/153
f 2069/1034/153 3413/1034/153 3329/1054/153 1985/1054/153
f 1574/1128/152 2918/1128/152 3044/927/152 1700/927/152
f 1168/900/153 2512/900/153 3739/911/153 2395/911/153
f 1342/1136/152 2686/1136/152 2854/1133/152 1510/1133/152
f 1984/1056/152 3328/1056/152 3412/1034/152 2068/1034/152
f 1699/927/153 3043/927/153 2917/1115/153 1573/1115/153
f 2394/908/152 3738/908/152 2513/917/152 1169/917/152
f 1509/1133/153 2853/1133/153 2685/1136/153 1341/1136/153
f 2067/1035/153 3411/1035/153 3327/1056/153 1983/1056/153
f 1572/861/152 2916/861/152 3042/865/152 1698/865/152
f 1170/918/153 2514/918/153 3737/911/153 2393/911/153
f 1340/1136/152 2684/1136/152 2852/1133/152 1508/1133/152
f 1982/1057/152 3326/1057/152 3410/1035/152 2066/1035/152
f 1697/864/153 3041/864/153 2915/1127/153 1571/1127/153
f 2392/908/152 3736/908/152 2515/900/152 1171/900/152
f 1507/1133/153 2851/1133/153 2683/1136/153 1339/1136/153
f 2065/1035/153 3409/1035/153 3325/1054/153 1981/1054/153
f 1570/1130/152 2914/1130/152 3040/916/152 1696/916/152
f 1172/900/153 2516/900/153 3735/908/153 2391/908/153
f 1338/1136/152 2682/1136/152 2850/1137/152 1506/1137/152
f 1980/1054/152 3324/1054/152 3408/1035/152 2064/1035/152
f 1695/864/153 3039/864/153 2913/1129/153 1569/1129/153
f 2390/921/152 3734/921/152 2517/920/152 1173/920/152
f 1505/1137/153 2849/1137/153 2681/853/153 1337/853/153
f 2063/1036/153 3407/1036/153 3323/1054/153 1979/1054/153
f 1568/1129/152 2912/1129/152 3038/864/152 1694/864/152
f 1174/900/153 2518/900/153 3733/904/153 2389/904/153
f 1336/853/152 2680/853/152 2848/1139/152 1504/1139/152
f 1978/875/152 3322/875/152 3406/1036/152 2062/1036/152
f 1693/864/153 3037/864/153 2911/1130/153 1567/1130/153
f 2388/922/152 3732/922/152 2519/920/152 1175/920/152
f 1503/1139/153 2847/1139/153 2679/853/153 1335/853/153
f 2061/1036/153 3405/1036/153 3321/875/153 1977/875/153
f 1566/1130/152 2910/1130/152 3036/864/152 1692/864/152
f 1176/900/153 2520/900/153 3731/902/153 2387/902/153
f 1334/1160/152 2678/1160/152 2846/1139/152 1502/1139/152
f 1976/875/152 3320/875/152 3404/1036/152 2060/1036/152
f 1691/1099/153 3035/1099/153 2909/1130/153 1565/1130/153
f 2386/904/152 3730/904/152 2521/900/152 1177/900/152
f 1501/1140/153 2845/1140/153 2677/853/153 1333/853/153
f 2059/1036/153 3403/1036/153 3319/875/153 1975/875/153
f 1564/1129/152 2908/1129/152 3034/1100/152 1690/1100/152
f 1178/901/153 2522/901/153 3729/902/153 2385/902/153
f 1332/853/152 2676/853/152 2844/1141/152 1500/1141/152
f 1974/1060/152 3318/1060/152 3402/1035/152 2058/1035/152
f 1689/1100/153 3033/1100/153 2907/1130/153 1563/1130/153
f 2384/904/152 3728/904/152 2523/900/152 1179/900/152
f 1499/1135/153 2843/1135/153 2675/1143/153 1331/1143/153
f 2057/1035/153 3401/1035/153 3317/1059/153 1973/1059/153
f 1562/1131/152 2906/1131/152 3032/1101/152 1688/1101/152
f 1180/901/153 2524/901/153 3727/902/153 2383/902/153
f 1330/1143/152 2674/1143/152 2842/1135/152 1498/1135/152
f 1972/1059/152 3316/1059/152 3400/1034/152 2056/1034/152
f 1687/1100/153 3031/1100/153 2905/1129/153 1561/1129/153
f 2382/904/152 3726/904/152 2525/900/152 1181/900/152
f 1497/1142/153 2841/1142/153 2673/1149/153 1329/1149/153
f 2055/1034/153 3399/1034/153 3315/1059/153 1971/1059/153
f 1560/1130/152 2904/1130/152 3030/1101/152 1686/1101/152
f 1182/901/153 2526/901/153 3725/902/153 2381/902/153
f 1328/1143/152 2672/1143/152 2840/1142/152 1496/1142/152
f 1970/1061/152 3314/1061/152 3398/876/152 2054/876/152
f 1685/1101/153 3029/1101/153 2903/1130/153 1559/1130/153
f 2380/904/152 3724/904/152 2527/847/152 1183/847/152
f 1495/1142/153 2839/1142/153 2671/1143/153 1327/1143/153
f 2053/876/153 3397/876/153 3313/1061/153 1969/1061/153
f 1558/1129/152 2902/1129/152 3028/1100/152 1684/1100/152
f 1184/847/153 2528/847/153 3723/887/153 2379/887/153
f 1326/1143/152 2670/1143/152 2838/1142/152 1494/1142/152
f 1968/1061/152 3312/1061/152 3396/876/152 2052/876/152
f 1683/1100/153 3027/1100/153 2901/1130/153 1557/1130/153
f 2378/904/152 3722/904/152 2529/900/152 1185/900/152
f 1493/1133/153 2837/1133/153 2669/1149/153 1325/1149/153
f 2051/876/153 3395/876/153 3311/1062/153 1967/1062/153
f 1556/1130/152 2900/1130/152 3026/1100/152 1682/1100/152
f 1186/901/153 2530/901/153 3721/904/153 2377/904/153
f 1324/1143/152 2668/1143/152 2836/1133/152 1492/1133/152
f 1966/1064/152 3310/1064/152 3394/1040/152 2050/1040/152
f 1681/1102/153 3025/1102/153 2899/1130/153 1555/1130/153
f 2376/902/152 3720/902/152 2531/901/152 1187/901/152
f 1491/1133/153 2835/1133/153 2667/1143/153 1323/1143/153
f 2049/876/153 3393/876/153 3309/1063/153 1965/1063/153
f 1554/1132/152 2898/1132/152 3024/1102/152 1680/1102/152
f 1188/928/153 2532/928/153 3719/902/153 2375/902/153
f 1322/1136/152 2666/1136/152 2834/1134/152 1490/1134/152
f 1964/1065/152 3308/1065/152 3392/876/152 2048/876/152
f 1679/1103/153 3023/1103/153 2897/1127/153 1553/1127/153
f 2374/902/152 3718/902/152 2533/900/152 1189/900/152
f 1489/1134/153 2833/1134/153 2665/1136/153 1321/1136/153
f 2047/876/153 3391/876/153 3307/1065/153 1963/1065/153
f 1552/1132/152 2896/1132/152 3022/1102/152 1678/1102/152
f 1190/900/153 2534/900/153 3717/904/153 2373/904/153
f 1320/853/152 2664/853/152 2832/859/152 1488/859/152
f 1962/1063/152 3306/1063/152 3390/876/152 2046/876/152
f 1677/1102/153 3021/1102/153 2895/1132/153 1551/1132/153
f 2372/886/152 3716/886/152 2535/848/152 1191/848/152
f 1487/858/153 2831/858/153 2663/852/153 1319/852/153
f 2045/876/153 3389/876/153 3305/1061/153 1961/1061/153
f 1550/1132/152 2894/1132/152 3020/1102/152 1676/1102/152
f 1192/900/153 2536/900/153 3715/906/153 2371/906/153
f 1318/1096/152 2662/1096/152 2830/1144/152 1486/1144/152
f 1960/1061/152 3304/1061/152 3388/876/152 2044/876/152
f 1675/1103/153 3019/1103/153 2893/1132/153 1549/1132/153
f 2370/886/152 3714/886/152 2537/848/152 1193/848/152
f 1485/858/153 2829/858/153 2661/852/153 1317/852/153
f 2043/1034/153 3387/1034/153 3303/1059/153 1959/1059/153
f 1548/1132/152 2892/1132/152 3018/1103/152 1674/1103/152
f 1068/843/153 2412/843/153 3713/929/153 2369/929/153
f 1316/852/152 2660/852/152 2828/858/152 1484/858/152
f 1958/1067/152 3302/1067/152 3386/1034/152 2042/1034/152
f 1673/1104/153 3017/1104/153 2891/1108/153 1547/1108/153
f 2368/888/152 3712/888/152 2413/931/152 1069/931/152
f 1483/1144/153 2827/1144/153 2659/852/153 1315/852/153
f 2041/1034/153 3385/1034/153 3301/1067/153 1957/1067/153
f 1546/1108/152 2890/1108/152 3016/916/152 1672/916/152
f 1070/932/153 2414/932/153 3711/933/153 2367/933/153
f 1314/852/152 2658/852/152 2826/1144/152 1482/1144/152
f 1956/1067/152 3300/1067/152 3384/1034/152 2040/1034/152
f 1671/1102/153 3015/1102/153 2889/1108/153 1545/1108/153
f 2366/935/152 3710/935/152 2415/899/152 1071/899/152
f 1481/1145/153 2825/1145/153 2657/852/153 1313/852/153
f 2039/1034/153 3383/1034/153 3299/1067/153 1955/1067/153
f 1544/1127/152 2888/1127/152 3014/1105/152 1670/1105/152
f 1072/934/153 2416/934/153 3709/885/153 2365/885/153
f 1312/1095/152 2656/1095/152 2824/1145/152 1480/1145/152
f 1954/1061/152 3298/1061/152 3382/876/152 2038/876/152
f 1669/1105/153 3013/1105/153 2887/860/153 1543/860/153
f 2364/929/152 3708/929/152 2417/938/152 1073/938/152
f 1479/1146/153 2823/1146/153 2655/1095/153 1311/1095/153
f 2037/876/153 3381/876/153 3297/1061/153 1953/1061/153
f 1542/1108/152 2886/1108/152 3012/1102/152 1668/1102/152
f 1074/925/153 2418/925/153 3707/888/153 2363/888/153
f 1310/852/152 2654/852/152 2822/1148/152 1478/1148/152
f 1952/1060/152 3296/1060/152 3380/876/152 2036/876/152
f 1667/1102/153 3011/1102/153 2885/1108/153 1541/1108/153
f 2362/941/152 3706/941/152 2419/940/152 1075/940/152
f 1477/1147/153 2821/1147/153 2653/1118/153 1309/1118/153
f 2035/876/153 3379/876/153 3295/875/153 1951/875/153
f 1540/1108/152 2884/1108/152 3010/1102/152 1666/1102/152
f 1076/899/153 2420/899/153 3705/941/153 2361/941/153
f 1308/852/152 2652/852/152 2820/1147/152 1476/1147/152
f 1950/875/152 3294/875/152 3378/876/152 2034/876/152
f 1665/1105/153 3009/1105/153 2883/860/153 1539/860/153
f 2360/884/152 3704/884/152 2421/930/152 1077/930/152
f 1475/1150/153 2819/1150/153 2651/852/153 1307/852/153
f 2033/1041/153 3377/1041/153 3293/874/153 1949/874/153
f 1538/1108/152 2882/1108/152 3008/1100/152 1664/1100/152
f 1078/899/153 2422/899/153 3703/941/153 2359/941/153
f 1306/852/152 2650/852/152 2818/1150/152 1474/1150/152
f 1948/1069/152 3292/1069/152 3376/1043/152 2032/1043/152
f 1663/1100/153 3007/1100/153 2881/1108/153 1537/1108/153
f 2358/942/152 3702/942/152 2423/925/152 1079/925/152
f 1473/1150/153 2817/1150/153 2649/852/153 1305/852/153
f 2031/1042/153 3375/1042/153 3291/874/153 1947/874/153
f 1536/1108/152 2880/1108/152 3006/1099/152 1662/1099/152
f 1080/899/153 2424/899/153 3701/885/153 2357/885/153
f 1304/852/152 2648/852/152 2816/1151/152 1472/1151/152
f 1946/874/152 3290/874/152 3374/1042/152 2030/1042/152
f 1661/1099/153 3005/1099/153 2879/1108/153 1535/1108/153
f 2356/941/152 3700/941/152 2425/899/152 1081/899/152
f 1471/1151/153 2815/1151/153 2647/851/153 1303/851/153
f 2029/1043/153 3373/1043/153 3289/874/153 1945/874/153
f 1534/1108/152 2878/1108/152 3004/1099/152 1660/1099/152
f 1082/913/153 2426/913/153 3699/929/153 2355/929/153
f 1302/851/152 2646/851/152 2814/1152/152 1470/1152/152
f 1944/874/152 3288/874/152 3372/1043/152 2028/1043/152
f 1659/916/153 3003/916/153 2877/1108/153 1533/1108/153
f 2354/944/152 3698/944/152 2427/899/152 1083/899/152
f 1469/1147/153 2813/1147/153 2645/1106/153 1301/1106/153
f 2027/1043/153 3371/1043/153 3287/1070/153 1943/1070/153
f 1532/1127/152 2876/1127/152 3002/916/152 1658/916/152
f 1084/899/153 2428/899/153 3697/942/153 2353/942/153
f 1300/1096/152 2644/1096/152 2812/1153/152 1468/1153/152
f 1942/1072/152 3286/1072/152 3370/1042/152 2026/1042/152
f 1657/916/153 3001/916/153 2875/1127/153 1531/1127/153
f 2352/941/152 3696/941/152 2429/946/152 1085/946/152
f 1467/1153/153 2811/1153/153 2643/1096/153 1299/1096/153
f 2025/1043/153 3369/1043/153 3285/1071/153 1941/1071/153
f 1530/860/152 2874/860/152 3000/863/152 1656/863/152
f 1086/947/153 2430/947/153 3695/944/153 2351/944/153
f 1298/851/152 2642/851/152 2810/858/152 1466/858/152
f 1940/1072/152 3284/1072/152 3368/1047/152 2024/1047/152
f 1655/862/153 2999/862/153 2873/1133/153 1529/1133/153
f 2350/941/152 3694/941/152 2431/899/152 1087/899/152
f 1465/1144/153 2809/1144/153 2641/1098/153 1297/1098/153
f 2023/1042/153 3367/1042/153 3283/1070/153 1939/1070/153
f 1528/1133/152 2872/1133/152 2998/862/152 1654/862/152
f 1088/899/153 2432/899/153 3693/941/153 2349/941/153
f 1296/1098/152 2640/1098/152 2808/1144/152 1464/1144/152
f 1938/1071/152 3282/1071/152 3366/1043/152 2022/1043/152
f 1653/1109/153 2997/1109/153 2871/1133/153 1527/1133/153
f 2348/951/152 3692/951/152 2433/949/152 1089/949/152
f 1463/858/153 2807/858/153 2639/1098/153 1295/1098/153
f 2021/1043/153 3365/1043/153 3281/1071/153 1937/1071/153
f 1526/1133/152 2870/1133/152 2996/1109/152 1652/1109/152
f 1090/950/153 2434/950/153 3691/951/153 2347/951/153
f 1294/1097/152 2638/1097/152 2806/1156/152 1462/1156/152
f 1936/1072/152 3280/1072/152 3364/1042/152 2020/1042/152
f 1651/1109/153 2995/1109/153 2869/1133/153 1525/1133/153
f 2346/951/152 3690/951/152 2435/949/152 1091/949/152
f 1461/1155/153 2805/1155/153 2637/1097/153 1293/1097/153
f 2019/1043/153 3363/1043/153 3279/1072/153 1935/1072/153
f 1524/1134/152 2868/1134/152 2994/1109/152 1650/1109/152
f 1092/952/153 2436/952/153 3689/942/153 2345/942/153
f 1292/1097/152 2636/1097/152 2804/858/152 1460/858/152
f 1934/1072/152 3278/1072/152 3362/1043/152 2018/1043/152
f 1649/1109/153 2993/1109/153 2867/1134/153 1523/1134/153
f 2344/929/152 3688/929/152 2437/952/152 1093/952/152
f 1459/858/153 2803/858/153 2635/1097/153 1291/1097/153
f 2017/1043/153 3361/1043/153 3277/1073/153 1933/1073/153
f 1522/1134/152 2866/1134/152 2992/1109/152 1648/1109/152
f 1094/950/153 2438/950/153 3687/942/153 2343/942/153
f 1290/1097/152 2634/1097/152 2802/858/152 1458/858/152
f 1932/1073/152 3276/1073/152 3360/1050/152 2016/1050/152
f 1647/862/153 2991/862/153 2865/1134/153 1521/1134/153
f 2342/929/152 3686/929/152 2439/952/152 1095/952/152
f 1457/1144/153 2801/1144/153 2633/851/153 1289/851/153
f 2015/1041/153 3359/1041/153 3275/1074/153 1931/1074/153
f 1520/859/152 2864/859/152 2990/1111/152 1646/1111/152
f 1096/950/153 2440/950/153 3685/953/153 2341/953/153
f 1288/851/152 2632/851/152 2800/1144/152 1456/1144/152
f 1930/1073/152 3274/1073/152 3358/1050/152 2014/1050/152
f 1645/1110/153 2989/1110/153 2863/1135/153 1519/1135/153
f 2340/929/152 3684/929/152 2441/954/152 1097/954/152
f 1455/1157/153 2799/1157/153 2631/1096/153 1287/1096/153
f 2013/1050/153 3357/1050/153 3273/1073/153 1929/1073/153
f 1518/1134/152 2862/1134/152 2988/1112/152 1644/1112/152
f 1098/950/153 2442/950/153 3683/884/153 2339/884/153
f 1286/1095/152 2630/1095/152 2798/1153/152 1454/1153/152
f 1928/1073/152 3272/1073/152 3356/1050/152 2012/1050/152
f 1643/1112/153 2987/1112/153 2861/1134/153 1517/1134/153
f 2338/929/152 3682/929/152 2443/955/152 1099/955/152
f 1453/1153/153 2797/1153/153 2629/1095/153 1285/1095/153
f 2011/1050/153 3355/1050/153 3271/1074/153 1927/1074/153
f 1516/1134/152 2860/1134/152 2986/1112/152 1642/1112/152
f 1100/956/153 2444/956/153 3681/953/153 2337/953/153
f 1284/1095/152 2628/1095/152 2796/1153/152 1452/1153/152
f 1926/1074/152 3270/1074/152 3354/1050/152 2010/1050/152
f 1641/1112/153 2985/1112/153 2859/1134/153 1515/1134/153
f 2336/929/152 3680/929/152 2445/956/152 1101/956/152
f 1451/1153/153 2795/1153/153 2627/1095/153 1283/1095/153
f 2009/1051/153 3353/1051/153 3269/1075/153 1925/1075/153
f 1514/1134/152 2858/1134/152 2984/1112/152 1640/1112/152
f 1102/956/153 2446/956/153 3679/941/153 2335/941/153
f 1282/852/152 2626/852/152 2794/858/152 1450/858/152
f 1924/1069/152 3268/1069/152 3352/1051/152 2008/1051/152
f 1639/1112/153 2983/1112/153 2857/1134/153 1513/1134/153
f 2334/929/152 3678/929/152 2447/958/152 1103/958/152
f 1449/858/153 2793/858/153 2625/851/153 1281/851/153
f 2007/1051/153 3351/1051/153 3267/1073/153 1923/1073/153
f 1512/1133/152 2856/1133/152 2982/1112/152 1638/1112/152
f 1104/959/153 2448/959/153 3677/960/153 2333/960/153
f 1280/851/152 2624/851/152 2792/1144/152 1448/1144/152
f 1922/1076/152 3266/1076/152 3350/1041/152 2006/1041/152
f 1637/1112/153 2981/1112/153 2855/1133/153 1511/1133/153
f 2332/929/152 3676/929/152 2449/843/152 1105/843/152
f 1447/1144/153 2791/1144/153 2623/851/153 1279/851/153
f 2005/840/153 3349/840/153 3265/1076/153 1921/1076/153
f 1510/1133/152 2854/1133/152 2980/1112/152 1636/1112/152
f 1106/843/153 2450/843/153 3675/941/153 2331/941/153
f 1278/851/152 2622/851/152 2790/858/152 1446/858/152
f 1920/1073/152 3264/1073/152 3348/1051/152 2004/1051/152
f 1635/1112/153 2979/1112/153 2853/1133/153 1509/1133/153
f 2330/884/152 3674/884/152 2451/844/152 1107/844/152
f 1445/1158/153 2789/1158/153 2706/1081/153 1362/1081/153
f 2003/1051/153 3347/1051/153 3263/1073/153 1919/1073/153
f 1508/1133/152 2852/1133/152 2978/1112/152 1634/1112/152
f 1108/961/153 2452/961/153 3673/942/153 2329/942/153
f 1363/1080/152 2707/1080/152 2788/1107/152 1444/1107/152
f 1918/1073/152 3262/1073/152 3346/1051/152 2002/1051/152
f 1633/1111/153 2977/1111/153 2851/1133/153 1507/1133/153
f 2328/884/152 3672/884/152 2453/844/152 1109/844/152
f 1443/1138/153 2787/1138/153 2708/1080/153 1364/1080/153
f 2001/840/153 3345/840/153 3261/1076/153 1917/1076/153
f 1506/1137/152 2850/1137/152 2976/1111/152 1632/1111/152
f 2411/887/153 3755/887/153 3671/883/153 2327/883/153
f 1365/1084/152 2709/1084/152 2786/1138/152 1442/1138/152
f 1916/1072/152 3260/1072/152 3344/1051/152 2000/1051/152
f 1631/1111/153 2975/1111/153 2849/1137/153 1505/1137/153
f 2326/963/152 3670/963/152 3754/887/152 2410/887/152
f 1441/1138/153 2785/1138/153 2710/1080/153 1366/1080/153
f 1999/1051/153 3343/1051/153 3259/1072/153 1915/1072/153
f 1504/1139/152 2848/1139/152 2974/1111/152 1630/1111/152
f 2409/902/153 3753/902/153 3669/883/153 2325/883/153
f 1367/1081/152 2711/1081/152 2784/1107/152 1440/1107/152
f 1914/1070/152 3258/1070/152 3342/1051/152 1998/1051/152
f 1629/1111/153 2973/1111/153 2847/1139/153 1503/1139/153
f 2324/964/152 3668/964/152 3752/904/152 2408/904/152
f 1439/1138/153 2783/1138/153 2712/1085/153 1368/1085/153
f 1997/1051/153 3341/1051/153 3257/1070/153 1913/1070/153
f 1502/1139/152 2846/1139/152 2972/1111/152 1628/1111/152
f 2407/904/153 3751/904/153 3667/964/153 2323/964/153
f 1369/856/152 2713/856/152 2782/1107/152 1438/1107/152
f 1912/1070/152 3256/1070/152 3340/1051/152 1996/1051/152
f 1627/1111/153 2971/1111/153 2845/1140/153 1501/1140/153
f 2322/966/152 3666/966/152 3750/904/152 2406/904/152
f 1437/1107/153 2781/1107/153 2714/1081/153 1370/1081/153
f 1995/1051/153 3339/1051/153 3255/1069/153 1911/1069/153
f 1500/1141/152 2844/1141/152 2970/1111/152 1626/1111/152
f 2405/906/153 3749/906/153 3665/965/153 2321/965/153
f 1371/1086/152 2715/1086/152 2780/1113/152 1436/1113/152
f 1910/1069/152 3254/1069/152 3338/1041/152 1994/1041/152
f 1625/1111/153 2969/1111/153 2843/1135/153 1499/1135/153
f 2320/965/152 3664/965/152 3748/904/152 2404/904/152
f 1435/1159/153 2779/1159/153 2716/1081/153 1372/1081/153
f 1993/1041/153 3337/1041/153 3253/1069/153 1909/1069/153
f 1498/1135/152 2842/1135/152 2968/1111/152 1624/1111/152
f 2403/904/153 3747/904/153 3663/965/153 2319/965/153
f 1373/1087/152 2717/1087/152 2778/1138/152 1434/1138/152
f 1908/873/152 3252/873/152 3336/840/152 1992/840/152
f 1623/1109/153 2967/1109/153 2841/1142/153 1497/1142/153
f 2318/883/152 3662/883/152 3746/909/152 2402/909/152
f 1433/1154/153 2777/1154/153 2718/856/153 1374/856/153
f 1991/875/153 3335/875/153 3251/872/153 1907/872/153
f 1496/1142/152 2840/1142/152 2966/1109/152 1622/1109/152
f 2401/908/153 3745/908/153 3661/883/153 2317/883/153
f 1375/856/152 2719/856/152 2776/1154/152 1432/1154/152
f 1906/1048/152 3250/1048/152 3334/1053/152 1990/1053/152
f 1621/1109/153 2965/1109/153 2839/1142/153 1495/1142/153
f 2316/965/152 3660/965/152 3744/911/152 2400/911/152
f 1431/1138/153 2775/1138/153 2720/1081/153 1376/1081/153
f 1989/875/153 3333/875/153 3249/1078/153 1905/1078/153
f 1494/1142/152 2838/1142/152 2964/1109/152 1620/1109/152
f 2399/911/153 3743/911/153 3659/965/153 2315/965/153
f 1377/856/152 2721/856/152 2774/1107/152 1430/1107/152
f 1904/1078/152 3248/1078/152 3332/875/152 1988/875/152
f 1619/1109/153 2963/1109/153 2837/1133/153 1493/1133/153
f 2314/966/152 3658/966/152 3742/911/152 2398/911/152
f 1429/1107/153 2773/1107/153 2722/1086/153 1378/1086/153
f 1987/875/153 3331/875/153 3247/872/153 1903/872/153
f 1492/1133/152 2836/1133/152 2962/1109/152 1618/1109/152
f 2397/908/153 3741/908/153 3657/966/153 2313/966/153
f 1379/1088/152 2723/1088/152 2772/1107/152 1428/1107/152
f 1902/872/152 3246/872/152 3330/875/152 1986/875/152
f 1617/1109/153 2961/1109/153 2835/1133/153 1491/1133/153
f 2312/966/152 3656/966/152 3740/911/152 2396/911/152
f 1427/1138/153 2771/1138/153 2724/1089/153 1380/1089/153
f 1985/1054/153 3329/1054/153 3245/1048/153 1901/1048/153
f 1490/1134/152 2834/1134/152 2960/862/152 1616/862/152
f 2395/911/153 3739/911/153 3655/966/153 2311/966/153
f 1381/1088/152 2725/1088/152 2770/1107/152 1426/1107/152
f 1900/1048/152 3244/1048/152 3328/1056/152 1984/1056/152
f 1615/862/153 2959/862/153 2833/1134/153 1489/1134/153
f 2310/964/152 3654/964/152 3738/908/152 2394/908/152
f 1425/1107/153 2769/1107/153 2726/1088/153 1382/1088/153
f 1983/1056/153 3327/1056/153 3243/1027/153 1899/1027/153
f 1488/859/152 2832/859/152 2958/862/152 1614/862/152
f 2393/911/153 3737/911/153 3653/964/153 2309/964/153
f 1383/1090/152 2727/1090/152 2768/1107/152 1424/1107/152
f 1898/1027/152 3242/1027/152 3326/1057/152 1982/1057/152
f 1613/861/153 2957/861/153 2831/858/153 1487/858/153
f 2308/972/152 3652/972/152 3736/908/152 2392/908/152
f 1423/1107/153 2767/1107/153 2728/856/153 1384/856/153
f 1981/1054/153 3325/1054/153 3241/872/153 1897/872/153
f 1486/1144/152 2830/1144/152 2956/1115/152 1612/1115/152
f 2391/908/153 3735/908/153 3651/972/153 2307/972/153
f 1385/1090/152 2729/1090/152 2766/1107/152 1422/1107/152
f 1896/1026/152 3240/1026/152 3324/1054/152 1980/1054/152
f 1611/861/153 2955/861/153 2829/858/153 1485/858/153
f 2306/972/152 3650/972/152 3734/921/152 2390/921/152
f 1421/1107/153 2765/1107/153 2730/1088/153 1386/1088/153
f 1979/1054/153 3323/1054/153 3239/1026/153 1895/1026/153
f 1484/858/152 2828/858/152 2954/861/152 1610/861/152
f 2389/904/153 3733/904/153 3649/972/153 2305/972/153
f 1387/856/152 2731/856/152 2764/1107/152 1420/1107/152
f 1894/871/152 3238/871/152 3322/875/152 1978/875/152
f 1609/861/153 2953/861/153 2827/1144/153 1483/1144/153
f 2304/976/152 3648/976/152 3732/922/152 2388/922/152
f 1419/1107/153 2763/1107/153 2732/856/153 1388/856/153
f 1977/875/153 3321/875/153 3237/871/153 1893/871/153
f 1482/1144/152 2826/1144/152 2952/861/152 1608/861/152
f 2387/902/153 3731/902/153 3647/976/153 2303/976/153
f 4881/883/177 3779/883/177 3780/887/177 4882/887/177
f 3861/882/153 3989/882/153 3988/879/153 3860/879/153
f 4883/885/164 3766/885/164 3767/843/164 4884/843/164
f 4882/887/178 3780/887/178 3781/847/178 4885/847/178
f 4884/843/165 3767/843/165 3768/842/165 4886/842/165
f 4885/847/179 3781/847/179 3782/846/179 4887/846/179
f 4886/842/166 3768/842/166 3769/850/166 4888/850/166
f 4890/1167/180 4887/846/180 3782/846/180 3783/852/180 4891/852/180 4889/1168/180
f 4888/850/167 3769/850/167 3770/853/167 4892/853/167
f 4893/856/154 3757/856/154 3756/855/154 4894/855/154
f 4891/852/181 3783/852/181 3784/858/181 4895/858/181
f 4892/853/168 3770/853/168 3771/859/168 4896/859/168
f 4894/855/155 3756/855/155 3758/860/155 4897/860/155
f 4895/858/182 3784/858/182 3785/861/182 4898/861/182
f 4896/859/169 3771/859/169 3772/862/169 4899/862/169
f 4897/860/156 3758/860/156 3759/864/156 4900/864/156
f 4898/861/183 3785/861/183 3786/866/183 4901/866/183
f 4899/862/170 3772/862/170 3773/867/170 4902/867/170
f 3759/864/157 3760/868/157 4903/868/157 4900/864/157
f 4901/866/184 3786/866/184 3787/870/184 4904/870/184
f 4902/867/171 3773/867/171 3774/872/171 4905/872/171
f 4903/868/158 3760/868/158 3761/874/158 4906/874/158
f 4904/870/185 3787/870/185 3757/856/185 4893/856/185
f 4905/872/172 3774/872/172 3775/875/172 4907/875/172
f 4906/874/159 3761/874/159 3762/840/159 4908/840/159
f 4907/875/173 3775/875/173 3776/876/173 4909/876/173
f 4908/840/160 3762/840/160 3763/839/160 4910/839/160
f 4909/876/174 3776/876/174 3777/877/174 4911/877/174
f 4910/839/161 3763/839/161 3764/879/161 4912/879/161
f 4915/1169/175 4911/877/175 3777/877/175 3778/881/175 4914/881/175 4913/1170/175
f 4912/879/162 3764/879/162 3765/882/162 4916/882/162
f 4914/881/176 3778/881/176 3779/883/176 4881/883/176
f 4916/882/163 3765/882/163 3766/885/163 4883/885/163
f 3790/860/156 3822/860/156 3823/864/156 3791/864/156
f 3813/847/153 3941/847/153 3940/887/153 3812/887/153
f 3831/843/152 3959/843/152 3960/842/152 3832/842/152
f 3860/879/153 3988/879/153 3987/839/153 3859/839/153
f 3812/887/153 3940/887/153 3939/883/153 3811/883/153
f 3830/885/152 3958/885/152 3959/843/152 3831/843/152
f 3859/839/153 3987/839/153 3986/840/153 3858/840/153
f 3811/883/153 3939/883/153 3938/881/153 3810/881/153
f 3829/882/152 3957/882/152 3958/885/152 3830/885/152
f 3858/840/153 3986/840/153 3985/874/153 3857/874/153
f 3810/881/153 3938/881/153 3937/877/153 3809/877/153
f 3828/879/152 3956/879/152 3957/882/152 3829/882/152
f 3857/874/153 3985/874/153 3984/868/153 3856/868/153
f 3809/877/153 3937/877/153 3936/876/153 3808/876/153
f 3827/839/152 3955/839/152 3956/879/152 3828/879/152
f 3856/868/153 3984/868/153 3983/864/153 3855/864/153
f 3808/876/153 3936/876/153 3935/875/153 3807/875/153
f 3826/840/152 3954/840/152 3955/839/152 3827/839/152
f 3855/864/153 3983/864/153 3982/860/153 3854/860/153
f 3787/870/152 3915/870/152 3885/856/152 3757/856/152
f 3807/875/153 3935/875/153 3934/872/153 3806/872/153
f 3825/874/152 3953/874/152 3954/840/152 3826/840/152
f 3854/860/153 3982/860/153 3980/855/153 3852/855/153
f 3786/866/152 3914/866/152 3915/870/152 3787/870/152
f 3806/872/153 3934/872/153 3933/867/153 3805/867/153
f 3824/868/152 3952/868/152 3953/874/152 3825/874/152
f 3852/855/153 3980/855/153 3981/856/153 3853/856/153
f 3785/861/152 3913/861/152 3914/866/152 3786/866/152
f 3805/867/153 3933/867/153 3932/862/153 3804/862/153
f 3823/864/152 3951/864/152 3952/868/152 3824/868/152
f 3784/858/152 3912/858/152 3913/861/152 3785/861/152
f 3804/862/153 3932/862/153 3931/859/153 3803/859/153
f 3822/860/152 3950/860/152 3951/864/152 3823/864/152
f 3817/861/183 3849/861/183 3850/866/183 3818/866/183
f 3804/862/170 3836/862/170 3837/867/170 3805/867/170
f 3791/864/157 3823/864/157 3824/868/157 3792/868/157
f 3818/866/184 3850/866/184 3851/870/184 3819/870/184
f 3805/867/171 3837/867/171 3838/872/171 3806/872/171
f 3792/868/158 3824/868/158 3825/874/158 3793/874/158
f 3819/870/185 3851/870/185 3821/856/185 3789/856/185
f 3806/872/172 3838/872/172 3839/875/172 3807/875/172
f 3793/874/159 3825/874/159 3826/840/159 3794/840/159
f 3807/875/173 3839/875/173 3840/876/173 3808/876/173
f 3794/840/160 3826/840/160 3827/839/160 3795/839/160
f 3808/876/174 3840/876/174 3841/877/174 3809/877/174
f 3795/839/161 3827/839/161 3828/879/161 3796/879/161
f 3809/877/175 3841/877/175 3842/881/175 3810/881/175
f 3796/879/162 3828/879/162 3829/882/162 3797/882/162
f 3810/881/176 3842/881/176 3843/883/176 3811/883/176
f 3797/882/163 3829/882/163 3830/885/163 3798/885/163
f 3811/883/177 3843/883/177 3844/887/177 3812/887/177
f 3798/885/164 3830/885/164 3831/843/164 3799/843/164
f 3812/887/178 3844/887/178 3845/847/178 3813/847/178
f 3799/843/165 3831/843/165 3832/842/165 3800/842/165
f 3813/847/179 3845/847/179 3846/846/179 3814/846/179
f 3800/842/166 3832/842/166 3833/850/166 3801/850/166
f 3814/846/180 3846/846/180 3847/852/180 3815/852/180
f 3801/850/167 3833/850/167 3834/853/167 3802/853/167
f 3789/856/154 3821/856/154 3820/855/154 3788/855/154
f 3815/852/181 3847/852/181 3848/858/181 3816/858/181
f 3802/853/168 3834/853/168 3835/859/168 3803/859/168
f 3788/855/155 3820/855/155 3822/860/155 3790/860/155
f 3816/858/182 3848/858/182 3849/861/182 3817/861/182
f 3803/859/169 3835/859/169 3836/862/169 3804/862/169
f 3881/861/153 3880/858/153 3879/852/153 3878/846/153 3877/847/153 3876/887/153 3875/883/153 3874/881/153 3873/877/153 3872/876/153 3871/875/153 3870/872/153 3869/867/153 3868/862/153 3867/859/153 3866/853/153 3865/850/153 3864/842/153 3863/843/153 3862/885/153 3861/882/153 3860/879/153 3859/839/153 3858/840/153 3857/874/153 3856/868/153 3855/864/153 3854/860/153 3852/855/153 3853/856/153 3883/870/153 3882/866/153
f 3783/852/152 3911/852/152 3912/858/152 3784/858/152
f 3803/859/153 3931/859/153 3930/853/153 3802/853/153
f 3820/855/152 3948/855/152 3950/860/152 3822/860/152
f 3782/846/152 3910/846/152 3911/852/152 3783/852/152
f 3802/853/153 3930/853/153 3929/850/153 3801/850/153
f 3821/856/152 3949/856/152 3948/855/152 3820/855/152
f 3781/847/152 3909/847/152 3910/846/152 3782/846/152
f 3801/850/153 3929/850/153 3928/842/153 3800/842/153
f 3780/887/152 3908/887/152 3909/847/152 3781/847/152
f 3800/842/153 3928/842/153 3927/843/153 3799/843/153
f 3779/883/152 3907/883/152 3908/887/152 3780/887/152
f 3799/843/153 3927/843/153 3926/885/153 3798/885/153
f 3778/881/152 3906/881/152 3907/883/152 3779/883/152
f 3798/885/153 3926/885/153 3925/882/153 3797/882/153
f 3777/877/152 3905/877/152 3906/881/152 3778/881/152
f 3797/882/153 3925/882/153 3924/879/153 3796/879/153
f 3776/876/152 3904/876/152 3905/877/152 3777/877/152
f 3796/879/153 3924/879/153 3923/839/153 3795/839/153
f 3775/875/152 3903/875/152 3904/876/152 3776/876/152
f 3795/839/153 3923/839/153 3922/840/153 3794/840/153
f 3774/872/152 3902/872/152 3903/875/152 3775/875/152
f 3794/840/153 3922/840/153 3921/874/153 3793/874/153
f 3773/867/152 3901/867/152 3902/872/152 3774/872/152
f 3793/874/153 3921/874/153 3920/868/153 3792/868/153
f 3772/862/152 3900/862/152 3901/867/152 3773/867/152
f 3792/868/153 3920/868/153 3919/864/153 3791/864/153
f 3771/859/152 3899/859/152 3900/862/152 3772/862/152
f 3791/864/153 3919/864/153 3918/860/153 3790/860/153
f 3770/853/152 3898/853/152 3899/859/152 3771/859/152
f 3790/860/153 3918/860/153 3916/855/153 3788/855/153
f 3769/850/152 3897/850/152 3898/853/152 3770/853/152
f 3910/846/180 3942/846/180 3943/852/180 3911/852/180
f 3897/850/167 3929/850/167 3930/853/167 3898/853/167
f 3885/856/154 3917/856/154 3916/855/154 3884/855/154
f 3911/852/181 3943/852/181 3944/858/181 3912/858/181
f 3898/853/168 3930/853/168 3931/859/168 3899/859/168
f 3884/855/155 3916/855/155 3918/860/155 3886/860/155
f 3912/858/182 3944/858/182 3945/861/182 3913/861/182
f 3899/859/169 3931/859/169 3932/862/169 3900/862/169
f 3886/860/156 3918/860/156 3919/864/156 3887/864/156
f 3913/861/183 3945/861/183 3946/866/183 3914/866/183
f 3900/862/170 3932/862/170 3933/867/170 3901/867/170
f 3887/864/157 3919/864/157 3920/868/157 3888/868/157
f 3914/866/184 3946/866/184 3947/870/184 3915/870/184
f 3901/867/171 3933/867/171 3934/872/171 3902/872/171
f 3888/868/158 3920/868/158 3921/874/158 3889/874/158
f 3915/870/185 3947/870/185 3917/856/185 3885/856/185
f 3902/872/172 3934/872/172 3935/875/172 3903/875/172
f 3889/874/159 3921/874/159 3922/840/159 3890/840/159
f 3903/875/173 3935/875/173 3936/876/173 3904/876/173
f 3890/840/160 3922/840/160 3923/839/160 3891/839/160
f 3904/876/174 3936/876/174 3937/877/174 3905/877/174
f 3891/839/161 3923/839/161 3924/879/161 3892/879/161
f 3905/877/175 3937/877/175 3938/881/175 3906/881/175
f 3892/879/162 3924/879/162 3925/882/162 3893/882/162
f 3906/881/176 3938/881/176 3939/883/176 3907/883/176
f 3893/882/163 3925/882/163 3926/885/163 3894/885/163
f 3907/883/177 3939/883/177 3940/887/177 3908/887/177
f 3894/885/164 3926/885/164 3927/843/164 3895/843/164
f 3908/887/178 3940/887/178 3941/847/178 3909/847/178
f 3895/843/165 3927/843/165 3928/842/165 3896/842/165
f 3909/847/179 3941/847/179 3942/846/179 3910/846/179
f 3896/842/166 3928/842/166 3929/850/166 3897/850/166
f 3953/874/159 3985/874/159 3986/840/159 3954/840/159
f 3967/875/173 3999/875/173 4000/876/173 3968/876/173
f 3954/840/160 3986/840/160 3987/839/160 3955/839/160
f 3968/876/174 4000/876/174 4001/877/174 3969/877/174
f 3955/839/161 3987/839/161 3988/879/161 3956/879/161
f 3969/877/175 4001/877/175 4002/881/175 3970/881/175
f 3956/879/162 3988/879/162 3989/882/162 3957/882/162
f 3970/881/176 4002/881/176 4003/883/176 3971/883/176
f 3957/882/163 3989/882/163 3990/885/163 3958/885/163
f 3971/883/177 4003/883/177 4004/887/177 3972/887/177
f 3958/885/164 3990/885/164 3991/843/164 3959/843/164
f 3972/887/178 4004/887/178 4005/847/178 3973/847/178
f 3959/843/165 3991/843/165 3992/842/165 3960/842/165
f 3973/847/179 4005/847/179 4006/846/179 3974/846/179
f 3960/842/166 3992/842/166 3993/850/166 3961/850/166
f 3974/846/180 4006/846/180 4007/852/180 3975/852/180
f 3961/850/167 3993/850/167 3994/853/167 3962/853/167
f 3949/856/154 3981/856/154 3980/855/154 3948/855/154
f 3975/852/181 4007/852/181 4008/858/181 3976/858/181
f 3962/853/168 3994/853/168 3995/859/168 3963/859/168
f 3948/855/155 3980/855/155 3982/860/155 3950/860/155
f 3976/858/182 4008/858/182 4009/861/182 3977/861/182
f 3963/859/169 3995/859/169 3996/862/169 3964/862/169
f 3950/860/156 3982/860/156 3983/864/156 3951/864/156
f 3977/861/183 4009/861/183 4010/866/183 3978/866/183
f 3964/862/170 3996/862/170 3997/867/170 3965/867/170
f 3951/864/157 3983/864/157 3984/868/157 3952/868/157
f 3978/866/184 4010/866/184 4011/870/184 3979/870/184
f 3965/867/171 3997/867/171 3998/872/171 3966/872/171
f 3952/868/158 3984/868/158 3985/874/158 3953/874/158
f 3979/870/185 4011/870/185 3981/856/185 3949/856/185
f 3966/872/172 3998/872/172 3999/875/172 3967/875/172
f 3832/842/152 3960/842/152 3961/850/152 3833/850/152
f 3814/846/153 3942/846/153 3941/847/153 3813/847/153
f 3862/885/153 3990/885/153 3989/882/153 3861/882/153
f 3833/850/152 3961/850/152 3962/853/152 3834/853/152
f 3815/852/153 3943/852/153 3942/846/153 3814/846/153
f 3863/843/153 3991/843/153 3990/885/153 3862/885/153
f 3834/853/152 3962/853/152 3963/859/152 3835/859/152
f 3816/858/153 3944/858/153 3943/852/153 3815/852/153
f 3864/842/153 3992/842/153 3991/843/153 3863/843/153
f 3835/859/152 3963/859/152 3964/862/152 3836/862/152
f 3817/861/153 3945/861/153 3944/858/153 3816/858/153
f 3865/850/153 3993/850/153 3992/842/153 3864/842/153
f 3836/862/152 3964/862/152 3965/867/152 3837/867/152
f 3818/866/153 3946/866/153 3945/861/153 3817/861/153
f 3866/853/153 3994/853/153 3993/850/153 3865/850/153
f 3837/867/152 3965/867/152 3966/872/152 3838/872/152
f 3819/870/153 3947/870/153 3946/866/153 3818/866/153
f 3867/859/153 3995/859/153 3994/853/153 3866/853/153
f 3838/872/152 3966/872/152 3967/875/152 3839/875/152
f 3789/856/153 3917/856/153 3947/870/153 3819/870/153
f 3868/862/153 3996/862/153 3995/859/153 3867/859/153
f 3839/875/152 3967/875/152 3968/876/152 3840/876/152
f 3869/867/153 3997/867/153 3996/862/153 3868/862/153
f 3840/876/152 3968/876/152 3969/877/152 3841/877/152
f 3870/872/153 3998/872/153 3997/867/153 3869/867/153
f 3841/877/152 3969/877/152 3970/881/152 3842/881/152
f 3871/875/153 3999/875/153 3998/872/153 3870/872/153
f 3842/881/152 3970/881/152 3971/883/152 3843/883/152
f 3872/876/153 4000/876/153 3999/875/153 3871/875/153
f 3843/883/152 3971/883/152 3972/887/152 3844/887/152
f 3873/877/153 4001/877/153 4000/876/153 3872/876/153
f 3844/887/152 3972/887/152 3973/847/152 3845/847/152
f 3874/881/153 4002/881/153 4001/877/153 3873/877/153
f 3845/847/152 3973/847/152 3974/846/152 3846/846/152
f 3875/883/153 4003/883/153 4002/881/153 3874/881/153
f 3846/846/152 3974/846/152 3975/852/152 3847/852/152
f 3757/856/152 3885/856/152 3884/855/152 3756/855/152
f 3876/887/153 4004/887/153 4003/883/153 3875/883/153
f 3847/852/152 3975/852/152 3976/858/152 3848/858/152
f 3756/855/152 3884/855/152 3886/860/152 3758/860/152
f 3877/847/153 4005/847/153 4004/887/153 3876/887/153
f 3848/858/152 3976/858/152 3977/861/152 3849/861/152
f 3758/860/152 3886/860/152 3887/864/152 3759/864/152
f 3878/846/153 4006/846/153 4005/847/153 3877/847/153
f 3849/861/152 3977/861/152 3978/866/152 3850/866/152
f 3759/864/152 3887/864/152 3888/868/152 3760/868/152
f 3879/852/153 4007/852/153 4006/846/153 3878/846/153
f 3850/866/152 3978/866/152 3979/870/152 3851/870/152
f 3760/868/152 3888/868/152 3889/874/152 3761/874/152
f 3880/858/153 4008/858/153 4007/852/153 3879/852/153
f 3851/870/152 3979/870/152 3949/856/152 3821/856/152
f 3761/874/152 3889/874/152 3890/840/152 3762/840/152
f 3881/861/153 4009/861/153 4008/858/153 3880/858/153
f 3762/840/152 3890/840/152 3891/839/152 3763/839/152
f 3882/866/153 4010/866/153 4009/861/153 3881/861/153
f 3763/839/152 3891/839/152 3892/879/152 3764/879/152
f 3883/870/153 4011/870/153 4010/866/153 3882/866/153
f 3764/879/152 3892/879/152 3893/882/152 3765/882/152
f 3853/856/153 3981/856/153 4011/870/153 3883/870/153
f 3765/882/152 3893/882/152 3894/885/152 3766/885/152
f 3766/885/152 3894/885/152 3895/843/152 3767/843/152
f 3767/843/152 3895/843/152 3896/842/152 3768/842/152
f 3768/842/152 3896/842/152 3897/850/152 3769/850/152
f 3788/855/153 3916/855/153 3917/856/153 3789/856/153
f 4109/1108/153 4142/864/153 4494/864/153 4461/1108/153
f 4022/1171/165 4021/841/165 4332/1172/165 4331/844/165
f 4189/872/153 4211/875/153 4563/875/153 4541/872/153
f 4020/842/165 4019/842/165 4334/843/165 4333/1173/165
f 4292/991/153 4314/929/153 4666/929/153 4644/991/153
f 4018/1174/165 4017/842/165 4336/1175/165 4335/843/165
f 4040/850/152 4018/1174/152 4370/1174/152 4392/850/152
f 4016/842/165 4015/842/165 4338/1175/165 4337/1175/165
f 4143/916/152 4110/860/152 4462/860/152 4495/916/152
f 4014/1176/165 4013/1176/165 4340/843/165 4339/843/165
f 4212/1054/152 4190/872/152 4542/872/152 4564/1054/152
f 4315/929/152 4293/988/152 4645/988/152 4667/929/152
f 4033/889/179 4032/845/179 4343/1177/179 4342/1178/179
f 4019/842/153 4041/850/153 4393/850/153 4371/842/153
f 4031/889/179 4030/1012/179 4345/897/179 4344/1179/179
f 4029/845/179 4028/889/179 4347/897/179 4346/1179/179
f 4191/872/153 4213/1180/153 4565/1180/153 4543/872/153
f 4027/846/179 4026/846/179 4349/897/179 4348/897/179
f 4294/988/153 4316/929/153 4668/929/153 4646/988/153
f 4025/845/179 4024/1181/179 4351/897/179 4350/897/179
f 4042/850/152 4020/842/152 4372/842/152 4394/850/152
f 4122/862/152 4089/1133/152 4441/1133/152 4474/862/152
f 4044/1052/166 4043/850/166 4021/841/166 4022/1171/166
f 4214/1180/152 4192/872/152 4544/872/152 4566/1180/152
f 4042/850/166 4041/850/166 4019/842/166 4020/842/166
f 4317/951/152 4295/989/152 4647/989/152 4669/951/152
f 4040/850/166 4039/850/166 4017/842/166 4018/1174/166
f 4021/841/153 4043/850/153 4395/850/153 4373/841/153
f 4038/1045/166 4037/1045/166 4015/842/166 4016/842/166
f 4090/1142/153 4123/862/153 4475/862/153 4442/1142/153
f 4036/850/166 4035/850/166 4013/1176/166 4014/1176/166
f 4193/872/153 4215/1054/153 4567/1054/153 4545/872/153
f 4296/882/153 4318/935/153 4670/935/153 4648/882/153
f 4055/1096/180 4054/852/180 4032/845/180 4033/889/180
f 4044/1052/152 4022/1171/152 4374/1171/152 4396/1052/152
f 4053/852/180 4052/852/180 4030/1012/180 4031/889/180
f 4124/862/152 4091/859/152 4443/859/152 4476/862/152
f 4051/852/180 4050/852/180 4028/889/180 4029/845/180
f 4216/875/152 4194/1182/152 4546/1182/152 4568/875/152
f 4049/1095/180 4048/1095/180 4026/846/180 4027/846/180
f 4319/933/152 4297/987/152 4649/987/152 4671/933/152
f 4047/852/180 4046/852/180 4024/1181/180 4025/845/180
f 4092/1134/153 4125/1183/153 4477/1183/153 4444/1134/153
f 4066/853/167 4065/1184/167 4043/850/167 4044/1052/167
f 4195/1182/153 4217/875/153 4569/875/153 4547/1182/153
f 4064/1184/167 4063/1185/167 4041/850/167 4042/850/167
f 4062/1185/167 4061/1160/167 4039/850/167 4040/850/167
f 4023/1165/152 4352/897/152 4704/897/152 4375/1165/152
f 4060/1160/167 4059/1160/167 4037/1045/167 4038/1045/167
f 4126/1183/152 4093/1134/152 4445/1134/152 4478/1183/152
f 4058/1160/167 4057/1160/167 4035/850/167 4036/850/167
f 4218/875/152 4196/894/152 4548/894/152 4570/875/152
f 4298/883/152 4276/881/152 4628/881/152 4650/883/152
f 4077/1186/154 4076/1138/154 4354/856/154 4353/1085/154
f 4351/897/153 4024/1181/153 4376/1181/153 4703/897/153
f 4075/1186/154 4074/1138/154 4356/856/154 4355/1092/154
f 4094/1134/153 4127/1183/153 4479/1183/153 4446/1134/153
f 4073/1138/154 4072/1138/154 4358/856/154 4357/856/154
f 4197/894/153 4219/875/153 4571/875/153 4549/894/153
f 4071/1138/154 4070/1138/154 4360/1080/154 4359/1080/154
f 4277/881/153 4299/981/153 4651/981/153 4629/881/153
f 4069/854/154 4068/1159/154 4362/1080/154 4361/1080/154
f 4025/845/152 4350/897/152 4702/897/152 4377/845/152
f 4128/862/152 4095/1134/152 4447/1134/152 4480/862/152
f 4088/1144/181 4087/858/181 4054/852/181 4055/1096/181
f 4220/1053/152 4198/872/152 4550/872/152 4572/1053/152
f 4086/858/181 4085/1144/181 4052/852/181 4053/852/181
f 4300/883/152 4278/881/152 4630/881/152 4652/883/152
f 4084/1144/181 4083/1187/181 4050/852/181 4051/852/181
f 4349/897/153 4026/846/153 4378/846/153 4701/897/153
f 4082/1187/181 4081/1187/181 4048/1095/181 4049/1095/181
f 4096/1133/153 4129/862/153 4481/862/153 4448/1133/153
f 4080/1144/181 4079/858/181 4046/852/181 4047/852/181
f 4279/881/153 4301/965/153 4653/965/153 4631/881/153
f 4099/1133/168 4098/1133/168 4065/1184/168 4066/853/168
f 4027/846/152 4348/897/152 4700/897/152 4379/846/152
f 4097/1133/168 4096/1133/168 4063/1185/168 4064/1184/168
f 4130/862/152 4097/1133/152 4449/1133/152 4482/862/152
f 4095/1134/168 4094/1134/168 4061/1160/168 4062/1185/168
f 4363/1080/152 4177/1082/152 4529/1082/152 4715/1080/152
f 4093/1134/168 4092/1134/168 4059/1160/168 4060/1160/168
f 4302/965/152 4280/881/152 4632/881/152 4654/965/152
f 4091/859/168 4090/1142/168 4057/1160/168 4058/1160/168
f 4347/897/153 4028/889/153 4380/889/153 4699/897/153
f 4098/1133/153 4131/862/153 4483/862/153 4450/1133/153
f 4110/860/155 4109/1108/155 4076/1138/155 4077/1186/155
f 4178/1082/153 4362/1080/153 4714/1080/153 4530/1082/153
f 4108/1108/155 4107/1127/155 4074/1138/155 4075/1186/155
f 4281/881/153 4303/965/153 4655/965/153 4633/881/153
f 4106/1127/155 4105/1127/155 4072/1138/155 4073/1138/155
f 4029/845/152 4346/1179/152 4698/1179/152 4381/845/152
f 4104/1132/155 4103/1132/155 4070/1138/155 4071/1138/155
f 4132/862/152 4099/1133/152 4451/1133/152 4484/862/152
f 4102/1132/155 4101/1132/155 4068/1159/155 4069/854/155
f 4361/1080/152 4179/1008/152 4531/1008/152 4713/1080/152
f 4304/966/152 4282/1188/152 4634/1188/152 4656/966/152
f 4121/1115/182 4120/861/182 4087/858/182 4088/1144/182
f 4345/897/153 4030/1012/153 4382/1012/153 4697/897/153
f 4119/1189/182 4118/1189/182 4085/1144/182 4086/858/182
f 4117/1189/182 4116/1190/182 4083/1187/182 4084/1144/182
f 4180/870/153 4360/1080/153 4712/1080/153 4532/870/153
f 4115/1190/182 4114/1190/182 4081/1187/182 4082/1187/182
f 4283/1188/153 4305/964/153 4657/964/153 4635/1188/153
f 4113/1190/182 4112/861/182 4079/858/182 4080/1144/182
f 4031/889/152 4344/1179/152 4696/1179/152 4383/889/152
f 4111/861/152 4078/858/152 4430/858/152 4463/861/152
f 4132/862/169 4131/862/169 4098/1133/169 4099/1133/169
f 4359/1080/152 4181/870/152 4533/870/152 4711/1080/152
f 4130/862/169 4129/862/169 4096/1133/169 4097/1133/169
f 4306/964/152 4284/1191/152 4636/1191/152 4658/964/152
f 4128/862/169 4127/1183/169 4094/1134/169 4095/1134/169
f 4343/1177/153 4032/845/153 4384/845/153 4695/1177/153
f 4126/1183/169 4125/1183/169 4092/1134/169 4093/1134/169
f 4079/858/153 4112/861/153 4464/861/153 4431/858/153
f 4124/862/169 4123/862/169 4090/1142/169 4091/859/169
f 4182/870/153 4358/856/153 4710/856/153 4534/870/153
f 4285/1191/153 4307/883/153 4659/883/153 4637/1191/153
f 4143/916/156 4142/864/156 4109/1108/156 4110/860/156
f 4033/889/152 4342/1178/152 4694/1178/152 4385/889/152
f 4141/1192/156 4140/1192/156 4107/1127/156 4108/1108/156
f 4113/1190/152 4080/1144/152 4432/1144/152 4465/1190/152
f 4139/1192/156 4138/864/156 4105/1127/156 4106/1127/156
f 4357/856/152 4183/936/152 4535/936/152 4709/856/152
f 4137/864/156 4136/864/156 4103/1132/156 4104/1132/156
f 4308/963/152 4286/881/152 4638/881/152 4660/963/152
f 4135/864/156 4134/864/156 4101/1132/156 4102/1132/156
f 4081/1187/153 4114/1190/153 4466/1190/153 4433/1187/153
f 4154/866/183 4153/1015/183 4120/861/183 4121/1115/183
f 4184/936/153 4356/856/153 4708/856/153 4536/936/153
f 4152/1015/183 4151/866/183 4118/1189/183 4119/1189/183
f 4150/866/183 4149/866/183 4116/1190/183 4117/1189/183
f 4012/1166/152 4341/843/152 4693/843/152 4364/1166/152
f 4148/985/183 4147/985/183 4114/1190/183 4115/1190/183
f 4115/1190/152 4082/1187/152 4434/1187/152 4467/1190/152
f 4146/985/183 4145/985/183 4112/861/183 4113/1190/183
f 4355/1092/152 4185/1193/152 4537/1193/152 4707/1092/152
f 4287/882/152 4265/878/152 4617/878/152 4639/882/152
f 4165/1079/170 4164/867/170 4131/862/170 4132/862/170
f 4340/843/153 4013/1176/153 4365/1176/153 4692/843/153
f 4163/892/170 4162/892/170 4129/862/170 4130/862/170
f 4083/1187/153 4116/1190/153 4468/1190/153 4435/1187/153
f 4161/1058/170 4160/1024/170 4127/1183/170 4128/862/170
f 4186/870/153 4354/856/153 4706/856/153 4538/870/153
f 4159/1024/170 4158/1024/170 4125/1183/170 4126/1183/170
f 4266/878/153 4288/882/153 4640/882/153 4618/878/153
f 4157/867/170 4156/1033/170 4123/862/170 4124/862/170
f 4014/1176/152 4339/843/152 4691/843/152 4366/1176/152
f 4117/1189/152 4084/1144/152 4436/1144/152 4469/1189/152
f 4176/893/157 4175/868/157 4142/864/157 4143/916/157
f 4353/1085/152 4187/870/152 4539/870/152 4705/1085/152
f 4174/868/157 4173/893/157 4140/1192/157 4141/1192/157
f 4289/991/152 4267/924/152 4619/924/152 4641/991/152
f 4172/893/157 4171/1093/157 4138/864/157 4139/1192/157
f 4338/1175/153 4015/842/153 4367/842/153 4690/1175/153
f 4170/1093/157 4169/1093/157 4136/864/157 4137/864/157
f 4085/1144/153 4118/1189/153 4470/1189/153 4437/1144/153
f 4168/893/157 4167/868/157 4134/864/157 4135/864/157
f 4268/924/153 4290/993/153 4642/993/153 4620/924/153
f 4187/870/184 4186/870/184 4153/1015/184 4154/866/184
f 4016/842/152 4337/1175/152 4689/1175/152 4368/842/152
f 4185/1193/184 4184/936/184 4151/866/184 4152/1015/184
f 4119/1189/152 4086/858/152 4438/858/152 4471/1189/152
f 4183/936/184 4182/870/184 4149/866/184 4150/866/184
f 4199/874/152 4166/868/152 4518/868/152 4551/874/152
f 4181/870/184 4180/870/184 4147/985/184 4148/985/184
f 4291/993/152 4269/924/152 4621/924/152 4643/993/152
f 4179/1008/184 4178/1082/184 4145/985/184 4146/985/184
f 4336/1175/153 4017/842/153 4369/842/153 4688/1175/153
f 4087/858/153 4120/861/153 4472/861/153 4439/858/153
f 4198/872/171 4197/894/171 4164/867/171 4165/1079/171
f 4167/868/153 4200/874/153 4552/874/153 4519/868/153
f 4196/894/171 4195/1182/171 4162/892/171 4163/892/171
f 4270/924/153 4292/991/153 4644/991/153 4622/924/153
f 4194/1182/171 4193/872/171 4160/1024/171 4161/1058/171
f 4018/1174/152 4335/843/152 4687/843/152 4370/1174/152
f 4192/872/171 4191/872/171 4158/1024/171 4159/1024/171
f 4121/1115/152 4088/1144/152 4440/1144/152 4473/1115/152
f 4190/872/171 4189/872/171 4156/1033/171 4157/867/171
f 4201/874/152 4168/893/152 4520/893/152 4553/874/152
f 4293/988/152 4271/924/152 4623/924/152 4645/988/152
f 4209/1069/158 4208/874/158 4175/868/158 4176/893/158
f 4334/843/153 4019/842/153 4371/842/153 4686/843/153
f 4207/1194/158 4206/1194/158 4173/893/158 4174/868/158
f 4205/1194/158 4204/874/158 4171/1093/158 4172/893/158
f 4169/1093/153 4202/874/153 4554/874/153 4521/1093/153
f 4203/874/158 4202/874/158 4169/1093/158 4170/1093/158
f 4272/924/153 4294/988/153 4646/988/153 4624/924/153
f 4201/874/158 4200/874/158 4167/868/158 4168/893/158
f 4020/842/152 4333/1173/152 4685/1173/152 4372/842/152
f 4100/1127/152 4067/1154/152 4419/1154/152 4452/1127/152
f 4353/1085/185 4354/856/185 4186/870/185 4187/870/185
f 4203/874/152 4170/1093/152 4522/1093/152 4555/874/152
f 4355/1092/185 4356/856/185 4184/936/185 4185/1193/185
f 4295/989/152 4273/924/152 4625/924/152 4647/989/152
f 4357/856/185 4358/856/185 4182/870/185 4183/936/185
f 4332/1172/153 4021/841/153 4373/841/153 4684/1172/153
f 4359/1080/185 4360/1080/185 4180/870/185 4181/870/185
f 4068/1159/153 4101/1132/153 4453/1132/153 4420/1159/153
f 4361/1080/185 4362/1080/185 4178/1082/185 4179/1008/185
f 4171/1093/153 4204/874/153 4556/874/153 4523/1093/153
f 4274/924/153 4296/882/153 4648/882/153 4626/924/153
f 4220/1053/172 4219/875/172 4197/894/172 4198/872/172
f 4022/1171/152 4331/844/152 4683/844/152 4374/1171/152
f 4218/875/172 4217/875/172 4195/1182/172 4196/894/172
f 4102/1132/152 4069/854/152 4421/854/152 4454/1132/152
f 4216/875/172 4215/1054/172 4193/872/172 4194/1182/172
f 4205/1194/152 4172/893/152 4524/893/152 4557/1194/152
f 4214/1180/172 4213/1180/172 4191/872/172 4192/872/172
f 4297/987/152 4275/924/152 4627/924/152 4649/987/152
f 4212/1054/172 4211/875/172 4189/872/172 4190/872/172
f 4070/1138/153 4103/1132/153 4455/1132/153 4422/1138/153
f 4231/840/159 4230/1051/159 4208/874/159 4209/1069/159
f 4173/893/153 4206/1194/153 4558/1194/153 4525/893/153
f 4229/1051/159 4228/1041/159 4206/1194/159 4207/1194/159
f 4227/1041/159 4226/1041/159 4204/874/159 4205/1194/159
f 4104/1132/152 4071/1138/152 4423/1138/152 4456/1132/152
f 4225/1050/159 4224/1050/159 4202/874/159 4203/874/159
f 4207/1194/152 4174/868/152 4526/868/152 4559/1194/152
f 4223/1050/159 4222/1050/159 4200/874/159 4201/874/159
f 4276/881/152 4254/877/152 4606/877/152 4628/881/152
f 4072/1138/153 4105/1127/153 4457/1127/153 4424/1138/153
f 4242/876/173 4241/876/173 4219/875/173 4220/1053/173
f 4175/868/153 4208/874/153 4560/874/153 4527/868/153
f 4240/876/173 4239/876/173 4217/875/173 4218/875/173
f 4255/877/153 4277/881/153 4629/881/153 4607/877/153
f 4238/876/173 4237/876/173 4215/1054/173 4216/875/173
f 4106/1127/152 4073/1138/152 4425/1138/152 4458/1127/152
f 4236/876/173 4235/876/173 4213/1180/173 4214/1180/173
f 4209/1069/152 4176/893/152 4528/893/152 4561/1069/152
f 4234/876/173 4233/876/173 4211/875/173 4212/1054/173
f 4278/881/152 4256/896/152 4608/896/152 4630/881/152
f 4074/1138/153 4107/1127/153 4459/1127/153 4426/1138/153
f 4253/919/160 4252/903/160 4230/1051/160 4231/840/160
f 4251/903/160 4250/919/160 4228/1041/160 4229/1051/160
f 4257/1195/153 4279/881/153 4631/881/153 4609/1195/153
f 4249/919/160 4248/919/160 4226/1041/160 4227/1041/160
f 4108/1108/152 4075/1186/152 4427/1186/152 4460/1108/152
f 4247/926/160 4246/926/160 4224/1050/160 4225/1050/160
f 4188/872/152 4155/867/152 4507/867/152 4540/872/152
f 4245/1029/160 4244/839/160 4222/1050/160 4223/1050/160
f 4280/881/152 4258/1195/152 4610/1195/152 4632/881/152
f 4076/1138/153 4109/1108/153 4461/1108/153 4428/1138/153
f 4264/1014/174 4263/877/174 4241/876/174 4242/876/174
f 4156/1033/153 4189/872/153 4541/872/153 4508/1033/153
f 4262/877/174 4261/877/174 4239/876/174 4240/876/174
f 4259/896/153 4281/881/153 4633/881/153 4611/896/153
f 4260/877/174 4259/896/174 4237/876/174 4238/876/174
f 4110/860/152 4077/1186/152 4429/1186/152 4462/860/152
f 4258/1195/174 4257/1195/174 4235/876/174 4236/876/174
f 4190/872/152 4157/867/152 4509/867/152 4542/872/152
f 4256/896/174 4255/877/174 4233/876/174 4234/876/174
f 4282/1188/152 4260/877/152 4612/877/152 4634/1188/152
f 4275/924/161 4274/924/161 4252/903/161 4253/919/161
f 4158/1024/153 4191/872/153 4543/872/153 4510/1024/153
f 4273/924/161 4272/924/161 4250/919/161 4251/903/161
f 4261/877/153 4283/1188/153 4635/1188/153 4613/877/153
f 4271/924/161 4270/924/161 4248/919/161 4249/919/161
f 4089/1133/152 4056/1160/152 4408/1160/152 4441/1133/152
f 4269/924/161 4268/924/161 4246/926/161 4247/926/161
f 4192/872/152 4159/1024/152 4511/1024/152 4544/872/152
f 4267/924/161 4266/878/161 4244/839/161 4245/1029/161
f 4284/1191/152 4262/877/152 4614/877/152 4636/1191/152
f 4057/1160/153 4090/1142/153 4442/1142/153 4409/1160/153
f 4286/881/175 4285/1191/175 4263/877/175 4264/1014/175
f 4160/1024/153 4193/872/153 4545/872/153 4512/1024/153
f 4284/1191/175 4283/1188/175 4261/877/175 4262/877/175
f 4263/877/153 4285/1191/153 4637/1191/153 4615/877/153
f 4282/1188/175 4281/881/175 4259/896/175 4260/877/175
f 4091/859/152 4058/1160/152 4410/1160/152 4443/859/152
f 4280/881/175 4279/881/175 4257/1195/175 4258/1195/175
f 4194/1182/152 4161/1058/152 4513/1058/152 4546/1182/152
f 4278/881/175 4277/881/175 4255/877/175 4256/896/175
f 4286/881/152 4264/1014/152 4616/1014/152 4638/881/152
f 4059/1160/153 4092/1134/153 4444/1134/153 4411/1160/153
f 4297/987/162 4296/882/162 4274/924/162 4275/924/162
f 4162/892/153 4195/1182/153 4547/1182/153 4514/892/153
f 4295/989/162 4294/988/162 4272/924/162 4273/924/162
f 4293/988/162 4292/991/162 4270/924/162 4271/924/162
f 4093/1134/152 4060/1160/152 4412/1160/152 4445/1134/152
f 4291/993/162 4290/993/162 4268/924/162 4269/924/162
f 4196/894/152 4163/892/152 4515/892/152 4548/894/152
f 4289/991/162 4288/882/162 4266/878/162 4267/924/162
f 4265/878/152 4243/903/152 4595/903/152 4617/878/152
f 4061/1160/153 4094/1134/153 4446/1134/153 4413/1160/153
f 4308/963/176 4307/883/176 4285/1191/176 4286/881/176
f 4164/867/153 4197/894/153 4549/894/153 4516/867/153
f 4306/964/176 4305/964/176 4283/1188/176 4284/1191/176
f 4244/839/153 4266/878/153 4618/878/153 4596/839/153
f 4304/966/176 4303/965/176 4281/881/176 4282/1188/176
f 4095/1134/152 4062/1185/152 4414/1185/152 4447/1134/152
f 4302/965/176 4301/965/176 4279/881/176 4280/881/176
f 4198/872/152 4165/1079/152 4517/1079/152 4550/872/152
f 4300/883/176 4299/981/176 4277/881/176 4278/881/176
f 4267/924/152 4245/1029/152 4597/1029/152 4619/924/152
f 4063/1185/153 4096/1133/153 4448/1133/153 4415/1185/153
f 4319/933/163 4318/935/163 4296/882/163 4297/987/163
f 4317/951/163 4316/929/163 4294/988/163 4295/989/163
f 4246/926/153 4268/924/153 4620/924/153 4598/926/153
f 4315/929/163 4314/929/163 4292/991/163 4293/988/163
f 4097/1133/152 4064/1184/152 4416/1184/152 4449/1133/152
f 4313/929/163 4312/929/163 4290/993/163 4291/993/163
f 4177/1082/152 4144/866/152 4496/866/152 4529/1082/152
f 4311/929/163 4310/941/163 4288/882/163 4289/991/163
f 4269/924/152 4247/926/152 4599/926/152 4621/924/152
f 4065/1184/153 4098/1133/153 4450/1133/153 4417/1184/153
f 4330/902/177 4329/902/177 4307/883/177 4308/963/177
f 4145/985/153 4178/1082/153 4530/1082/153 4497/985/153
f 4328/902/177 4327/887/177 4305/964/177 4306/964/177
f 4248/919/153 4270/924/153 4622/924/153 4600/919/153
f 4326/887/177 4325/1196/177 4303/965/177 4304/966/177
f 4099/1133/152 4066/853/152 4418/853/152 4451/1133/152
f 4324/1196/177 4323/1196/177 4301/965/177 4302/965/177
f 4179/1008/152 4146/985/152 4498/985/152 4531/1008/152
f 4322/887/177 4321/887/177 4299/981/177 4300/883/177
f 4271/924/152 4249/919/152 4601/919/152 4623/924/152
f 4331/935/164 4332/1172/164 4318/935/164 4319/933/164
f 4147/985/153 4180/870/153 4532/870/153 4499/985/153
f 4333/1173/164 4334/843/164 4316/929/164 4317/951/164
f 4250/919/153 4272/924/153 4624/924/153 4602/919/153
f 4335/843/164 4336/1175/164 4314/929/164 4315/929/164
f 4078/858/152 4045/852/152 4397/852/152 4430/858/152
f 4337/1175/164 4338/1175/164 4312/929/164 4313/929/164
f 4181/870/152 4148/985/152 4500/985/152 4533/870/152
f 4339/843/164 4340/843/164 4310/941/164 4311/929/164
f 4273/924/152 4251/903/152 4603/903/152 4625/924/152
f 4046/852/153 4079/858/153 4431/858/153 4398/852/153
f 4342/902/178 4343/1177/178 4329/902/178 4330/902/178
f 4149/866/153 4182/870/153 4534/870/153 4501/866/153
f 4344/1179/178 4345/897/178 4327/887/178 4328/902/178
f 4252/903/153 4274/924/153 4626/924/153 4604/903/153
f 4346/1179/178 4347/897/178 4325/1196/178 4326/887/178
f 4080/1144/152 4047/852/152 4399/852/152 4432/1144/152
f 4348/897/178 4349/897/178 4323/1196/178 4324/1196/178
f 4183/936/152 4150/866/152 4502/866/152 4535/936/152
f 4350/897/178 4351/897/178 4321/887/178 4322/887/178
f 4275/924/152 4253/919/152 4605/919/152 4627/924/152
f 4917/1174/165 4374/1171/165 4683/844/165 4918/843/165
f 4373/841/165 4372/842/165 4685/1173/165 4684/1172/165
f 4371/842/165 4370/1174/165 4687/843/165 4686/843/165
f 4369/842/165 4368/842/165 4689/1175/165 4688/1175/165
f 4367/842/165 4366/1176/165 4691/843/165 4690/1175/165
f 4365/1176/165 4364/1166/165 4693/843/165 4692/843/165
f 4385/889/179 4694/1178/179 4920/897/179 4919/846/179
f 4384/845/179 4383/889/179 4696/1179/179 4695/1177/179
f 4382/1012/179 4381/845/179 4698/1179/179 4697/897/179
f 4380/889/179 4379/846/179 4700/897/179 4699/897/179
f 4378/846/179 4377/845/179 4702/897/179 4701/897/179
f 4376/1181/179 4375/1165/179 4704/897/179 4703/897/179
f 4921/849/166 4396/1052/166 4374/1171/166 4917/1174/166
f 4395/850/166 4394/850/166 4372/842/166 4373/841/166
f 4393/850/166 4392/850/166 4370/1174/166 4371/842/166
f 4391/850/166 4390/1045/166 4368/842/166 4369/842/166
f 4389/1045/166 4388/850/166 4366/1176/166 4367/842/166
f 4387/850/166 4386/850/166 4364/1166/166 4365/1176/166
f 4407/1096/180 4385/889/180 4919/846/180 4922/851/180
f 4406/852/180 4405/852/180 4383/889/180 4384/845/180
f 4404/852/180 4403/852/180 4381/845/180 4382/1012/180
f 4402/852/180 4401/1095/180 4379/846/180 4380/889/180
f 4400/1095/180 4399/852/180 4377/845/180 4378/846/180
f 4398/852/180 4397/852/180 4375/1165/180 4376/1181/180
f 4923/853/167 4418/853/167 4396/1052/167 4921/849/167
f 4417/1184/167 4416/1184/167 4394/850/167 4395/850/167
f 4415/1185/167 4414/1185/167 4392/850/167 4393/850/167
f 4413/1160/167 4412/1160/167 4390/1045/167 4391/850/167
f 4411/1160/167 4410/1160/167 4388/850/167 4389/1045/167
f 4409/1160/167 4408/1160/167 4386/850/167 4387/850/167
f 4429/1186/154 4705/1085/154 4925/856/154 4924/1107/154
f 4428/1138/154 4427/1186/154 4707/1092/154 4706/856/154
f 4426/1138/154 4425/1138/154 4709/856/154 4708/856/154
f 4424/1138/154 4423/1138/154 4711/1080/154 4710/856/154
f 4422/1138/154 4421/854/154 4713/1080/154 4712/1080/154
f 4420/1159/154 4419/1154/154 4715/1080/154 4714/1080/154
f 4440/1144/181 4407/1096/181 4922/851/181 4926/858/181
f 4439/858/181 4438/858/181 4405/852/181 4406/852/181
f 4437/1144/181 4436/1144/181 4403/852/181 4404/852/181
f 4435/1187/181 4434/1187/181 4401/1095/181 4402/852/181
f 4433/1187/181 4432/1144/181 4399/852/181 4400/1095/181
f 4431/858/181 4430/858/181 4397/852/181 4398/852/181
f 4927/1133/168 4451/1133/168 4418/853/168 4923/853/168
f 4450/1133/168 4449/1133/168 4416/1184/168 4417/1184/168
f 4448/1133/168 4447/1134/168 4414/1185/168 4415/1185/168
f 4446/1134/168 4445/1134/168 4412/1160/168 4413/1160/168
f 4444/1134/168 4443/859/168 4410/1160/168 4411/1160/168
f 4442/1142/168 4441/1133/168 4408/1160/168 4409/1160/168
f 4462/860/155 4429/1186/155 4924/1107/155 4928/860/155
f 4461/1108/155 4460/1108/155 4427/1186/155 4428/1138/155
f 4459/1127/155 4458/1127/155 4425/1138/155 4426/1138/155
f 4457/1127/155 4456/1132/155 4423/1138/155 4424/1138/155
f 4455/1132/155 4454/1132/155 4421/854/155 4422/1138/155
f 4453/1132/155 4452/1127/155 4419/1154/155 4420/1159/155
f 4473/1115/182 4440/1144/182 4926/858/182 4929/861/182
f 4472/861/182 4471/1189/182 4438/858/182 4439/858/182
f 4470/1189/182 4469/1189/182 4436/1144/182 4437/1144/182
f 4468/1190/182 4467/1190/182 4434/1187/182 4435/1187/182
f 4466/1190/182 4465/1190/182 4432/1144/182 4433/1187/182
f 4464/861/182 4463/861/182 4430/858/182 4431/858/182
f 4931/862/169 4484/862/169 4451/1133/169 4927/1133/169 4930/1197/169
f 4483/862/169 4482/862/169 4449/1133/169 4450/1133/169
f 4481/862/169 4480/862/169 4447/1134/169 4448/1133/169
f 4479/1183/169 4478/1183/169 4445/1134/169 4446/1134/169
f 4477/1183/169 4476/862/169 4443/859/169 4444/1134/169
f 4475/862/169 4474/862/169 4441/1133/169 4442/1142/169
f 4495/916/156 4462/860/156 4928/860/156 4932/863/156
f 4494/864/156 4493/1192/156 4460/1108/156 4461/1108/156
f 4492/1192/156 4491/1192/156 4458/1127/156 4459/1127/156
f 4490/864/156 4489/864/156 4456/1132/156 4457/1127/156
f 4488/864/156 4487/864/156 4454/1132/156 4455/1132/156
f 4486/864/156 4485/864/156 4452/1127/156 4453/1132/156
f 4506/866/183 4473/1115/183 4929/861/183 4933/866/183
f 4505/1015/183 4504/1015/183 4471/1189/183 4472/861/183
f 4503/866/183 4502/866/183 4469/1189/183 4470/1189/183
f 4501/866/183 4500/985/183 4467/1190/183 4468/1190/183
f 4499/985/183 4498/985/183 4465/1190/183 4466/1190/183
f 4497/985/183 4496/866/183 4463/861/183 4464/861/183
f 4934/867/170 4517/1079/170 4484/862/170 4931/862/170
f 4516/867/170 4515/892/170 4482/862/170 4483/862/170
f 4514/892/170 4513/1058/170 4480/862/170 4481/862/170
f 4512/1024/170 4511/1024/170 4478/1183/170 4479/1183/170
f 4510/1024/170 4509/867/170 4476/862/170 4477/1183/170
f 4508/1033/170 4507/867/170 4474/862/170 4475/862/170
f 4528/893/157 4495/916/157 4932/863/157 4935/868/157
f 4527/868/157 4526/868/157 4493/1192/157 4494/864/157
f 4525/893/157 4524/893/157 4491/1192/157 4492/1192/157
f 4523/1093/157 4522/1093/157 4489/864/157 4490/864/157
f 4521/1093/157 4520/893/157 4487/864/157 4488/864/157
f 4519/868/157 4518/868/157 4485/864/157 4486/864/157
f 4539/870/184 4506/866/184 4933/866/184 4936/870/184
f 4538/870/184 4537/1193/184 4504/1015/184 4505/1015/184
f 4536/936/184 4535/936/184 4502/866/184 4503/866/184
f 4534/870/184 4533/870/184 4500/985/184 4501/866/184
f 4532/870/184 4531/1008/184 4498/985/184 4499/985/184
f 4530/1082/184 4529/1082/184 4496/866/184 4497/985/184
f 4937/872/171 4550/872/171 4517/1079/171 4934/867/171
f 4549/894/171 4548/894/171 4515/892/171 4516/867/171
f 4547/1182/171 4546/1182/171 4513/1058/171 4514/892/171
f 4545/872/171 4544/872/171 4511/1024/171 4512/1024/171
f 4543/872/171 4542/872/171 4509/867/171 4510/1024/171
f 4541/872/171 4540/872/171 4507/867/171 4508/1033/171
f 4938/873/158 4561/1069/158 4528/893/158 4935/868/158
f 4560/874/158 4559/1194/158 4526/868/158 4527/868/158
f 4558/1194/158 4557/1194/158 4524/893/158 4525/893/158
f 4556/874/158 4555/874/158 4522/1093/158 4523/1093/158
f 4554/874/158 4553/874/158 4520/893/158 4521/1093/158
f 4552/874/158 4551/874/158 4518/868/158 4519/868/158
f 4705/1085/185 4539/870/185 4936/870/185 4925/856/185
f 4706/856/185 4707/1092/185 4537/1193/185 4538/870/185
f 4708/856/185 4709/856/185 4535/936/185 4536/936/185
f 4710/856/185 4711/1080/185 4533/870/185 4534/870/185
f 4712/1080/185 4713/1080/185 4531/1008/185 4532/870/185
f 4714/1080/185 4715/1080/185 4529/1082/185 4530/1082/185
f 4939/875/172 4572/1053/172 4550/872/172 4937/872/172
f 4571/875/172 4570/875/172 4548/894/172 4549/894/172
f 4569/875/172 4568/875/172 4546/1182/172 4547/1182/172
f 4567/1054/172 4566/1180/172 4544/872/172 4545/872/172
f 4565/1180/172 4564/1054/172 4542/872/172 4543/872/172
f 4563/875/172 4562/875/172 4540/872/172 4541/872/172
f 4940/840/159 4583/840/159 4561/1069/159 4938/873/159
f 4582/1051/159 4581/1051/159 4559/1194/159 4560/874/159
f 4580/1041/159 4579/1041/159 4557/1194/159 4558/1194/159
f 4578/1041/159 4577/1050/159 4555/874/159 4556/874/159
f 4576/1050/159 4575/1050/159 4553/874/159 4554/874/159
f 4574/1050/159 4573/1041/159 4551/874/159 4552/874/159
f 4941/876/173 4594/876/173 4572/1053/173 4939/875/173
f 4593/876/173 4592/876/173 4570/875/173 4571/875/173
f 4591/876/173 4590/876/173 4568/875/173 4569/875/173
f 4589/876/173 4588/876/173 4566/1180/173 4567/1054/173
f 4587/876/173 4586/876/173 4564/1054/173 4565/1180/173
f 4585/876/173 4584/876/173 4562/875/173 4563/875/173
f 4942/919/160 4605/919/160 4583/840/160 4940/840/160
f 4604/903/160 4603/903/160 4581/1051/160 4582/1051/160
f 4602/919/160 4601/919/160 4579/1041/160 4580/1041/160
f 4600/919/160 4599/926/160 4577/1050/160 4578/1041/160
f 4598/926/160 4597/1029/160 4575/1050/160 4576/1050/160
f 4596/839/160 4595/903/160 4573/1041/160 4574/1050/160
f 4616/1014/174 4594/876/174 4941/876/174 4943/877/174
f 4615/877/174 4614/877/174 4592/876/174 4593/876/174
f 4613/877/174 4612/877/174 4590/876/174 4591/876/174
f 4611/896/174 4610/1195/174 4588/876/174 4589/876/174
f 4609/1195/174 4608/896/174 4586/876/174 4587/876/174
f 4607/877/174 4606/877/174 4584/876/174 4585/876/174
f 4944/878/161 4627/924/161 4605/919/161 4942/919/161
f 4626/924/161 4625/924/161 4603/903/161 4604/903/161
f 4624/924/161 4623/924/161 4601/919/161 4602/919/161
f 4622/924/161 4621/924/161 4599/926/161 4600/919/161
f 4620/924/161 4619/924/161 4597/1029/161 4598/926/161
f 4618/878/161 4617/878/161 4595/903/161 4596/839/161
f 4638/881/175 4616/1014/175 4943/877/175 4945/881/175
f 4637/1191/175 4636/1191/175 4614/877/175 4615/877/175
f 4635/1188/175 4634/1188/175 4612/877/175 4613/877/175
f 4633/881/175 4632/881/175 4610/1195/175 4611/896/175
f 4631/881/175 4630/881/175 4608/896/175 4609/1195/175
f 4629/881/175 4628/881/175 4606/877/175 4607/877/175
f 4946/991/162 4649/987/162 4627/924/162 4944/878/162
f 4648/882/162 4647/989/162 4625/924/162 4626/924/162
f 4646/988/162 4645/988/162 4623/924/162 4624/924/162
f 4644/991/162 4643/993/162 4621/924/162 4622/924/162
f 4642/993/162 4641/991/162 4619/924/162 4620/924/162
f 4640/882/162 4639/882/162 4617/878/162 4618/878/162
f 4660/963/176 4638/881/176 4945/881/176 4947/883/176
f 4659/883/176 4658/964/176 4636/1191/176 4637/1191/176
f 4657/964/176 4656/966/176 4634/1188/176 4635/1188/176
f 4655/965/176 4654/965/176 4632/881/176 4633/881/176
f 4653/965/176 4652/883/176 4630/881/176 4631/881/176
f 4651/981/176 4650/883/176 4628/881/176 4629/881/176
f 4948/885/163 4671/933/163 4649/987/163 4946/991/163
f 4670/935/163 4669/951/163 4647/989/163 4648/882/163
f 4668/929/163 4667/929/163 4645/988/163 4646/988/163
f 4666/929/163 4665/929/163 4643/993/163 4644/991/163
f 4664/929/163 4663/929/163 4641/991/163 4642/993/163
f 4662/941/163 4661/929/163 4639/882/163 4640/882/163
f 4682/902/177 4660/963/177 4947/883/177 4949/887/177
f 4681/902/177 4680/902/177 4658/964/177 4659/883/177
f 4679/887/177 4678/887/177 4656/966/177 4657/964/177
f 4677/1196/177 4676/1196/177 4654/965/177 4655/965/177
f 4675/1196/177 4674/887/177 4652/883/177 4653/965/177
f 4673/887/177 4672/887/177 4650/883/177 4651/981/177
f 4918/843/164 4683/844/164 4671/933/164 4948/885/164
f 4684/1172/164 4685/1173/164 4669/951/164 4670/935/164
f 4686/843/164 4687/843/164 4667/929/164 4668/929/164
f 4688/1175/164 4689/1175/164 4665/929/164 4666/929/164
f 4690/1175/164 4691/843/164 4663/929/164 4664/929/164
f 4692/843/164 4693/843/164 4661/929/164 4662/941/164
f 4694/1178/178 4682/902/178 4949/887/178 4920/897/178
f 4695/1177/178 4696/1179/178 4680/902/178 4681/902/178
f 4697/897/178 4698/1179/178 4678/887/178 4679/887/178
f 4699/897/178 4700/897/178 4676/1196/178 4677/1196/178
f 4701/897/178 4702/897/178 4674/887/178 4675/1196/178
f 4703/897/178 4704/897/178 4672/887/178 4673/887/178
f 4017/842/153 4039/850/153 4391/850/153 4369/842/153
f 4313/929/152 4291/993/152 4643/993/152 4665/929/152
f 4210/875/152 4188/872/152 4540/872/152 4562/875/152
f 4141/1192/152 4108/1108/152 4460/1108/152 4493/1192/152
f 4038/1045/152 4016/842/152 4368/842/152 4390/1045/152
f 4290/993/153 4312/929/153 4664/929/153 4642/993/153
f 4107/1127/153 4140/1192/153 4492/1192/153 4459/1127/153
f 4015/842/153 4037/1045/153 4389/1045/153 4367/842/153
f 4311/929/152 4289/991/152 4641/991/152 4663/929/152
f 4231/840/152 4209/1069/152 4561/1069/152 4583/840/152
f 4139/1192/152 4106/1127/152 4458/1127/152 4491/1192/152
f 4036/850/152 4014/1176/152 4366/1176/152 4388/850/152
f 4288/882/153 4310/941/153 4662/941/153 4640/882/153
f 4208/874/153 4230/1051/153 4582/1051/153 4560/874/153
f 4105/1127/153 4138/864/153 4490/864/153 4457/1127/153
f 4013/1176/153 4035/850/153 4387/850/153 4365/1176/153
f 4309/929/152 4287/882/152 4639/882/152 4661/929/152
f 4229/1051/152 4207/1194/152 4559/1194/152 4581/1051/152
f 4137/864/152 4104/1132/152 4456/1132/152 4489/864/152
f 4034/850/152 4012/1166/152 4364/1166/152 4386/850/152
f 4206/1194/153 4228/1041/153 4580/1041/153 4558/1194/153
f 4103/1132/153 4136/864/153 4488/864/153 4455/1132/153
f 4330/902/152 4308/963/152 4660/963/152 4682/902/152
f 4227/1041/152 4205/1194/152 4557/1194/152 4579/1041/152
f 4135/864/152 4102/1132/152 4454/1132/152 4487/864/152
f 4055/1096/152 4033/889/152 4385/889/152 4407/1096/152
f 4307/883/153 4329/902/153 4681/902/153 4659/883/153
f 4204/874/153 4226/1041/153 4578/1041/153 4556/874/153
f 4101/1132/153 4134/864/153 4486/864/153 4453/1132/153
f 4032/845/153 4054/852/153 4406/852/153 4384/845/153
f 4328/902/152 4306/964/152 4658/964/152 4680/902/152
f 4225/1050/152 4203/874/152 4555/874/152 4577/1050/152
f 4133/864/152 4100/1127/152 4452/1127/152 4485/864/152
f 4053/852/152 4031/889/152 4383/889/152 4405/852/152
f 4305/964/153 4327/887/153 4679/887/153 4657/964/153
f 4202/874/153 4224/1050/153 4576/1050/153 4554/874/153
f 4030/1012/153 4052/852/153 4404/852/153 4382/1012/153
f 4326/887/152 4304/966/152 4656/966/152 4678/887/152
f 4223/1050/152 4201/874/152 4553/874/152 4575/1050/152
f 4154/866/152 4121/1115/152 4473/1115/152 4506/866/152
f 4051/852/152 4029/845/152 4381/845/152 4403/852/152
f 4303/965/153 4325/1196/153 4677/1196/153 4655/965/153
f 4200/874/153 4222/1050/153 4574/1050/153 4552/874/153
f 4120/861/153 4153/1015/153 4505/1015/153 4472/861/153
f 4028/889/153 4050/852/153 4402/852/153 4380/889/153
f 4324/1196/152 4302/965/152 4654/965/152 4676/1196/152
f 4221/1041/152 4199/874/152 4551/874/152 4573/1041/152
f 4152/1015/152 4119/1189/152 4471/1189/152 4504/1015/152
f 4049/1095/152 4027/846/152 4379/846/152 4401/1095/152
f 4301/965/153 4323/1196/153 4675/1196/153 4653/965/153
f 4118/1189/153 4151/866/153 4503/866/153 4470/1189/153
f 4026/846/153 4048/1095/153 4400/1095/153 4378/846/153
f 4322/887/152 4300/883/152 4652/883/152 4674/887/152
f 4242/876/152 4220/1053/152 4572/1053/152 4594/876/152
f 4150/866/152 4117/1189/152 4469/1189/152 4502/866/152
f 4047/852/152 4025/845/152 4377/845/152 4399/852/152
f 4299/981/153 4321/887/153 4673/887/153 4651/981/153
f 4219/875/153 4241/876/153 4593/876/153 4571/875/153
f 4116/1190/153 4149/866/153 4501/866/153 4468/1190/153
f 4024/1181/153 4046/852/153 4398/852/153 4376/1181/153
f 4320/887/152 4298/883/152 4650/883/152 4672/887/152
f 4240/876/152 4218/875/152 4570/875/152 4592/876/152
f 4148/985/152 4115/1190/152 4467/1190/152 4500/985/152
f 4045/852/152 4023/1165/152 4375/1165/152 4397/852/152
f 4217/875/153 4239/876/153 4591/876/153 4569/875/153
f 4114/1190/153 4147/985/153 4499/985/153 4466/1190/153
f 4331/844/152 4319/933/152 4671/933/152 4683/844/152
f 4238/876/152 4216/875/152 4568/875/152 4590/876/152
f 4146/985/152 4113/1190/152 4465/1190/152 4498/985/152
f 4066/853/152 4044/1052/152 4396/1052/152 4418/853/152
f 4318/935/153 4332/1172/153 4684/1172/153 4670/935/153
f 4215/1054/153 4237/876/153 4589/876/153 4567/1054/153
f 4112/861/153 4145/985/153 4497/985/153 4464/861/153
f 4043/850/153 4065/1184/153 4417/1184/153 4395/850/153
f 4333/1173/152 4317/951/152 4669/951/152 4685/1173/152
f 4236/876/152 4214/1180/152 4566/1180/152 4588/876/152
f 4144/866/152 4111/861/152 4463/861/152 4496/866/152
f 4064/1184/152 4042/850/152 4394/850/152 4416/1184/152
f 4316/929/153 4334/843/153 4686/843/153 4668/929/153
f 4213/1180/153 4235/876/153 4587/876/153 4565/1180/153
f 4041/850/153 4063/1185/153 4415/1185/153 4393/850/153
f 4335/843/152 4315/929/152 4667/929/152 4687/843/152
f 4234/876/152 4212/1054/152 4564/1054/152 4586/876/152
f 4165/1079/152 4132/862/152 4484/862/152 4517/1079/152
f 4062/1185/152 4040/850/152 4392/850/152 4414/1185/152
f 4314/929/153 4336/1175/153 4688/1175/153 4666/929/153
f 4211/875/153 4233/876/153 4585/876/153 4563/875/153
f 4131/862/153 4164/867/153 4516/867/153 4483/862/153
f 4039/850/153 4061/1160/153 4413/1160/153 4391/850/153
f 4337/1175/152 4313/929/152 4665/929/152 4689/1175/152
f 4232/876/152 4210/875/152 4562/875/152 4584/876/152
f 4163/892/152 4130/862/152 4482/862/152 4515/892/152
f 4060/1160/152 4038/1045/152 4390/1045/152 4412/1160/152
f 4312/929/153 4338/1175/153 4690/1175/153 4664/929/153
f 4129/862/153 4162/892/153 4514/892/153 4481/862/153
f 4037/1045/153 4059/1160/153 4411/1160/153 4389/1045/153
f 4339/843/152 4311/929/152 4663/929/152 4691/843/152
f 4253/919/152 4231/840/152 4583/840/152 4605/919/152
f 4161/1058/152 4128/862/152 4480/862/152 4513/1058/152
f 4058/1160/152 4036/850/152 4388/850/152 4410/1160/152
f 4310/941/153 4340/843/153 4692/843/153 4662/941/153
f 4230/1051/153 4252/903/153 4604/903/153 4582/1051/153
f 4127/1183/153 4160/1024/153 4512/1024/153 4479/1183/153
f 4035/850/153 4057/1160/153 4409/1160/153 4387/850/153
f 4341/843/152 4309/929/152 4661/929/152 4693/843/152
f 4251/903/152 4229/1051/152 4581/1051/152 4603/903/152
f 4159/1024/152 4126/1183/152 4478/1183/152 4511/1024/152
f 4056/1160/152 4034/850/152 4386/850/152 4408/1160/152
f 4228/1041/153 4250/919/153 4602/919/153 4580/1041/153
f 4125/1183/153 4158/1024/153 4510/1024/153 4477/1183/153
f 4342/1178/152 4330/902/152 4682/902/152 4694/1178/152
f 4249/919/152 4227/1041/152 4579/1041/152 4601/919/152
f 4157/867/152 4124/862/152 4476/862/152 4509/867/152
f 4077/1186/152 4353/1085/152 4705/1085/152 4429/1186/152
f 4329/902/153 4343/1177/153 4695/1177/153 4681/902/153
f 4226/1041/153 4248/919/153 4600/919/153 4578/1041/153
f 4123/862/153 4156/1033/153 4508/1033/153 4475/862/153
f 4354/856/153 4076/1138/153 4428/1138/153 4706/856/153
f 4344/1179/152 4328/902/152 4680/902/152 4696/1179/152
f 4247/926/152 4225/1050/152 4577/1050/152 4599/926/152
f 4155/867/152 4122/862/152 4474/862/152 4507/867/152
f 4075/1186/152 4355/1092/152 4707/1092/152 4427/1186/152
f 4327/887/153 4345/897/153 4697/897/153 4679/887/153
f 4224/1050/153 4246/926/153 4598/926/153 4576/1050/153
f 4356/856/153 4074/1138/153 4426/1138/153 4708/856/153
f 4346/1179/152 4326/887/152 4678/887/152 4698/1179/152
f 4245/1029/152 4223/1050/152 4575/1050/152 4597/1029/152
f 4176/893/152 4143/916/152 4495/916/152 4528/893/152
f 4073/1138/152 4357/856/152 4709/856/152 4425/1138/152
f 4325/1196/153 4347/897/153 4699/897/153 4677/1196/153
f 4222/1050/153 4244/839/153 4596/839/153 4574/1050/153
f 4142/864/153 4175/868/153 4527/868/153 4494/864/153
f 4358/856/153 4072/1138/153 4424/1138/153 4710/856/153
f 4348/897/152 4324/1196/152 4676/1196/152 4700/897/152
f 4243/903/152 4221/1041/152 4573/1041/152 4595/903/152
f 4174/868/152 4141/1192/152 4493/1192/152 4526/868/152
f 4071/1138/152 4359/1080/152 4711/1080/152 4423/1138/152
f 4323/1196/153 4349/897/153 4701/897/153 4675/1196/153
f 4140/1192/153 4173/893/153 4525/893/153 4492/1192/153
f 4360/1080/153 4070/1138/153 4422/1138/153 4712/1080/153
f 4350/897/152 4322/887/152 4674/887/152 4702/897/152
f 4264/1014/152 4242/876/152 4594/876/152 4616/1014/152
f 4172/893/152 4139/1192/152 4491/1192/152 4524/893/152
f 4069/854/152 4361/1080/152 4713/1080/152 4421/854/152
f 4321/887/153 4351/897/153 4703/897/153 4673/887/153
f 4241/876/153 4263/877/153 4615/877/153 4593/876/153
f 4138/864/153 4171/1093/153 4523/1093/153 4490/864/153
f 4362/1080/153 4068/1159/153 4420/1159/153 4714/1080/153
f 4352/897/152 4320/887/152 4672/887/152 4704/897/152
f 4262/877/152 4240/876/152 4592/876/152 4614/877/152
f 4170/1093/152 4137/864/152 4489/864/152 4522/1093/152
f 4067/1154/152 4363/1080/152 4715/1080/152 4419/1154/152
f 4239/876/153 4261/877/153 4613/877/153 4591/876/153
f 4136/864/153 4169/1093/153 4521/1093/153 4488/864/153
f 4260/877/152 4238/876/152 4590/876/152 4612/877/152
f 4168/893/152 4135/864/152 4487/864/152 4520/893/152
f 4088/1144/152 4055/1096/152 4407/1096/152 4440/1144/152
f 4237/876/153 4259/896/153 4611/896/153 4589/876/153
f 4134/864/153 4167/868/153 4519/868/153 4486/864/153
f 4054/852/153 4087/858/153 4439/858/153 4406/852/153
f 4258/1195/152 4236/876/152 4588/876/152 4610/1195/152
f 4166/868/152 4133/864/152 4485/864/152 4518/868/152
f 4086/858/152 4053/852/152 4405/852/152 4438/858/152
f 4235/876/153 4257/1195/153 4609/1195/153 4587/876/153
f 4052/852/153 4085/1144/153 4437/1144/153 4404/852/153
f 4256/896/152 4234/876/152 4586/876/152 4608/896/152
f 4187/870/152 4154/866/152 4506/866/152 4539/870/152
f 4084/1144/152 4051/852/152 4403/852/152 4436/1144/152
f 4233/876/153 4255/877/153 4607/877/153 4585/876/153
f 4153/1015/153 4186/870/153 4538/870/153 4505/1015/153
f 4050/852/153 4083/1187/153 4435/1187/153 4402/852/153
f 4254/877/152 4232/876/152 4584/876/152 4606/877/152
f 4185/1193/152 4152/1015/152 4504/1015/152 4537/1193/152
f 4082/1187/152 4049/1095/152 4401/1095/152 4434/1187/152
f 4151/866/153 4184/936/153 4536/936/153 4503/866/153
f 4048/1095/153 4081/1187/153 4433/1187/153 4400/1095/153
f 722/1198/148 718/1199/148 702/656/148 701/657/148
f 701/657/149 702/656/149 709/658/149 708/659/149
f 715/1200/150 716/1201/150 706/660/150 704/661/150
f 704/661/151 706/660/151 699/662/151 696/663/151
f 4816/1202/152 715/1200/152 704/661/152 696/665/152 710/1203/152 4842/1204/152 4841/1205/152 4840/1206/152 4839/1207/152 4838/1208/152 4837/1209/152 4836/1210/152 4835/1211/152 4834/1212/152 4833/1213/152 4832/1214/152 4831/1215/152 4830/1216/152 4829/1217/152 4828/1218/152 4827/1219/152 4826/1220/152 4825/1221/152 4824/1222/152 4823/1223/152 4822/1224/152 4821/1225/152 4820/1226/152 4819/1227/152 4818/1228/152 4817/1229/152
f 716/1201/153 713/1230/153 699/671/153 706/660/153
f 716/1201/150 723/1231/150 724/1231/150 726/1201/150
f 4842/1204/152 710/1203/152 722/1232/152 4868/1233/152 4867/1234/152 4866/1235/152 4865/1236/152 4864/1237/152 4863/1238/152 4862/1239/152 4861/1240/152 4860/1241/152 719/1242/152 715/1200/152 4816/1202/152 4815/1243/152 4814/1244/152 4813/1245/152 4812/1246/152 4930/1247/152 4927/1248/152 4923/1249/152 4921/1250/152 4917/1251/152 4918/1252/152 4948/1253/152 4946/1254/152 4944/1255/152 4942/1256/152 4940/1257/152 4938/1258/152 4935/1259/152 4932/1260/152 4928/1261/152 4924/1262/152 4925/1263/152 4936/1264/152 4933/1265/152 4929/1266/152 4926/1267/152 4922/1268/152 4919/1269/152 4920/1270/152 4949/1271/152 4947/1272/152 4945/1273/152 4943/1274/152 4941/1275/152 4939/1276/152 4937/1277/152 4934/1278/152 4931/1279/152 4846/1280/152 4845/1281/152 4844/1282/152 4843/1283/152
f 4931/1279/186 4930/1247/186 4812/1246/186 4846/1280/186
f 719/1242/150 723/1231/150 716/1201/150 715/1200/150
f 696/654/148 699/655/148 713/1284/148 710/1285/148
f 708/659/150 709/658/150 723/1231/150 719/1242/150
f 4868/1233/152 722/1232/152 701/664/152 708/659/152 719/1242/152 4860/1241/152 4859/1286/152 4858/1287/152 4857/1288/152 4856/1289/152 4855/1290/152 4854/1291/152 4853/1292/152 4852/1293/152 4851/1294/152 4850/1295/152 4849/1296/152 4848/1297/152 4847/1298/152 4880/1299/152 4879/1300/152 4878/1301/152 4877/1302/152 4876/1303/152 4875/1304/152 4874/1305/152 4873/1306/152 4872/1307/152 4871/1308/152 4870/1309/152 4869/1310/152
f 709/658/153 702/670/153 718/1311/153 723/1231/153
f 710/1285/148 713/1284/148 718/1199/148 722/1198/148
f 730/1199/153 728/1284/153 735/1284/153 737/1199/153
f 723/1231/149 718/1311/149 730/1311/149 724/1231/149
f 718/1199/148 713/1284/148 728/1284/148 730/1199/148
f 713/1230/151 716/1201/151 726/1201/151 728/1230/151
f 732/1231/149 737/1311/149 751/1311/149 745/1231/149
f 726/1201/153 724/1231/153 732/1231/153 733/1201/153
f 724/1231/153 730/1311/153 737/1311/153 732/1231/153
f 728/1230/153 726/1201/153 733/1201/153 735/1230/153
f 738/1312/149 743/1313/149 757/1313/149 752/1312/149
f 735/1230/151 733/1201/151 748/1201/151 750/1230/151
f 737/1199/148 735/1284/148 750/1284/148 751/1199/148
f 733/1201/150 732/1231/150 745/1231/150 748/1201/150
f 738/1312/153 741/1314/153 748/1201/153 745/1231/153
f 741/1314/153 742/1315/153 750/1230/153 748/1201/153
f 4890/1316/153 743/1313/153 751/1311/153 750/1230/153 742/1315/153 4913/1317/153 4914/1318/153 4881/1319/153 4882/1320/153 4885/1321/153 4887/1322/153
f 743/1313/153 738/1312/153 745/1231/153 751/1311/153
f 4915/1323/153 755/1315/153 754/1314/153 752/1312/153 757/1313/153 4889/1324/153 4891/1325/153 4895/1326/153 4898/1327/153 4901/1328/153 4904/1329/153 4893/1330/153 4894/1331/153 4897/1332/153 4900/1333/153 4903/1334/153 4906/1335/153 4908/1336/153 4910/1337/153 4912/1338/153 4916/1339/153 4883/1340/153 4884/1341/153 4886/1342/153 4888/1343/153 4892/1344/153 4896/1345/153 4899/1346/153 4902/1347/153 4905/1348/153 4907/1349/153 4909/1350/153 4911/1351/153
f 742/1315/151 741/1314/151 754/1314/151 755/1315/151
f 742/1315/148 755/1315/148 4915/1323/148 4913/1317/148
f 4889/1324/148 757/1313/148 743/1313/148 4890/1316/148
f 741/1314/150 738/1312/150 752/1312/150 754/1314/150
o Куб.002
v 4.409946 1.585036 2.830083
v 4.729307 2.002219 0.624391
v 4.372014 2.296019 2.868016
v 4.729307 2.002219 0.154406
v 4.372014 1.585036 0.668261
v 4.751805 2.004435 0.624391
v 4.372014 2.296019 0.668261
v 4.751805 2.004435 0.154406
v 4.773438 2.010998 0.624391
v 4.922490 1.610929 2.842123
v 4.858665 1.585036 2.830083
v 4.773438 2.010998 0.154406
v 4.896597 2.296019 2.868016
v 4.793376 2.021654 0.624391
v 4.922490 2.270127 2.842123
v 4.793376 2.021654 0.154406
v 4.922490 1.610929 0.694154
v 4.810851 2.035996 0.624391
v 4.896597 1.585036 0.668261
v 4.810851 2.035996 0.154406
v 4.922490 2.270127 0.694154
v 4.825192 2.053471 0.624391
v 4.896597 2.296019 0.668261
v 4.825192 2.053471 0.154406
v 4.409946 1.585036 2.085569
v 4.835849 2.073409 0.624391
v 4.372014 2.296019 2.047637
v 4.835849 2.073409 0.154406
v 4.858665 1.585036 2.085569
v 4.842412 2.095042 0.624391
v 4.922490 1.610929 2.041057
v 4.842412 2.095042 0.154406
v 4.844627 2.117540 0.624391
v 4.896597 2.296019 2.047637
v 4.844627 2.117540 0.154406
v 4.922490 2.270127 2.041057
v 4.372014 1.585036 2.047637
v 4.842412 2.140038 0.624391
v 4.842412 2.140038 0.154406
v 4.372014 1.585036 2.868016
v 4.896597 1.585036 2.868016
v 4.835849 2.161671 0.624391
v 4.896597 1.585036 2.047637
v 4.835849 2.161671 0.154406
v 4.409946 1.527176 2.085569
v 4.825192 2.181608 0.624391
v 4.825192 2.181608 0.154406
v 4.409946 1.527176 2.830083
v 4.858665 1.527176 2.830083
v 4.810851 2.199084 0.624391
v 4.858665 1.527176 2.085569
v 4.810851 2.199084 0.154406
v 4.364473 1.527176 2.010120
v 4.793376 2.213425 0.624391
v 4.793376 2.213425 0.154406
v 4.364473 1.527176 2.905532
v 4.904139 1.527176 2.905532
v 4.773438 2.224082 0.624391
v 4.904139 1.527176 2.010120
v 4.773438 2.224082 0.154406
v 4.364473 1.242086 2.010120
v 4.751805 2.230644 0.624391
v 4.751805 2.230644 0.154406
v 4.364473 1.242086 2.905532
v 4.729307 2.232860 0.624391
v 4.904139 1.242086 2.905532
v 4.729307 2.232860 0.154406
v 4.904139 1.242086 2.010120
v 4.706809 2.230644 0.624391
v 4.706809 2.230644 0.154406
v 4.685176 2.224082 0.624391
v 4.685176 2.224082 0.154406
v 4.665238 2.213425 0.624391
v 4.665238 2.213425 0.154406
v 4.647763 2.199084 0.624391
v 4.647763 2.199084 0.154406
v 4.633422 2.181608 0.624391
v 4.633422 2.181608 0.154406
v 4.622765 2.161671 0.624391
v 4.622765 2.161671 0.154406
v 4.616203 2.140038 0.624391
v 4.616203 2.140038 0.154406
v 4.613987 2.117540 0.624391
v 4.613987 2.117540 0.154406
v 4.616203 2.095042 0.624391
v 4.616203 2.095042 0.154406
v 4.622765 2.073409 0.624391
v 4.622765 2.073409 0.154406
v 4.633422 2.053471 0.624391
v 4.633422 2.053471 0.154406
v 4.647763 2.035996 0.624391
v 4.647763 2.035996 0.154406
v 4.665238 2.021654 0.624391
v 4.665238 2.021654 0.154406
v 4.685176 2.010998 0.624391
v 4.685176 2.010998 0.154406
v 4.706809 2.004435 0.624391
v 4.706809 2.004435 0.154406
v 4.729307 1.982737 0.624391
v 4.755606 1.985327 0.624391
v 4.780894 1.992998 0.624391
v 4.804200 2.005455 0.624391
v 4.824627 2.022220 0.624391
v 4.841392 2.042648 0.624391
v 4.853848 2.065953 0.624391
v 4.861520 2.091241 0.624391
v 4.864110 2.117540 0.624391
v 4.861520 2.143839 0.624391
v 4.853848 2.169127 0.624391
v 4.841392 2.192432 0.624391
v 4.824627 2.212860 0.624391
v 4.804200 2.229624 0.624391
v 4.780894 2.242081 0.624391
v 4.755606 2.249753 0.624391
v 4.729307 2.252343 0.624391
v 4.703008 2.249753 0.624391
v 4.677720 2.242081 0.624391
v 4.654415 2.229624 0.624391
v 4.633987 2.212860 0.624391
v 4.617223 2.192432 0.624391
v 4.604765 2.169127 0.624391
v 4.597095 2.143839 0.624391
v 4.594504 2.117540 0.624391
v 4.597095 2.091241 0.624391
v 4.604765 2.065953 0.624391
v 4.617223 2.042648 0.624391
v 4.633987 2.022220 0.624391
v 4.654415 2.005455 0.624391
v 4.677720 1.992998 0.624391
v 4.703008 1.985327 0.624391
v 4.729307 1.994001 0.154406
v 4.753408 1.996375 0.154406
v 4.776583 2.003405 0.154406
v 4.797942 2.014821 0.154406
v 4.816662 2.030185 0.154406
v 4.832026 2.048906 0.154406
v 4.843442 2.070264 0.154406
v 4.850472 2.093439 0.154406
v 4.852846 2.117540 0.154406
v 4.850472 2.141641 0.154406
v 4.843442 2.164816 0.154406
v 4.832026 2.186174 0.154406
v 4.816662 2.204895 0.154406
v 4.797942 2.220258 0.154406
v 4.776583 2.231675 0.154406
v 4.753408 2.238705 0.154406
v 4.729307 2.241079 0.154406
v 4.705206 2.238705 0.154406
v 4.682031 2.231675 0.154406
v 4.660673 2.220258 0.154406
v 4.641952 2.204895 0.154406
v 4.626588 2.186174 0.154406
v 4.615172 2.164816 0.154406
v 4.608142 2.141641 0.154406
v 4.605769 2.117540 0.154406
v 4.608142 2.093439 0.154406
v 4.615172 2.070264 0.154406
v 4.626588 2.048906 0.154406
v 4.641952 2.030185 0.154406
v 4.660673 2.014821 0.154406
v 4.682031 2.003405 0.154406
v 4.705206 1.996375 0.154406
v 4.729307 1.994001 0.130298
v 4.753408 1.996375 0.130298
v 4.776583 2.003405 0.130298
v 4.797942 2.014821 0.130298
v 4.816662 2.030185 0.130298
v 4.832026 2.048906 0.130298
v 4.843442 2.070264 0.130298
v 4.850472 2.093439 0.130298
v 4.852846 2.117540 0.130298
v 4.850472 2.141641 0.130298
v 4.843442 2.164816 0.130298
v 4.832026 2.186174 0.130298
v 4.816662 2.204895 0.130298
v 4.797942 2.220258 0.130298
v 4.776583 2.231675 0.130298
v 4.753408 2.238705 0.130298
v 4.729307 2.241079 0.130298
v 4.705206 2.238705 0.130298
v 4.682031 2.231675 0.130298
v 4.660673 2.220258 0.130298
v 4.641952 2.204895 0.130298
v 4.626588 2.186174 0.130298
v 4.615172 2.164816 0.130298
v 4.608142 2.141641 0.130298
v 4.605769 2.117540 0.130298
v 4.608142 2.093439 0.130298
v 4.615172 2.070264 0.130298
v 4.626588 2.048906 0.130298
v 4.641952 2.030185 0.130298
v 4.660673 2.014821 0.130298
v 4.682031 2.003405 0.130298
v 4.705206 1.996375 0.130298
v 4.729307 1.976861 0.130298
v 4.756752 1.979564 0.130298
v 4.783143 1.987570 0.130298
v 4.807464 2.000570 0.130298
v 4.828782 2.018065 0.130298
v 4.846277 2.039383 0.130298
v 4.859277 2.063704 0.130298
v 4.867283 2.090095 0.130298
v 4.869986 2.117540 0.130298
v 4.867283 2.144985 0.130298
v 4.859277 2.171376 0.130298
v 4.846277 2.195697 0.130298
v 4.828782 2.217015 0.130298
v 4.807464 2.234510 0.130298
v 4.783143 2.247510 0.130298
v 4.756752 2.255516 0.130298
v 4.729307 2.258219 0.130298
v 4.701862 2.255516 0.130298
v 4.675472 2.247510 0.130298
v 4.651150 2.234510 0.130298
v 4.629832 2.217015 0.130298
v 4.612337 2.195697 0.130298
v 4.599337 2.171376 0.130298
v 4.591331 2.144985 0.130298
v 4.588628 2.117540 0.130298
v 4.591331 2.090095 0.130298
v 4.599337 2.063704 0.130298
v 4.612337 2.039383 0.130298
v 4.629832 2.018065 0.130298
v 4.651150 2.000570 0.130298
v 4.675472 1.987570 0.130298
v 4.701862 1.979564 0.130298
v 4.729307 1.976861 -0.015812
v 4.756752 1.979564 -0.015812
v 4.783143 1.987570 -0.015812
v 4.807464 2.000570 -0.015812
v 4.828782 2.018065 -0.015812
v 4.846277 2.039383 -0.015812
v 4.859277 2.063704 -0.015812
v 4.867283 2.090095 -0.015812
v 4.869986 2.117540 -0.015812
v 4.867283 2.144985 -0.015812
v 4.859277 2.171376 -0.015812
v 4.846277 2.195697 -0.015812
v 4.828782 2.217015 -0.015812
v 4.807464 2.234510 -0.015812
v 4.783143 2.247510 -0.015812
v 4.756752 2.255516 -0.015812
v 4.729307 2.258219 -0.015812
v 4.701862 2.255516 -0.015812
v 4.675472 2.247510 -0.015812
v 4.651150 2.234510 -0.015812
v 4.629832 2.217015 -0.015812
v 4.612337 2.195697 -0.015812
v 4.599337 2.171376 -0.015812
v 4.591331 2.144985 -0.015812
v 4.588628 2.117540 -0.015812
v 4.591331 2.090095 -0.015812
v 4.599337 2.063704 -0.015812
v 4.612337 2.039383 -0.015812
v 4.629832 2.018065 -0.015812
v 4.651150 2.000570 -0.015812
v 4.675472 1.987570 -0.015812
v 4.701862 1.979564 -0.015812
v 4.729307 2.000019 -0.015812
v 4.752234 2.002277 -0.015812
v 4.774281 2.008965 -0.015812
v 4.794599 2.019825 -0.015812
v 4.812407 2.034440 -0.015812
v 4.827023 2.052249 -0.015812
v 4.837883 2.072567 -0.015812
v 4.844570 2.094613 -0.015812
v 4.846828 2.117540 -0.015812
v 4.844570 2.140467 -0.015812
v 4.837883 2.162513 -0.015812
v 4.827023 2.182831 -0.015812
v 4.812407 2.200640 -0.015812
v 4.794599 2.215255 -0.015812
v 4.774281 2.226115 -0.015812
v 4.752234 2.232803 -0.015812
v 4.729307 2.235061 -0.015812
v 4.706380 2.232803 -0.015812
v 4.684334 2.226115 -0.015812
v 4.664016 2.215255 -0.015812
v 4.646207 2.200640 -0.015812
v 4.631592 2.182831 -0.015812
v 4.620732 2.162513 -0.015812
v 4.614044 2.140467 -0.015812
v 4.611786 2.117540 -0.015812
v 4.614044 2.094613 -0.015812
v 4.620732 2.072567 -0.015812
v 4.631592 2.052249 -0.015812
v 4.646207 2.034440 -0.015812
v 4.664016 2.019825 -0.015812
v 4.684334 2.008965 -0.015812
v 4.706380 2.002277 -0.015812
v 4.729307 2.000019 -0.040651
v 4.752234 2.002277 -0.040651
v 4.774281 2.008965 -0.040651
v 4.794599 2.019825 -0.040651
v 4.812407 2.034440 -0.040651
v 4.827023 2.052249 -0.040651
v 4.837883 2.072567 -0.040651
v 4.844570 2.094613 -0.040651
v 4.846828 2.117540 -0.040651
v 4.844570 2.140467 -0.040651
v 4.837883 2.162513 -0.040651
v 4.827023 2.182831 -0.040651
v 4.812407 2.200640 -0.040651
v 4.794599 2.215255 -0.040651
v 4.774281 2.226115 -0.040651
v 4.752234 2.232803 -0.040651
v 4.729307 2.235061 -0.040651
v 4.706380 2.232803 -0.040651
v 4.684334 2.226115 -0.040651
v 4.664016 2.215255 -0.040651
v 4.646207 2.200640 -0.040651
v 4.631592 2.182831 -0.040651
v 4.620732 2.162513 -0.040651
v 4.614044 2.140467 -0.040651
v 4.611786 2.117540 -0.040651
v 4.614044 2.094613 -0.040651
v 4.620732 2.072567 -0.040651
v 4.631592 2.052249 -0.040651
v 4.646207 2.034440 -0.040651
v 4.664016 2.019825 -0.040651
v 4.684334 2.008965 -0.040651
v 4.706380 2.002277 -0.040651
v 4.729307 2.043777 -0.040651
v 4.743698 2.045194 -0.040651
v 4.757535 2.049392 -0.040651
v 4.770288 2.056208 -0.040651
v 4.781466 2.065381 -0.040651
v 4.790639 2.076559 -0.040651
v 4.797455 2.089312 -0.040651
v 4.801653 2.103149 -0.040651
v 4.803071 2.117540 -0.040651
v 4.801653 2.131930 -0.040651
v 4.797455 2.145768 -0.040651
v 4.790639 2.158520 -0.040651
v 4.781466 2.169698 -0.040651
v 4.770288 2.178872 -0.040651
v 4.757535 2.185688 -0.040651
v 4.743698 2.189886 -0.040651
v 4.729307 2.191303 -0.040651
v 4.714917 2.189886 -0.040651
v 4.701079 2.185688 -0.040651
v 4.688326 2.178872 -0.040651
v 4.677149 2.169698 -0.040651
v 4.667975 2.158520 -0.040651
v 4.661159 2.145768 -0.040651
v 4.656961 2.131930 -0.040651
v 4.655544 2.117540 -0.040651
v 4.656961 2.103149 -0.040651
v 4.661159 2.089312 -0.040651
v 4.667975 2.076559 -0.040651
v 4.677149 2.065381 -0.040651
v 4.688326 2.056208 -0.040651
v 4.701079 2.049392 -0.040651
v 4.714917 2.045194 -0.040651
v 4.729307 2.043777 -0.135623
v 4.743698 2.045194 -0.135623
v 4.757535 2.049392 -0.135623
v 4.770288 2.056208 -0.135623
v 4.781466 2.065381 -0.135623
v 4.790639 2.076559 -0.135623
v 4.797455 2.089312 -0.135623
v 4.801653 2.103149 -0.135623
v 4.803071 2.117540 -0.135623
v 4.801653 2.131930 -0.135623
v 4.797455 2.145768 -0.135623
v 4.790639 2.158520 -0.135623
v 4.781466 2.169698 -0.135623
v 4.770288 2.178872 -0.135623
v 4.757535 2.185688 -0.135623
v 4.743698 2.189886 -0.135623
v 4.729307 2.191303 -0.135623
v 4.714917 2.189886 -0.135623
v 4.701079 2.185688 -0.135623
v 4.688326 2.178872 -0.135623
v 4.677149 2.169698 -0.135623
v 4.667975 2.158520 -0.135623
v 4.661159 2.145768 -0.135623
v 4.656961 2.131930 -0.135623
v 4.655544 2.117540 -0.135623
v 4.656961 2.103149 -0.135623
v 4.661159 2.089312 -0.135623
v 4.667975 2.076559 -0.135623
v 4.677149 2.065381 -0.135623
v 4.688326 2.056208 -0.135623
v 4.701079 2.049392 -0.135623
v 4.714917 2.045194 -0.135623
v 4.729307 1.985501 -0.135623
v 4.755066 1.988038 -0.135623
v 4.779836 1.995552 -0.135623
v 4.802664 2.007754 -0.135623
v 4.822673 2.024174 -0.135623
v 4.839093 2.044183 -0.135623
v 4.851295 2.067011 -0.135623
v 4.858809 2.091780 -0.135623
v 4.861346 2.117540 -0.135623
v 4.858809 2.143299 -0.135623
v 4.851295 2.168069 -0.135623
v 4.839093 2.190897 -0.135623
v 4.822673 2.210906 -0.135623
v 4.802664 2.227326 -0.135623
v 4.779836 2.239528 -0.135623
v 4.755066 2.247042 -0.135623
v 4.729307 2.249579 -0.135623
v 4.703547 2.247042 -0.135623
v 4.678778 2.239528 -0.135623
v 4.655950 2.227326 -0.135623
v 4.635942 2.210906 -0.135623
v 4.619521 2.190897 -0.135623
v 4.607319 2.168069 -0.135623
v 4.599805 2.143299 -0.135623
v 4.597268 2.117540 -0.135623
v 4.599805 2.091780 -0.135623
v 4.607319 2.067011 -0.135623
v 4.619521 2.044183 -0.135623
v 4.635942 2.024174 -0.135623
v 4.655950 2.007754 -0.135623
v 4.678778 1.995552 -0.135623
v 4.703547 1.988038 -0.135623
v 4.729307 1.985501 -0.173611
v 4.755066 1.988038 -0.173611
v 4.779836 1.995552 -0.173611
v 4.802664 2.007754 -0.173611
v 4.822673 2.024174 -0.173611
v 4.839093 2.044183 -0.173611
v 4.851295 2.067011 -0.173611
v 4.858809 2.091780 -0.173611
v 4.861346 2.117540 -0.173611
v 4.858809 2.143299 -0.173611
v 4.851295 2.168069 -0.173611
v 4.839093 2.190897 -0.173611
v 4.822673 2.210906 -0.173611
v 4.802664 2.227326 -0.173611
v 4.779836 2.239528 -0.173611
v 4.755066 2.247042 -0.173611
v 4.729307 2.249579 -0.173611
v 4.703547 2.247042 -0.173611
v 4.678778 2.239528 -0.173611
v 4.655950 2.227326 -0.173611
v 4.635942 2.210906 -0.173611
v 4.619521 2.190897 -0.173611
v 4.607319 2.168069 -0.173611
v 4.599805 2.143299 -0.173611
v 4.597268 2.117540 -0.173611
v 4.599805 2.091780 -0.173611
v 4.607319 2.067011 -0.173611
v 4.619521 2.044183 -0.173611
v 4.635942 2.024174 -0.173611
v 4.655950 2.007754 -0.173611
v 4.678778 1.995552 -0.173611
v 4.703547 1.988038 -0.173611
v 4.729307 2.000993 -0.173611
v 4.752044 2.003233 -0.173611
v 4.773908 2.009865 -0.173611
v 4.794057 2.020635 -0.173611
v 4.811718 2.035129 -0.173611
v 4.826212 2.052790 -0.173611
v 4.836982 2.072939 -0.173611
v 4.843614 2.094803 -0.173611
v 4.845853 2.117540 -0.173611
v 4.843614 2.140277 -0.173611
v 4.836982 2.162140 -0.173611
v 4.826212 2.182290 -0.173611
v 4.811718 2.199950 -0.173611
v 4.794057 2.214445 -0.173611
v 4.773908 2.225214 -0.173611
v 4.752044 2.231847 -0.173611
v 4.729307 2.234086 -0.173611
v 4.706570 2.231847 -0.173611
v 4.684707 2.225214 -0.173611
v 4.664557 2.214445 -0.173611
v 4.646896 2.199950 -0.173611
v 4.632402 2.182290 -0.173611
v 4.621633 2.162140 -0.173611
v 4.615000 2.140277 -0.173611
v 4.612761 2.117540 -0.173611
v 4.615000 2.094803 -0.173611
v 4.621633 2.072939 -0.173611
v 4.632402 2.052790 -0.173611
v 4.646896 2.035129 -0.173611
v 4.664557 2.020635 -0.173611
v 4.684707 2.009865 -0.173611
v 4.706570 2.003233 -0.173611
v 4.729307 2.000993 -0.243744
v 4.752044 2.003233 -0.243744
v 4.773908 2.009865 -0.243744
v 4.794057 2.020635 -0.243744
v 4.811718 2.035129 -0.243744
v 4.826212 2.052790 -0.243744
v 4.836982 2.072939 -0.243744
v 4.843614 2.094803 -0.243744
v 4.845853 2.117540 -0.243744
v 4.843614 2.140277 -0.243744
v 4.836982 2.162140 -0.243744
v 4.826212 2.182290 -0.243744
v 4.811718 2.199950 -0.243744
v 4.794057 2.214445 -0.243744
v 4.773908 2.225214 -0.243744
v 4.752044 2.231847 -0.243744
v 4.729307 2.234086 -0.243744
v 4.706570 2.231847 -0.243744
v 4.684707 2.225214 -0.243744
v 4.664557 2.214445 -0.243744
v 4.646896 2.199950 -0.243744
v 4.632402 2.182290 -0.243744
v 4.621633 2.162140 -0.243744
v 4.615000 2.140277 -0.243744
v 4.612761 2.117540 -0.243744
v 4.615000 2.094803 -0.243744
v 4.621633 2.072939 -0.243744
v 4.632402 2.052790 -0.243744
v 4.646896 2.035129 -0.243744
v 4.664557 2.020635 -0.243744
v 4.684707 2.009865 -0.243744
v 4.706570 2.003233 -0.243744
v 4.729307 1.954734 -0.243744
v 4.761069 1.957863 -0.243744
v 4.791610 1.967127 -0.243744
v 4.819757 1.982172 -0.243744
v 4.844428 2.002419 -0.243744
v 4.864675 2.027090 -0.243744
v 4.879720 2.055237 -0.243744
v 4.888984 2.085778 -0.243744
v 4.892113 2.117540 -0.243744
v 4.888984 2.149302 -0.243744
v 4.879720 2.179843 -0.243744
v 4.864675 2.207990 -0.243744
v 4.844428 2.232661 -0.243744
v 4.819757 2.252908 -0.243744
v 4.791610 2.267953 -0.243744
v 4.761069 2.277217 -0.243744
v 4.729307 2.280345 -0.243744
v 4.697545 2.277217 -0.243744
v 4.667004 2.267953 -0.243744
v 4.638857 2.252908 -0.243744
v 4.614186 2.232661 -0.243744
v 4.593939 2.207990 -0.243744
v 4.578894 2.179843 -0.243744
v 4.569630 2.149302 -0.243744
v 4.566502 2.117540 -0.243744
v 4.569630 2.085778 -0.243744
v 4.578894 2.055237 -0.243744
v 4.593939 2.027090 -0.243744
v 4.614186 2.002419 -0.243744
v 4.638857 1.982172 -0.243744
v 4.667004 1.967127 -0.243744
v 4.697545 1.957863 -0.243744
v 4.729307 1.954734 -0.273697
v 4.761069 1.957863 -0.273697
v 4.791610 1.967127 -0.273697
v 4.819757 1.982172 -0.273697
v 4.844428 2.002419 -0.273697
v 4.864675 2.027090 -0.273697
v 4.879720 2.055237 -0.273697
v 4.888984 2.085778 -0.273697
v 4.892113 2.117540 -0.273697
v 4.888984 2.149302 -0.273697
v 4.879720 2.179843 -0.273697
v 4.864675 2.207990 -0.273697
v 4.844428 2.232661 -0.273697
v 4.819757 2.252908 -0.273697
v 4.791610 2.267953 -0.273697
v 4.761069 2.277217 -0.273697
v 4.729307 2.280345 -0.273697
v 4.697545 2.277217 -0.273697
v 4.667004 2.267953 -0.273697
v 4.638857 2.252908 -0.273697
v 4.614186 2.232661 -0.273697
v 4.593939 2.207990 -0.273697
v 4.578894 2.179843 -0.273697
v 4.569630 2.149302 -0.273697
v 4.566502 2.117540 -0.273697
v 4.569630 2.085778 -0.273697
v 4.578894 2.055237 -0.273697
v 4.593939 2.027090 -0.273697
v 4.614186 2.002419 -0.273697
v 4.638857 1.982172 -0.273697
v 4.667004 1.967127 -0.273697
v 4.697545 1.957863 -0.273697
v 4.729307 1.916251 -0.273697
v 4.768577 1.920119 -0.273697
v 4.806337 1.931573 -0.273697
v 4.841137 1.950174 -0.273697
v 4.871640 1.975207 -0.273697
v 4.896673 2.005710 -0.273697
v 4.915274 2.040510 -0.273697
v 4.926728 2.078270 -0.273697
v 4.930596 2.117540 -0.273697
v 4.926728 2.156810 -0.273697
v 4.915274 2.194570 -0.273697
v 4.896673 2.229370 -0.273697
v 4.871640 2.259873 -0.273697
v 4.841137 2.284906 -0.273697
v 4.806337 2.303507 -0.273697
v 4.768577 2.314961 -0.273697
v 4.729307 2.318829 -0.273697
v 4.690038 2.314961 -0.273697
v 4.652277 2.303507 -0.273697
v 4.617477 2.284906 -0.273697
v 4.586974 2.259873 -0.273697
v 4.561941 2.229370 -0.273697
v 4.543340 2.194570 -0.273697
v 4.531886 2.156810 -0.273697
v 4.528018 2.117540 -0.273697
v 4.531886 2.078270 -0.273697
v 4.543340 2.040510 -0.273697
v 4.561941 2.005710 -0.273697
v 4.586974 1.975207 -0.273697
v 4.617477 1.950174 -0.273697
v 4.652277 1.931573 -0.273697
v 4.690038 1.920119 -0.273697
v 4.729307 1.916251 -0.478981
v 4.768577 1.920119 -0.478981
v 4.806337 1.931573 -0.478981
v 4.841137 1.950174 -0.478981
v 4.871640 1.975207 -0.478981
v 4.896673 2.005710 -0.478981
v 4.915274 2.040510 -0.478981
v 4.926728 2.078270 -0.478981
v 4.930596 2.117540 -0.478981
v 4.926728 2.156810 -0.478981
v 4.915274 2.194570 -0.478981
v 4.896673 2.229370 -0.478981
v 4.871640 2.259873 -0.478981
v 4.841137 2.284906 -0.478981
v 4.806337 2.303507 -0.478981
v 4.768577 2.314961 -0.478981
v 4.729307 2.318829 -0.478981
v 4.690038 2.314961 -0.478981
v 4.652277 2.303507 -0.478981
v 4.617477 2.284906 -0.478981
v 4.586974 2.259873 -0.478981
v 4.561941 2.229370 -0.478981
v 4.543340 2.194570 -0.478981
v 4.531886 2.156810 -0.478981
v 4.528018 2.117540 -0.478981
v 4.531886 2.078270 -0.478981
v 4.543340 2.040510 -0.478981
v 4.561941 2.005710 -0.478981
v 4.586974 1.975207 -0.478981
v 4.617477 1.950174 -0.478981
v 4.652277 1.931573 -0.478981
v 4.690038 1.920119 -0.478981
v 4.729307 2.000736 -0.478981
v 4.752094 2.002980 -0.478981
v 4.774006 2.009627 -0.478981
v 4.794200 2.020421 -0.478981
v 4.811900 2.034947 -0.478981
v 4.826426 2.052647 -0.478981
v 4.837220 2.072841 -0.478981
v 4.843867 2.094753 -0.478981
v 4.846111 2.117540 -0.478981
v 4.843867 2.140327 -0.478981
v 4.837220 2.162239 -0.478981
v 4.826426 2.182433 -0.478981
v 4.811900 2.200133 -0.478981
v 4.794200 2.214659 -0.478981
v 4.774006 2.225453 -0.478981
v 4.752094 2.232100 -0.478981
v 4.729307 2.234344 -0.478981
v 4.706520 2.232100 -0.478981
v 4.684608 2.225453 -0.478981
v 4.664414 2.214659 -0.478981
v 4.646714 2.200133 -0.478981
v 4.632188 2.182433 -0.478981
v 4.621394 2.162239 -0.478981
v 4.614748 2.140327 -0.478981
v 4.612503 2.117540 -0.478981
v 4.614748 2.094753 -0.478981
v 4.621394 2.072841 -0.478981
v 4.632188 2.052647 -0.478981
v 4.646714 2.034947 -0.478981
v 4.664414 2.020421 -0.478981
v 4.684608 2.009627 -0.478981
v 4.706520 2.002980 -0.478981
v 4.729307 2.000736 -0.497245
v 4.752094 2.002980 -0.497245
v 4.774006 2.009627 -0.497245
v 4.794200 2.020421 -0.497245
v 4.811900 2.034947 -0.497245
v 4.826426 2.052647 -0.497245
v 4.837220 2.072841 -0.497245
v 4.843867 2.094753 -0.497245
v 4.846111 2.117540 -0.497245
v 4.843867 2.140327 -0.497245
v 4.837220 2.162239 -0.497245
v 4.826426 2.182433 -0.497245
v 4.811900 2.200133 -0.497245
v 4.794200 2.214659 -0.497245
v 4.774006 2.225453 -0.497245
v 4.752094 2.232100 -0.497245
v 4.729307 2.234344 -0.497245
v 4.706520 2.232100 -0.497245
v 4.684608 2.225453 -0.497245
v 4.664414 2.214659 -0.497245
v 4.646714 2.200133 -0.497245
v 4.632188 2.182433 -0.497245
v 4.621394 2.162239 -0.497245
v 4.614748 2.140327 -0.497245
v 4.612503 2.117540 -0.497245
v 4.614748 2.094753 -0.497245
v 4.621394 2.072841 -0.497245
v 4.632188 2.052647 -0.497245
v 4.646714 2.034947 -0.497245
v 4.664414 2.020421 -0.497245
v 4.684608 2.009627 -0.497245
v 4.706520 2.002980 -0.497245
v 4.729307 1.981232 -0.516239
v 4.755899 1.983852 -0.516239
v 4.781470 1.991608 -0.516239
v 4.805036 2.004204 -0.516239
v 4.825691 2.021156 -0.516239
v 4.842643 2.041811 -0.516239
v 4.855239 2.065377 -0.516239
v 4.862996 2.090948 -0.516239
v 4.865614 2.117540 -0.516239
v 4.862996 2.144132 -0.516239
v 4.855239 2.169703 -0.516239
v 4.842643 2.193268 -0.516239
v 4.825691 2.213924 -0.516239
v 4.805036 2.230875 -0.516239
v 4.781470 2.243471 -0.516239
v 4.755899 2.251228 -0.516239
v 4.729307 2.253847 -0.516239
v 4.702715 2.251228 -0.516239
v 4.677145 2.243471 -0.516239
v 4.653579 2.230875 -0.516239
v 4.632923 2.213924 -0.516239
v 4.615972 2.193268 -0.516239
v 4.603375 2.169703 -0.516239
v 4.595619 2.144132 -0.516239
v 4.593000 2.117540 -0.516239
v 4.595619 2.090948 -0.516239
v 4.603375 2.065377 -0.516239
v 4.615972 2.041811 -0.516239
v 4.632923 2.021156 -0.516239
v 4.653579 2.004204 -0.516239
v 4.677145 1.991608 -0.516239
v 4.702715 1.983852 -0.516239
v 4.729307 1.981232 -0.706913
v 4.755899 1.983852 -0.706913
v 4.781470 1.991608 -0.706913
v 4.805036 2.004204 -0.706913
v 4.825691 2.021156 -0.706913
v 4.842643 2.041811 -0.706913
v 4.855239 2.065377 -0.706913
v 4.862996 2.090948 -0.706913
v 4.865614 2.117540 -0.706913
v 4.862996 2.144132 -0.706913
v 4.855239 2.169703 -0.706913
v 4.842643 2.193268 -0.706913
v 4.825691 2.213924 -0.706913
v 4.805036 2.230875 -0.706913
v 4.781470 2.243471 -0.706913
v 4.755899 2.251228 -0.706913
v 4.729307 2.253847 -0.706913
v 4.702715 2.251228 -0.706913
v 4.677145 2.243471 -0.706913
v 4.653579 2.230875 -0.706913
v 4.632923 2.213924 -0.706913
v 4.615972 2.193268 -0.706913
v 4.603375 2.169703 -0.706913
v 4.595619 2.144132 -0.706913
v 4.593000 2.117540 -0.706913
v 4.595619 2.090948 -0.706913
v 4.603375 2.065377 -0.706913
v 4.615972 2.041811 -0.706913
v 4.632923 2.021156 -0.706913
v 4.653579 2.004204 -0.706913
v 4.677145 1.991608 -0.706913
v 4.702715 1.983852 -0.706913
v 4.729307 2.015453 -0.744171
v 4.749223 2.017415 -0.744171
v 4.768374 2.023224 -0.744171
v 4.786023 2.032658 -0.744171
v 4.801493 2.045354 -0.744171
v 4.814189 2.060824 -0.744171
v 4.823623 2.078473 -0.744171
v 4.829432 2.097624 -0.744171
v 4.831394 2.117540 -0.744171
v 4.829432 2.137456 -0.744171
v 4.823623 2.156606 -0.744171
v 4.814189 2.174256 -0.744171
v 4.801493 2.189726 -0.744171
v 4.786023 2.202421 -0.744171
v 4.768374 2.211855 -0.744171
v 4.749223 2.217664 -0.744171
v 4.729307 2.219626 -0.744171
v 4.709391 2.217664 -0.744171
v 4.690240 2.211855 -0.744171
v 4.672591 2.202421 -0.744171
v 4.657121 2.189726 -0.744171
v 4.644425 2.174256 -0.744171
v 4.634992 2.156606 -0.744171
v 4.629182 2.137456 -0.744171
v 4.627221 2.117540 -0.744171
v 4.629182 2.097624 -0.744171
v 4.634992 2.078473 -0.744171
v 4.644425 2.060824 -0.744171
v 4.657121 2.045354 -0.744171
v 4.672591 2.032658 -0.744171
v 4.690240 2.023224 -0.744171
v 4.709391 2.017415 -0.744171
v 4.729307 2.015453 -0.889551
v 4.749223 2.017415 -0.889551
v 4.768374 2.023224 -0.889551
v 4.786024 2.032658 -0.889551
v 4.801493 2.045354 -0.889551
v 4.814189 2.060824 -0.889551
v 4.823623 2.078473 -0.889551
v 4.829432 2.097624 -0.889551
v 4.831394 2.117540 -0.889551
v 4.829432 2.137456 -0.889551
v 4.823623 2.156606 -0.889551
v 4.814189 2.174256 -0.889551
v 4.801493 2.189726 -0.889551
v 4.786024 2.202421 -0.889551
v 4.768374 2.211855 -0.889551
v 4.749223 2.217664 -0.889551
v 4.729307 2.219626 -0.889551
v 4.709391 2.217664 -0.889551
v 4.690240 2.211855 -0.889551
v 4.672591 2.202421 -0.889551
v 4.657121 2.189726 -0.889551
v 4.644425 2.174256 -0.889551
v 4.634992 2.156606 -0.889551
v 4.629182 2.137456 -0.889551
v 4.627221 2.117540 -0.889551
v 4.629182 2.097624 -0.889551
v 4.634992 2.078473 -0.889551
v 4.644425 2.060824 -0.889551
v 4.657121 2.045354 -0.889551
v 4.672591 2.032658 -0.889551
v 4.690240 2.023224 -0.889551
v 4.709391 2.017415 -0.889551
v 4.594504 2.117540 0.668261
v 4.604765 2.065953 0.668261
v 4.597095 2.091241 0.668261
v 4.597095 2.143839 0.668261
v 4.633987 2.212860 0.668261
v 4.617223 2.042648 0.668261
v 4.617223 2.192432 0.668261
v 4.633987 2.022220 0.668261
v 4.604765 2.169127 0.668261
v 4.654415 2.005455 0.668261
v 4.703008 2.249753 0.668261
v 4.677720 2.242081 0.668261
v 4.755606 2.249753 0.668261
v 4.804200 2.229624 0.668261
v 4.824627 2.212860 0.668261
v 4.780894 2.242081 0.668261
v 4.729307 2.252343 0.668261
v 4.654415 2.229624 0.668261
v 4.677720 1.992998 0.668261
v 4.729307 1.982737 0.668261
v 4.703008 1.985327 0.668261
v 4.780894 1.992998 0.668261
v 4.804200 2.005455 0.668261
v 4.755606 1.985327 0.668261
v 4.841392 2.042648 0.668261
v 4.841392 2.192432 0.668261
v 4.864110 2.117540 0.668261
v 4.861520 2.091241 0.668261
v 4.861520 2.143839 0.668261
v 4.853848 2.065953 0.668261
v 4.853848 2.169127 0.668261
v 4.824627 2.022220 0.668261
vn -1.0000 -0.0000 -0.0000
vn 0.7071 -0.0000 -0.7071
vn 0.7071 -0.7071 -0.0000
vn 0.7071 0.7071 -0.0000
vn 0.7071 -0.0000 0.7071
vn 1.0000 -0.0000 -0.0000
vn -0.0000 -0.0000 1.0000
vn -0.0000 1.0000 -0.0000
vn -0.0000 -0.0000 -1.0000
vn -0.0000 -1.0000 -0.0000
vn 0.0980 -0.9952 -0.0000
vn 0.2903 -0.9569 -0.0000
vn 0.4714 -0.8819 -0.0000
vn 0.6344 -0.7730 -0.0000
vn 0.7730 -0.6344 -0.0000
vn 0.8819 -0.4714 -0.0000
vn 0.9569 -0.2903 -0.0000
vn 0.9952 -0.0980 -0.0000
vn 0.9952 0.0980 -0.0000
vn 0.9569 0.2903 -0.0000
vn 0.8819 0.4714 -0.0000
vn 0.7730 0.6344 -0.0000
vn 0.6344 0.7730 -0.0000
vn 0.4714 0.8819 -0.0000
vn 0.2903 0.9569 -0.0000
vn 0.0980 0.9952 -0.0000
vn -0.0980 0.9952 -0.0000
vn -0.2903 0.9569 -0.0000
vn -0.4714 0.8819 -0.0000
vn -0.6344 0.7730 -0.0000
vn -0.7730 0.6344 -0.0000
vn -0.8819 0.4714 -0.0000
vn -0.9569 0.2903 -0.0000
vn -0.9952 0.0980 -0.0000
vn -0.9952 -0.0980 -0.0000
vn -0.9569 -0.2903 -0.0000
vn -0.8819 -0.4714 -0.0000
vn -0.7730 -0.6344 -0.0000
vn -0.6344 -0.7730 -0.0000
vn -0.4714 -0.8819 -0.0000
vn -0.2903 -0.9569 -0.0000
vn -0.0980 -0.9952 -0.0000
vn -0.2030 0.6693 0.7147
vn 0.5407 -0.4437 0.7147
vn -0.0686 -0.6961 0.7147
vn -0.3297 0.6168 0.7147
vn 0.6168 -0.3297 0.7147
vn -0.4437 0.5407 0.7147
vn 0.6693 -0.2030 0.7147
vn -0.5407 0.4437 0.7147
vn 0.6960 -0.0686 0.7147
vn -0.6168 0.3297 0.7147
vn 0.6960 0.0686 0.7147
vn -0.6693 0.2030 0.7147
vn 0.6693 0.2030 0.7147
vn -0.6960 0.0686 0.7147
vn 0.6168 0.3297 0.7147
vn -0.6960 -0.0686 0.7147
vn 0.5407 0.4437 0.7147
vn -0.6693 -0.2030 0.7147
vn 0.4437 0.5407 0.7147
vn -0.6168 -0.3297 0.7147
vn 0.3297 0.6168 0.7147
vn 0.0686 -0.6961 0.7147
vn -0.5407 -0.4437 0.7147
vn 0.2030 0.6693 0.7147
vn 0.2030 -0.6693 0.7147
vn -0.4437 -0.5407 0.7147
vn 0.0686 0.6961 0.7147
vn 0.3297 -0.6168 0.7147
vn -0.3297 -0.6168 0.7147
vn -0.0686 0.6961 0.7147
vn 0.4437 -0.5407 0.7147
vn -0.2030 -0.6693 0.7147
vn -0.7346 0.0723 -0.6747
vn 0.6510 0.3479 -0.6747
vn -0.7346 -0.0723 -0.6747
vn 0.5706 0.4683 -0.6747
vn -0.7063 -0.2143 -0.6747
vn 0.4683 0.5706 -0.6747
vn -0.6510 -0.3479 -0.6747
vn 0.3479 0.6509 -0.6747
vn 0.0724 -0.7345 -0.6747
vn -0.5706 -0.4683 -0.6747
vn 0.2143 0.7063 -0.6747
vn 0.2143 -0.7063 -0.6747
vn -0.4683 -0.5706 -0.6747
vn 0.0723 0.7346 -0.6747
vn 0.3479 -0.6509 -0.6747
vn -0.3479 -0.6510 -0.6747
vn -0.0723 0.7346 -0.6747
vn 0.4683 -0.5706 -0.6747
vn -0.2143 -0.7063 -0.6747
vn -0.2143 0.7063 -0.6747
vn 0.5706 -0.4683 -0.6747
vn -0.0724 -0.7346 -0.6747
vn -0.3479 0.6510 -0.6747
vn 0.6510 -0.3479 -0.6747
vn -0.4683 0.5706 -0.6747
vn 0.7063 -0.2143 -0.6747
vn -0.5706 0.4683 -0.6747
vn 0.7346 -0.0723 -0.6747
vn -0.6510 0.3479 -0.6747
vn 0.7346 0.0723 -0.6747
vn -0.7063 0.2143 -0.6747
vn 0.7063 0.2143 -0.6747
vt 0.375000 0.093235
vt 0.625000 0.093235
vt 0.625000 0.250000
vt 0.375000 0.250000
vt 0.615895 0.502943
vt 0.384105 0.502943
vt 0.369120 0.494120
vt 0.630880 0.494120
vt 0.369120 0.658259
vt 0.384105 0.656017
vt 0.630880 0.658259
vt 0.630880 0.755880
vt 0.615895 0.747057
vt 0.615895 0.656017
vt 0.369120 0.755880
vt 0.384105 0.747057
vt 0.351468 0.662617
vt 0.351468 0.750988
vt 0.625000 1.000000
vt 0.375000 1.000000
vt 0.875000 0.656765
vt 0.875000 0.750000
vt 0.582024 0.358313
vt 0.599784 0.460628
vt 0.605725 0.451122
vt 0.610032 0.440277
vt 0.612558 0.428508
vt 0.613221 0.416270
vt 0.612009 0.404032
vt 0.608977 0.392263
vt 0.604247 0.381418
vt 0.598008 0.371912
vt 0.590504 0.364110
vt 0.572889 0.354744
vt 0.563441 0.353538
vt 0.554028 0.354744
vt 0.544998 0.358313
vt 0.536686 0.364110
vt 0.529400 0.371912
vt 0.523418 0.381418
vt 0.518972 0.392264
vt 0.516241 0.404032
vt 0.515343 0.416270
vt 0.516325 0.428508
vt 0.519164 0.440276
vt 0.523761 0.451122
vt 0.529943 0.460628
vt 0.537476 0.468430
vt 0.546067 0.474227
vt 0.555381 0.477797
vt 0.565055 0.479002
vt 0.574708 0.477797
vt 0.583957 0.474227
vt 0.592430 0.468430
vt 0.875000 0.500000
vt 0.125000 0.500000
vt 0.125000 0.656765
vt 0.375000 0.000000
vt 0.625000 0.000000
vt 0.142652 0.661231
vt 0.142652 0.746067
vt 0.125000 0.750000
vt 1.000000 0.500000
vt 1.000000 1.000000
vt 0.968750 1.000000
vt 0.968750 0.500000
vt 0.937500 1.000000
vt 0.937500 0.500000
vt 0.906250 1.000000
vt 0.906250 0.500000
vt 0.875000 1.000000
vt 0.843750 1.000000
vt 0.843750 0.500000
vt 0.812500 1.000000
vt 0.812500 0.500000
vt 0.781250 1.000000
vt 0.781250 0.500000
vt 0.750000 1.000000
vt 0.750000 0.500000
vt 0.718750 1.000000
vt 0.718750 0.500000
vt 0.687500 1.000000
vt 0.687500 0.500000
vt 0.656250 1.000000
vt 0.656250 0.500000
vt 0.625000 0.500000
vt 0.593750 1.000000
vt 0.593750 0.500000
vt 0.562500 1.000000
vt 0.562500 0.500000
vt 0.531250 1.000000
vt 0.531250 0.500000
vt 0.500000 1.000000
vt 0.500000 0.500000
vt 0.468750 1.000000
vt 0.468750 0.500000
vt 0.437500 1.000000
vt 0.437500 0.500000
vt 0.406250 1.000000
vt 0.406250 0.500000
vt 0.375000 0.500000
vt 0.343750 1.000000
vt 0.343750 0.500000
vt 0.312500 1.000000
vt 0.312500 0.500000
vt 0.281250 1.000000
vt 0.281250 0.500000
vt 0.250000 1.000000
vt 0.250000 0.500000
vt 0.218750 1.000000
vt 0.218750 0.500000
vt 0.187500 1.000000
vt 0.187500 0.500000
vt 0.156250 1.000000
vt 0.156250 0.500000
vt 0.125000 1.000000
vt 0.093750 1.000000
vt 0.093750 0.500000
vt 0.062500 1.000000
vt 0.062500 0.500000
vt 0.687500 1.000000
vt 0.031250 1.000000
vt 0.031250 0.500000
vt 0.000000 1.000000
vt 0.000000 0.500000
vt 0.968750 0.500000
vt 0.432571 1.000000
vt 0.823713 1.000000
vt 0.966434 1.000000
vt 0.398085 1.000000
vt 0.932571 1.000000
vt 0.362337 1.000000
vt 0.898085 1.000000
vt 0.323711 1.000000
vt 0.466434 1.000000
vt 0.862337 1.000000
vt 0.964241 1.000000
vt 0.927903 1.000000
vt 0.890354 1.000000
vt 0.464241 1.000000
vt 0.850347 1.000000
vt 0.427903 1.000000
vt 0.390354 1.000000
vt 0.350348 1.000000
vt 0.526106 1.000000
vt 0.077219 1.000000
vt 0.052006 1.000000
vt 0.843750 1.000000
vt 0.026106 1.000000
vt 0.600996 1.000000
vt 0.577219 1.000000
vt 0.552006 1.000000
vt 0.100996 1.000000
vt 0.538763 1.000000
vt 0.519614 1.000000
vt 0.038763 1.000000
vt 0.019614 1.000000
vt 0.406250 1.000000
vt 0.943075 1.000000
vt 0.443074 1.000000
vt 0.781250 1.000000
vt 0.718750 1.000000
vt 0.218750 1.000000
vt 0.631735 1.000000
vt 0.607891 1.000000
vt 0.581968 1.000000
vt 0.131735 1.000000
vt 0.555020 1.000000
vt 0.107890 1.000000
vt 0.527584 1.000000
vt 0.081967 1.000000
vt 0.055020 1.000000
vt 0.027583 1.000000
vt 0.781250 1.000000
vt 0.379168 1.000000
vt 0.961068 1.000000
vt 0.921150 1.000000
vt 0.879168 1.000000
vt 0.461068 1.000000
vt 0.421149 1.000000
vt 0.535743 1.000000
vt 0.518134 1.000000
vt 0.035744 1.000000
vt 0.018134 1.000000
vt 0.718750 1.000000
vt 0.656250 1.000000
vt 0.028269 0.341844
vt 0.014612 0.296822
vt 0.010000 0.250000
vt 0.050447 0.383337
vt 0.080294 0.419706
vt 0.116663 0.449553
vt 0.158156 0.471731
vt 0.203178 0.485388
vt 0.250000 0.490000
vt 0.296822 0.485388
vt 0.341844 0.471731
vt 0.383337 0.050447
vt 0.419706 0.080294
vt 0.449553 0.116663
vt 0.471731 0.158156
vt 0.485388 0.203178
vt 0.490000 0.250000
s 0
f 4986/1352/187 4976/1353/187 4956/1354/187 4954/1355/187
f 4970/1356/188 4966/1357/188 4968/1358/188 4972/1359/188
f 4992/1360/189 4968/1358/189 4966/1357/189 4980/1361/189
f 4983/1362/190 4962/1363/190 4964/1364/190 4985/1365/190
f 4962/1363/191 4990/1366/191 4959/1367/191 4964/1364/191
f 4978/1368/192 4960/1369/192 4998/1369/192 5000/1368/192
f 4980/1361/192 4985/1365/192 4964/1364/192 4959/1367/192
f 4990/1366/193 4962/1363/193 4952/1370/193 4989/1371/193
f 4983/1362/194 4976/1372/194 4952/1373/194 4962/1363/194
f 5792/1374/195 4956/1354/195 4972/1359/195 5798/1375/195 5797/1376/195 5799/1377/195 5796/1378/195 5800/1379/195 5794/1380/195 5795/1381/195 5801/1382/195 5788/1383/195 5790/1384/195
f 5798/1375/195 4972/1359/195 4968/1358/195 4954/1355/195 4956/1354/195 5792/1374/195 5787/1385/195 5784/1386/195 5786/1387/195 5785/1388/195 5789/1389/195 5791/1390/195 5793/1391/195 5802/1392/195 5804/1393/195 5803/1394/195 5807/1395/195 5805/1396/195 5806/1397/195 5815/1398/195 5808/1399/195 5813/1400/195 5811/1401/195 5810/1402/195 5812/1403/195 5814/1404/195 5809/1405/195
f 4972/1359/194 4956/1406/194 4976/1372/194 4983/1362/194
f 4966/1357/192 4970/1356/192 4985/1365/192 4980/1361/192
f 4954/1407/196 4968/1358/196 4992/1360/196 4986/1408/196
f 4972/1359/190 4983/1362/190 4985/1365/190 4970/1356/190
f 4990/1366/189 4992/1360/189 4980/1361/189 4959/1367/189
f 4989/1409/187 4952/1410/187 4976/1353/187 4986/1352/187
f 4974/1411/196 4950/1412/196 4989/1413/196 4986/1408/196
f 4950/1412/196 4960/1369/196 4990/1366/196 4989/1413/196
f 4960/1369/196 4978/1368/196 4992/1360/196 4990/1366/196
f 4978/1368/196 4974/1411/196 4986/1408/196 4992/1360/196
f 4994/1411/194 5000/1368/194 5008/1368/194 5002/1411/194
f 4950/1412/187 4974/1411/187 4994/1411/187 4997/1412/187
f 4974/1411/195 4978/1368/195 5000/1368/195 4994/1411/195
f 4960/1369/193 4950/1412/193 4997/1412/193 4998/1369/193
f 5008/1368/192 5006/1369/192 5015/1369/192 5017/1368/192
f 4998/1369/194 4997/1412/194 5005/1412/194 5006/1369/194
f 5000/1368/194 4998/1369/194 5006/1369/194 5008/1368/194
f 4997/1412/194 4994/1411/194 5002/1411/194 5005/1412/194
f 5010/1411/196 5017/1368/196 5015/1369/196 5013/1412/196
f 5005/1412/187 5002/1411/187 5010/1411/187 5013/1412/187
f 5002/1411/195 5008/1368/195 5017/1368/195 5010/1411/195
f 5006/1369/193 5005/1412/193 5013/1412/193 5015/1369/193
f 4951/1414/197 4953/1415/197 4957/1416/197 4955/1417/197
f 4955/1417/198 4957/1416/198 4961/1418/198 4958/1419/198
f 4958/1419/199 4961/1418/199 4965/1420/199 4963/1421/199
f 4963/1421/200 4965/1420/200 4969/1422/200 4967/1406/200
f 4967/1406/201 4969/1422/201 4973/1423/201 4971/1424/201
f 4971/1424/202 4973/1423/202 4977/1425/202 4975/1426/202
f 4975/1426/203 4977/1425/203 4981/1427/203 4979/1428/203
f 4979/1428/204 4981/1427/204 4984/1429/204 4982/1430/204
f 4982/1430/205 4984/1429/205 4988/1431/205 4987/1432/205
f 4987/1432/206 4988/1431/206 4993/1433/206 4991/1434/206
f 4991/1434/207 4993/1433/207 4996/1435/207 4995/1436/207
f 4995/1436/208 4996/1435/208 5001/1370/208 4999/1437/208
f 4999/1437/209 5001/1370/209 5004/1438/209 5003/1439/209
f 5003/1439/210 5004/1438/210 5009/1440/210 5007/1441/210
f 5007/1441/211 5009/1440/211 5012/1442/211 5011/1443/211
f 5011/1443/212 5012/1442/212 5016/1444/212 5014/1445/212
f 5014/1445/213 5016/1444/213 5019/1446/213 5018/1447/213
f 5018/1447/214 5019/1446/214 5021/1448/214 5020/1449/214
f 5020/1449/215 5021/1448/215 5023/1450/215 5022/1451/215
f 5022/1451/216 5023/1450/216 5025/1371/216 5024/1452/216
f 5024/1452/217 5025/1371/217 5027/1453/217 5026/1454/217
f 5026/1454/218 5027/1453/218 5029/1455/218 5028/1456/218
f 5028/1456/219 5029/1455/219 5031/1457/219 5030/1458/219
f 5030/1458/220 5031/1457/220 5033/1459/220 5032/1460/220
f 5032/1460/221 5033/1459/221 5035/1461/221 5034/1462/221
f 5034/1462/222 5035/1461/222 5037/1463/222 5036/1464/222
f 5036/1464/223 5037/1463/223 5039/1465/223 5038/1466/223
f 5038/1466/224 5039/1465/224 5041/1467/224 5040/1407/224
f 5040/1407/225 5041/1467/225 5043/1468/225 5042/1469/225
f 5042/1469/226 5043/1468/226 5045/1470/226 5044/1471/226
f 4993/1433/193 4988/1472/193 5089/1431/193 5090/1433/193
f 5044/1471/227 5045/1470/227 5047/1473/227 5046/1474/227
f 5046/1474/228 5047/1473/228 4953/1475/228 4951/1476/228
f 4971/1424/195 4975/1426/195 5054/1426/195 5053/1424/195
f 5803/1414/197 5048/1414/197 5049/1417/197 5807/1477/197
f 5007/1441/195 5011/1443/195 5063/1443/195 5062/1441/195
f 5030/1458/195 5032/1458/195 5072/1460/195 5071/1458/195
f 4955/1417/195 4958/1419/195 5050/1419/195 5049/1417/195
f 4991/1434/195 4995/1436/195 5059/1436/195 5058/1434/195
f 5022/1451/195 5024/1452/195 5068/1452/195 5067/1451/195
f 5040/1407/195 5042/1469/195 5077/1469/195 5076/1407/195
f 4975/1426/195 4979/1426/195 5055/1428/195 5054/1426/195
f 5011/1443/195 5014/1445/195 5064/1445/195 5063/1443/195
f 5032/1460/195 5034/1462/195 5073/1460/195 5072/1460/195
f 4958/1419/195 4963/1421/195 5051/1421/195 5050/1419/195
f 4995/1436/195 4999/1437/195 5060/1437/195 5059/1436/195
f 5024/1452/195 5026/1454/195 5069/1454/195 5068/1452/195
f 5042/1469/195 5044/1471/195 5078/1471/195 5077/1469/195
f 4979/1428/195 4982/1428/195 5056/1430/195 5055/1428/195
f 5014/1445/195 5018/1447/195 5065/1447/195 5064/1445/195
f 5034/1462/195 5036/1464/195 5074/1462/195 5073/1462/195
f 4963/1421/195 4967/1406/195 5052/1406/195 5051/1421/195
f 4999/1437/195 5003/1439/195 5061/1439/195 5060/1437/195
f 5026/1454/195 5028/1456/195 5070/1456/195 5069/1454/195
f 5044/1471/195 5046/1474/195 5079/1474/195 5078/1471/195
f 4982/1430/195 4987/1432/195 5057/1430/195 5056/1430/195
f 5018/1447/195 5020/1449/195 5066/1449/195 5065/1447/195
f 5036/1464/195 5038/1466/195 5075/1466/195 5074/1464/195
f 4967/1406/195 4971/1424/195 5053/1424/195 5052/1406/195
f 5003/1439/195 5007/1441/195 5062/1441/195 5061/1439/195
f 5028/1456/195 5030/1456/195 5071/1458/195 5070/1456/195
f 4951/1414/195 4955/1417/195 5049/1417/195 5048/1414/195
f 5046/1474/195 4951/1476/195 5048/1476/195 5079/1474/195
f 4987/1432/195 4991/1434/195 5058/1432/195 5057/1432/195
f 5020/1449/195 5022/1451/195 5067/1451/195 5066/1449/195
f 5038/1466/195 5040/1407/195 5076/1407/195 5075/1466/195
f 5789/1466/224 5075/1466/224 5076/1407/224 5791/1407/224
f 5799/1441/211 5062/1441/211 5063/1443/211 5796/1443/211
f 5807/1477/198 5049/1417/198 5050/1419/198 5805/1419/198
f 5791/1407/225 5076/1407/225 5077/1469/225 5793/1469/225
f 5796/1443/212 5063/1443/212 5064/1445/212 5800/1445/212
f 5805/1419/199 5050/1419/199 5051/1421/199 5806/1421/199
f 5793/1469/226 5077/1469/226 5078/1471/226 5802/1471/226
f 5800/1445/213 5064/1445/213 5065/1447/213 5794/1447/213
f 5806/1421/200 5051/1421/200 5052/1406/200 5815/1406/200
f 5802/1471/227 5078/1471/227 5079/1474/227 5804/1474/227
f 5794/1447/214 5065/1447/214 5066/1449/214 5795/1449/214
f 5815/1406/201 5052/1406/201 5053/1424/201 5808/1424/201
f 5804/1474/228 5079/1474/228 5048/1476/228 5803/1476/228
f 5795/1449/215 5066/1449/215 5067/1451/215 5801/1451/215
f 5808/1424/202 5053/1424/202 5054/1426/202 5813/1426/202
f 5801/1451/216 5067/1451/216 5068/1452/216 5788/1452/216
f 5813/1426/203 5054/1426/203 5055/1428/203 5811/1428/203
f 5788/1452/217 5068/1452/217 5069/1454/217 5790/1454/217
f 5811/1428/204 5055/1428/204 5056/1430/204 5810/1430/204
f 5790/1454/218 5069/1454/218 5070/1456/218 5792/1456/218
f 5810/1430/205 5056/1430/205 5057/1432/205 5812/1432/205
f 5792/1456/219 5070/1456/219 5071/1458/219 5787/1458/219
f 5812/1432/206 5057/1432/206 5058/1434/206 5814/1434/206
f 5787/1458/220 5071/1458/220 5072/1460/220 5784/1460/220
f 5814/1434/207 5058/1434/207 5059/1436/207 5809/1436/207
f 5784/1460/221 5072/1460/221 5073/1462/221 5786/1462/221
f 5809/1436/208 5059/1436/208 5060/1437/208 5798/1437/208
f 5786/1462/222 5073/1462/222 5074/1464/222 5785/1464/222
f 5798/1437/209 5060/1437/209 5061/1439/209 5797/1439/209
f 5785/1464/223 5074/1464/223 5075/1466/223 5789/1466/223
f 5797/1439/210 5061/1439/210 5062/1441/210 5799/1441/210
f 5087/1427/203 5086/1425/203 5118/1425/203 5119/1427/203
f 5023/1450/193 5021/1448/193 5098/1478/193 5099/1450/193
f 5041/1467/193 5039/1465/193 5107/1465/193 5108/1467/193
f 4977/1425/193 4973/1423/193 5085/1479/193 5086/1425/193
f 5012/1442/193 5009/1440/193 5094/1440/193 5095/1442/193
f 5033/1459/193 5031/1457/193 5103/1459/193 5104/1459/193
f 4961/1418/193 4957/1416/193 5081/1480/193 5082/1418/193
f 4996/1435/193 4993/1433/193 5090/1433/193 5091/1435/193
f 5025/1371/193 5023/1450/193 5099/1481/193 5100/1371/193
f 5043/1468/193 5041/1467/193 5108/1467/193 5109/1468/193
f 4981/1427/193 4977/1425/193 5086/1427/193 5087/1427/193
f 5016/1444/193 5012/1442/193 5095/1442/193 5096/1444/193
f 5035/1461/193 5033/1461/193 5104/1459/193 5105/1461/193
f 4965/1420/193 4961/1418/193 5082/1482/193 5083/1420/193
f 5001/1370/193 4996/1435/193 5091/1435/193 5092/1370/193
f 5027/1453/193 5025/1371/193 5100/1483/193 5101/1453/193
f 5045/1470/193 5043/1468/193 5109/1468/193 5110/1470/193
f 4984/1429/193 4981/1427/193 5087/1429/193 5088/1429/193
f 5019/1446/193 5016/1444/193 5096/1444/193 5097/1446/193
f 5037/1463/193 5035/1463/193 5105/1461/193 5106/1463/193
f 4969/1422/193 4965/1420/193 5083/1484/193 5084/1422/193
f 5004/1438/193 5001/1370/193 5092/1370/193 5093/1438/193
f 5029/1455/193 5027/1453/193 5101/1485/193 5102/1455/193
f 5047/1473/193 5045/1470/193 5110/1470/193 5111/1473/193
f 4988/1431/193 4984/1431/193 5088/1429/193 5089/1431/193
f 5021/1448/193 5019/1446/193 5097/1486/193 5098/1448/193
f 5039/1465/193 5037/1463/193 5106/1463/193 5107/1465/193
f 4973/1423/193 4969/1422/193 5084/1487/193 5085/1423/193
f 5009/1440/193 5004/1438/193 5093/1438/193 5094/1440/193
f 5031/1457/193 5029/1455/193 5102/1457/193 5103/1457/193
f 4957/1416/193 4953/1415/193 5080/1415/193 5081/1416/193
f 4953/1475/193 5047/1473/193 5111/1473/193 5080/1475/193
f 5122/1433/193 5121/1433/193 5153/1431/193 5154/1433/193
f 5101/1453/217 5100/1371/217 5132/1371/217 5133/1453/217
f 5088/1429/204 5087/1427/204 5119/1427/204 5120/1429/204
f 5102/1455/218 5101/1453/218 5133/1453/218 5134/1455/218
f 5089/1431/205 5088/1429/205 5120/1429/205 5121/1431/205
f 5103/1457/219 5102/1455/219 5134/1455/219 5135/1457/219
f 5090/1433/206 5089/1431/206 5121/1431/206 5122/1433/206
f 5104/1459/220 5103/1457/220 5135/1457/220 5136/1459/220
f 5091/1435/207 5090/1433/207 5122/1433/207 5123/1435/207
f 5105/1461/221 5104/1459/221 5136/1459/221 5137/1461/221
f 5092/1370/208 5091/1435/208 5123/1435/208 5124/1370/208
f 5106/1463/222 5105/1461/222 5137/1461/222 5138/1463/222
f 5093/1438/209 5092/1370/209 5124/1370/209 5125/1438/209
f 5107/1465/223 5106/1463/223 5138/1463/223 5139/1465/223
f 5094/1440/210 5093/1438/210 5125/1438/210 5126/1440/210
f 5081/1416/197 5080/1415/197 5112/1415/197 5113/1416/197
f 5108/1467/224 5107/1465/224 5139/1465/224 5140/1467/224
f 5095/1442/211 5094/1440/211 5126/1440/211 5127/1442/211
f 5082/1418/198 5081/1416/198 5113/1416/198 5114/1418/198
f 5109/1468/225 5108/1467/225 5140/1467/225 5141/1468/225
f 5096/1444/212 5095/1442/212 5127/1442/212 5128/1444/212
f 5083/1420/199 5082/1418/199 5114/1418/199 5115/1420/199
f 5110/1470/226 5109/1468/226 5141/1468/226 5142/1470/226
f 5097/1446/213 5096/1444/213 5128/1444/213 5129/1446/213
f 5084/1422/200 5083/1420/200 5115/1420/200 5116/1422/200
f 5111/1473/227 5110/1470/227 5142/1470/227 5143/1473/227
f 5098/1448/214 5097/1446/214 5129/1446/214 5130/1448/214
f 5085/1423/201 5084/1422/201 5116/1422/201 5117/1423/201
f 5080/1475/228 5111/1473/228 5143/1473/228 5112/1475/228
f 5099/1450/215 5098/1448/215 5130/1448/215 5131/1450/215
f 5086/1425/202 5085/1423/202 5117/1423/202 5118/1425/202
f 5100/1371/216 5099/1450/216 5131/1450/216 5132/1371/216
f 5157/1438/209 5156/1370/209 5188/1370/209 5189/1438/209
f 5136/1459/193 5135/1457/193 5167/1459/193 5168/1459/193
f 5123/1435/193 5122/1435/193 5154/1433/193 5155/1435/193
f 5137/1461/193 5136/1461/193 5168/1459/193 5169/1461/193
f 5124/1370/193 5123/1435/193 5155/1435/193 5156/1370/193
f 5138/1463/193 5137/1463/193 5169/1461/193 5170/1463/193
f 5125/1438/193 5124/1370/193 5156/1370/193 5157/1438/193
f 5139/1465/193 5138/1465/193 5170/1463/193 5171/1465/193
f 5126/1440/193 5125/1438/193 5157/1438/193 5158/1440/193
f 5113/1416/193 5112/1415/193 5144/1415/193 5145/1416/193
f 5140/1467/193 5139/1465/193 5171/1465/193 5172/1467/193
f 5127/1442/193 5126/1440/193 5158/1440/193 5159/1442/193
f 5114/1418/193 5113/1416/193 5145/1488/193 5146/1418/193
f 5141/1468/193 5140/1467/193 5172/1467/193 5173/1468/193
f 5128/1444/193 5127/1442/193 5159/1442/193 5160/1444/193
f 5115/1420/193 5114/1418/193 5146/1489/193 5147/1420/193
f 5142/1470/193 5141/1468/193 5173/1468/193 5174/1470/193
f 5129/1446/193 5128/1444/193 5160/1444/193 5161/1446/193
f 5116/1422/193 5115/1420/193 5147/1490/193 5148/1422/193
f 5143/1473/193 5142/1470/193 5174/1470/193 5175/1473/193
f 5130/1448/193 5129/1446/193 5161/1491/193 5162/1448/193
f 5117/1423/193 5116/1422/193 5148/1492/193 5149/1423/193
f 5112/1475/193 5143/1473/193 5175/1473/193 5144/1475/193
f 5131/1450/193 5130/1448/193 5162/1493/193 5163/1450/193
f 5118/1425/193 5117/1423/193 5149/1425/193 5150/1425/193
f 5132/1371/193 5131/1450/193 5163/1494/193 5164/1371/193
f 5119/1427/193 5118/1425/193 5150/1427/193 5151/1427/193
f 5133/1453/193 5132/1371/193 5164/1495/193 5165/1453/193
f 5120/1429/193 5119/1427/193 5151/1429/193 5152/1429/193
f 5134/1455/193 5133/1453/193 5165/1455/193 5166/1455/193
f 5121/1431/193 5120/1431/193 5152/1429/193 5153/1431/193
f 5135/1457/193 5134/1455/193 5166/1457/193 5167/1457/193
f 5192/1444/195 5191/1442/195 5223/1496/195 5224/1444/195
f 5171/1465/223 5170/1463/223 5202/1463/223 5203/1465/223
f 5158/1440/210 5157/1438/210 5189/1438/210 5190/1440/210
f 5145/1416/197 5144/1415/197 5176/1415/197 5177/1416/197
f 5172/1467/224 5171/1465/224 5203/1465/224 5204/1467/224
f 5159/1442/211 5158/1440/211 5190/1440/211 5191/1442/211
f 5146/1418/198 5145/1416/198 5177/1416/198 5178/1418/198
f 5173/1468/225 5172/1467/225 5204/1467/225 5205/1468/225
f 5160/1444/212 5159/1442/212 5191/1442/212 5192/1444/212
f 5147/1420/199 5146/1418/199 5178/1418/199 5179/1420/199
f 5174/1470/226 5173/1468/226 5205/1468/226 5206/1470/226
f 5161/1446/213 5160/1444/213 5192/1444/213 5193/1446/213
f 5148/1422/200 5147/1420/200 5179/1420/200 5180/1422/200
f 5175/1473/227 5174/1470/227 5206/1470/227 5207/1473/227
f 5162/1448/214 5161/1446/214 5193/1446/214 5194/1448/214
f 5149/1423/201 5148/1422/201 5180/1422/201 5181/1423/201
f 5144/1475/228 5175/1473/228 5207/1473/228 5176/1475/228
f 5163/1450/215 5162/1448/215 5194/1448/215 5195/1450/215
f 5150/1425/202 5149/1423/202 5181/1423/202 5182/1425/202
f 5164/1371/216 5163/1450/216 5195/1450/216 5196/1371/216
f 5151/1427/203 5150/1425/203 5182/1425/203 5183/1427/203
f 5165/1453/217 5164/1371/217 5196/1371/217 5197/1453/217
f 5152/1429/204 5151/1427/204 5183/1427/204 5184/1429/204
f 5166/1455/218 5165/1453/218 5197/1453/218 5198/1455/218
f 5153/1431/205 5152/1429/205 5184/1429/205 5185/1431/205
f 5167/1457/219 5166/1455/219 5198/1455/219 5199/1457/219
f 5154/1433/206 5153/1431/206 5185/1431/206 5186/1433/206
f 5168/1459/220 5167/1457/220 5199/1457/220 5200/1459/220
f 5155/1435/207 5154/1433/207 5186/1433/207 5187/1435/207
f 5169/1461/221 5168/1459/221 5200/1459/221 5201/1461/221
f 5156/1370/208 5155/1435/208 5187/1435/208 5188/1370/208
f 5170/1463/222 5169/1461/222 5201/1461/222 5202/1463/222
f 5227/1450/215 5226/1448/215 5258/1448/215 5259/1450/215
f 5179/1420/195 5178/1418/195 5210/1418/195 5211/1420/195
f 5206/1470/195 5205/1468/195 5237/1497/195 5238/1470/195
f 5193/1446/195 5192/1444/195 5224/1444/195 5225/1446/195
f 5180/1422/195 5179/1420/195 5211/1420/195 5212/1422/195
f 5207/1473/195 5206/1470/195 5238/1498/195 5239/1473/195
f 5194/1448/195 5193/1446/195 5225/1446/195 5226/1448/195
f 5181/1423/195 5180/1499/195 5212/1422/195 5213/1423/195
f 5176/1475/195 5207/1473/195 5239/1500/195 5208/1475/195
f 5195/1450/195 5194/1448/195 5226/1448/195 5227/1450/195
f 5182/1425/195 5181/1425/195 5213/1423/195 5214/1425/195
f 5196/1371/195 5195/1450/195 5227/1450/195 5228/1371/195
f 5183/1427/195 5182/1427/195 5214/1425/195 5215/1427/195
f 5197/1453/195 5196/1453/195 5228/1371/195 5229/1453/195
f 5184/1429/195 5183/1429/195 5215/1427/195 5216/1429/195
f 5198/1455/195 5197/1455/195 5229/1453/195 5230/1455/195
f 5185/1431/195 5184/1429/195 5216/1431/195 5217/1431/195
f 5199/1457/195 5198/1457/195 5230/1455/195 5231/1457/195
f 5186/1433/195 5185/1431/195 5217/1433/195 5218/1433/195
f 5200/1459/195 5199/1459/195 5231/1457/195 5232/1459/195
f 5187/1435/195 5186/1433/195 5218/1435/195 5219/1435/195
f 5201/1461/195 5200/1459/195 5232/1461/195 5233/1461/195
f 5188/1370/195 5187/1435/195 5219/1370/195 5220/1370/195
f 5202/1463/195 5201/1461/195 5233/1463/195 5234/1463/195
f 5189/1438/195 5188/1370/195 5220/1501/195 5221/1438/195
f 5203/1465/195 5202/1463/195 5234/1465/195 5235/1465/195
f 5190/1440/195 5189/1438/195 5221/1502/195 5222/1440/195
f 5177/1416/195 5176/1415/195 5208/1415/195 5209/1416/195
f 5204/1467/195 5203/1465/195 5235/1467/195 5236/1467/195
f 5191/1442/195 5190/1440/195 5222/1503/195 5223/1442/195
f 5178/1418/195 5177/1416/195 5209/1416/195 5210/1418/195
f 5205/1468/195 5204/1467/195 5236/1504/195 5237/1468/195
f 5262/1455/195 5261/1455/195 5293/1453/195 5294/1455/195
f 5214/1425/202 5213/1423/202 5245/1423/202 5246/1425/202
f 5228/1371/216 5227/1450/216 5259/1450/216 5260/1371/216
f 5215/1427/203 5214/1425/203 5246/1425/203 5247/1427/203
f 5229/1453/217 5228/1371/217 5260/1371/217 5261/1453/217
f 5216/1429/204 5215/1427/204 5247/1427/204 5248/1429/204
f 5230/1455/218 5229/1453/218 5261/1453/218 5262/1455/218
f 5217/1431/205 5216/1429/205 5248/1429/205 5249/1431/205
f 5231/1457/219 5230/1455/219 5262/1455/219 5263/1457/219
f 5218/1433/206 5217/1431/206 5249/1431/206 5250/1433/206
f 5232/1459/220 5231/1457/220 5263/1457/220 5264/1459/220
f 5219/1435/207 5218/1433/207 5250/1433/207 5251/1435/207
f 5233/1461/221 5232/1459/221 5264/1459/221 5265/1461/221
f 5220/1370/208 5219/1435/208 5251/1435/208 5252/1370/208
f 5234/1463/222 5233/1461/222 5265/1461/222 5266/1463/222
f 5221/1438/209 5220/1370/209 5252/1370/209 5253/1438/209
f 5235/1465/223 5234/1463/223 5266/1463/223 5267/1465/223
f 5222/1440/210 5221/1438/210 5253/1438/210 5254/1440/210
f 5209/1416/197 5208/1415/197 5240/1415/197 5241/1416/197
f 5236/1467/224 5235/1465/224 5267/1465/224 5268/1467/224
f 5223/1442/211 5222/1440/211 5254/1440/211 5255/1442/211
f 5210/1418/198 5209/1416/198 5241/1416/198 5242/1418/198
f 5237/1468/225 5236/1467/225 5268/1467/225 5269/1468/225
f 5224/1444/212 5223/1442/212 5255/1442/212 5256/1444/212
f 5211/1420/199 5210/1418/199 5242/1418/199 5243/1420/199
f 5238/1470/226 5237/1468/226 5269/1468/226 5270/1470/226
f 5225/1446/213 5224/1444/213 5256/1444/213 5257/1446/213
f 5212/1422/200 5211/1420/200 5243/1420/200 5244/1422/200
f 5239/1473/227 5238/1470/227 5270/1470/227 5271/1473/227
f 5226/1448/214 5225/1446/214 5257/1446/214 5258/1448/214
f 5213/1423/201 5212/1422/201 5244/1422/201 5245/1423/201
f 5208/1475/228 5239/1473/228 5271/1473/228 5240/1475/228
f 5297/1461/221 5296/1459/221 5328/1459/221 5329/1461/221
f 5249/1431/195 5248/1429/195 5280/1431/195 5281/1431/195
f 5263/1457/195 5262/1457/195 5294/1455/195 5295/1457/195
f 5250/1433/195 5249/1431/195 5281/1433/195 5282/1433/195
f 5264/1459/195 5263/1459/195 5295/1457/195 5296/1459/195
f 5251/1435/195 5250/1433/195 5282/1435/195 5283/1435/195
f 5265/1461/195 5264/1459/195 5296/1461/195 5297/1461/195
f 5252/1370/195 5251/1435/195 5283/1370/195 5284/1370/195
f 5266/1463/195 5265/1461/195 5297/1463/195 5298/1463/195
f 5253/1438/195 5252/1370/195 5284/1438/195 5285/1438/195
f 5267/1465/195 5266/1463/195 5298/1465/195 5299/1465/195
f 5254/1440/195 5253/1438/195 5285/1440/195 5286/1440/195
f 5241/1416/195 5240/1415/195 5272/1415/195 5273/1416/195
f 5268/1467/195 5267/1465/195 5299/1467/195 5300/1467/195
f 5255/1442/195 5254/1440/195 5286/1505/195 5287/1442/195
f 5242/1418/195 5241/1416/195 5273/1416/195 5274/1418/195
f 5269/1468/195 5268/1467/195 5300/1468/195 5301/1468/195
f 5256/1444/195 5255/1442/195 5287/1506/195 5288/1444/195
f 5243/1420/195 5242/1420/195 5274/1418/195 5275/1420/195
f 5270/1470/195 5269/1468/195 5301/1470/195 5302/1470/195
f 5257/1446/195 5256/1444/195 5288/1444/195 5289/1446/195
f 5244/1422/195 5243/1422/195 5275/1420/195 5276/1422/195
f 5271/1473/195 5270/1470/195 5302/1507/195 5303/1473/195
f 5258/1448/195 5257/1446/195 5289/1446/195 5290/1448/195
f 5245/1423/195 5244/1423/195 5276/1422/195 5277/1423/195
f 5240/1475/195 5271/1473/195 5303/1508/195 5272/1475/195
f 5259/1450/195 5258/1509/195 5290/1448/195 5291/1450/195
f 5246/1425/195 5245/1425/195 5277/1423/195 5278/1425/195
f 5260/1371/195 5259/1371/195 5291/1450/195 5292/1371/195
f 5247/1427/195 5246/1427/195 5278/1425/195 5279/1427/195
f 5261/1453/195 5260/1453/195 5292/1371/195 5293/1453/195
f 5248/1429/195 5247/1429/195 5279/1427/195 5280/1429/195
f 5332/1467/193 5331/1467/193 5363/1465/193 5364/1467/193
f 5284/1370/208 5283/1435/208 5315/1435/208 5316/1370/208
f 5298/1463/222 5297/1461/222 5329/1461/222 5330/1463/222
f 5285/1438/209 5284/1370/209 5316/1370/209 5317/1438/209
f 5299/1465/223 5298/1463/223 5330/1463/223 5331/1465/223
f 5286/1440/210 5285/1438/210 5317/1438/210 5318/1440/210
f 5273/1416/197 5272/1415/197 5304/1415/197 5305/1416/197
f 5300/1467/224 5299/1465/224 5331/1465/224 5332/1467/224
f 5287/1442/211 5286/1440/211 5318/1440/211 5319/1442/211
f 5274/1418/198 5273/1416/198 5305/1416/198 5306/1418/198
f 5301/1468/225 5300/1467/225 5332/1467/225 5333/1468/225
f 5288/1444/212 5287/1442/212 5319/1442/212 5320/1444/212
f 5275/1420/199 5274/1418/199 5306/1418/199 5307/1420/199
f 5302/1470/226 5301/1468/226 5333/1468/226 5334/1470/226
f 5289/1446/213 5288/1444/213 5320/1444/213 5321/1446/213
f 5276/1422/200 5275/1420/200 5307/1420/200 5308/1422/200
f 5303/1473/227 5302/1470/227 5334/1470/227 5335/1473/227
f 5290/1448/214 5289/1446/214 5321/1446/214 5322/1448/214
f 5277/1423/201 5276/1422/201 5308/1422/201 5309/1423/201
f 5272/1475/228 5303/1473/228 5335/1473/228 5304/1475/228
f 5291/1450/215 5290/1448/215 5322/1448/215 5323/1450/215
f 5278/1425/202 5277/1423/202 5309/1423/202 5310/1425/202
f 5292/1371/216 5291/1450/216 5323/1450/216 5324/1371/216
f 5279/1427/203 5278/1425/203 5310/1425/203 5311/1427/203
f 5293/1453/217 5292/1371/217 5324/1371/217 5325/1453/217
f 5280/1429/204 5279/1427/204 5311/1427/204 5312/1429/204
f 5294/1455/218 5293/1453/218 5325/1453/218 5326/1455/218
f 5281/1431/205 5280/1429/205 5312/1429/205 5313/1431/205
f 5295/1457/219 5294/1455/219 5326/1455/219 5327/1457/219
f 5282/1433/206 5281/1431/206 5313/1431/206 5314/1433/206
f 5296/1459/220 5295/1457/220 5327/1457/220 5328/1459/220
f 5283/1435/207 5282/1433/207 5314/1433/207 5315/1435/207
f 5367/1473/227 5366/1470/227 5398/1470/227 5399/1473/227
f 5319/1442/193 5318/1440/193 5350/1440/193 5351/1442/193
f 5306/1418/193 5305/1416/193 5337/1510/193 5338/1418/193
f 5333/1468/193 5332/1468/193 5364/1467/193 5365/1468/193
f 5320/1444/193 5319/1442/193 5351/1442/193 5352/1444/193
f 5307/1420/193 5306/1418/193 5338/1420/193 5339/1420/193
f 5334/1470/193 5333/1470/193 5365/1468/193 5366/1470/193
f 5321/1446/193 5320/1444/193 5352/1444/193 5353/1446/193
f 5308/1422/193 5307/1420/193 5339/1422/193 5340/1422/193
f 5335/1473/193 5334/1470/193 5366/1470/193 5367/1473/193
f 5322/1448/193 5321/1446/193 5353/1511/193 5354/1448/193
f 5309/1423/193 5308/1422/193 5340/1423/193 5341/1423/193
f 5304/1475/193 5335/1473/193 5367/1473/193 5336/1475/193
f 5323/1450/193 5322/1448/193 5354/1450/193 5355/1450/193
f 5310/1425/193 5309/1423/193 5341/1425/193 5342/1425/193
f 5324/1371/193 5323/1450/193 5355/1371/193 5356/1371/193
f 5311/1427/193 5310/1425/193 5342/1512/193 5343/1427/193
f 5325/1453/193 5324/1371/193 5356/1453/193 5357/1453/193
f 5312/1429/193 5311/1427/193 5343/1429/193 5344/1429/193
f 5326/1455/193 5325/1453/193 5357/1455/193 5358/1455/193
f 5313/1431/193 5312/1431/193 5344/1429/193 5345/1431/193
f 5327/1457/193 5326/1455/193 5358/1457/193 5359/1457/193
f 5314/1433/193 5313/1433/193 5345/1431/193 5346/1433/193
f 5328/1459/193 5327/1457/193 5359/1459/193 5360/1459/193
f 5315/1435/193 5314/1435/193 5346/1433/193 5347/1435/193
f 5329/1461/193 5328/1461/193 5360/1459/193 5361/1461/193
f 5316/1370/193 5315/1370/193 5347/1435/193 5348/1370/193
f 5330/1463/193 5329/1463/193 5361/1461/193 5362/1463/193
f 5317/1438/193 5316/1438/193 5348/1370/193 5349/1438/193
f 5331/1465/193 5330/1465/193 5362/1463/193 5363/1465/193
f 5318/1440/193 5317/1440/193 5349/1438/193 5350/1440/193
f 5305/1416/193 5304/1415/193 5336/1415/193 5337/1416/193
f 5389/1453/195 5388/1371/195 5420/1371/195 5421/1453/195
f 5354/1448/214 5353/1446/214 5385/1446/214 5386/1448/214
f 5341/1423/201 5340/1422/201 5372/1422/201 5373/1423/201
f 5336/1475/228 5367/1473/228 5399/1473/228 5368/1475/228
f 5355/1450/215 5354/1448/215 5386/1448/215 5387/1450/215
f 5342/1425/202 5341/1423/202 5373/1423/202 5374/1425/202
f 5356/1371/216 5355/1450/216 5387/1450/216 5388/1371/216
f 5343/1427/203 5342/1425/203 5374/1425/203 5375/1427/203
f 5357/1453/217 5356/1371/217 5388/1371/217 5389/1453/217
f 5344/1429/204 5343/1427/204 5375/1427/204 5376/1429/204
f 5358/1455/218 5357/1453/218 5389/1453/218 5390/1455/218
f 5345/1431/205 5344/1429/205 5376/1429/205 5377/1431/205
f 5359/1457/219 5358/1455/219 5390/1455/219 5391/1457/219
f 5346/1433/206 5345/1431/206 5377/1431/206 5378/1433/206
f 5360/1459/220 5359/1457/220 5391/1457/220 5392/1459/220
f 5347/1435/207 5346/1433/207 5378/1433/207 5379/1435/207
f 5361/1461/221 5360/1459/221 5392/1459/221 5393/1461/221
f 5348/1370/208 5347/1435/208 5379/1435/208 5380/1370/208
f 5362/1463/222 5361/1461/222 5393/1461/222 5394/1463/222
f 5349/1438/209 5348/1370/209 5380/1370/209 5381/1438/209
f 5363/1465/223 5362/1463/223 5394/1463/223 5395/1465/223
f 5350/1440/210 5349/1438/210 5381/1438/210 5382/1440/210
f 5337/1416/197 5336/1415/197 5368/1415/197 5369/1416/197
f 5364/1467/224 5363/1465/224 5395/1465/224 5396/1467/224
f 5351/1442/211 5350/1440/211 5382/1440/211 5383/1442/211
f 5338/1418/198 5337/1416/198 5369/1416/198 5370/1418/198
f 5365/1468/225 5364/1467/225 5396/1467/225 5397/1468/225
f 5352/1444/212 5351/1442/212 5383/1442/212 5384/1444/212
f 5339/1420/199 5338/1418/199 5370/1418/199 5371/1420/199
f 5366/1470/226 5365/1468/226 5397/1468/226 5398/1470/226
f 5353/1446/213 5352/1444/213 5384/1444/213 5385/1446/213
f 5340/1422/200 5339/1420/200 5371/1420/200 5372/1422/200
f 5424/1459/220 5423/1457/220 5455/1457/220 5456/1459/220
f 5376/1429/195 5375/1429/195 5407/1427/195 5408/1429/195
f 5390/1455/195 5389/1455/195 5421/1453/195 5422/1455/195
f 5377/1431/195 5376/1429/195 5408/1513/195 5409/1431/195
f 5391/1457/195 5390/1457/195 5422/1455/195 5423/1457/195
f 5378/1433/195 5377/1431/195 5409/1433/195 5410/1433/195
f 5392/1459/195 5391/1459/195 5423/1457/195 5424/1459/195
f 5379/1435/195 5378/1433/195 5410/1435/195 5411/1435/195
f 5393/1461/195 5392/1459/195 5424/1514/195 5425/1461/195
f 5380/1370/195 5379/1435/195 5411/1515/195 5412/1370/195
f 5394/1463/195 5393/1461/195 5425/1463/195 5426/1463/195
f 5381/1438/195 5380/1370/195 5412/1516/195 5413/1438/195
f 5395/1465/195 5394/1463/195 5426/1465/195 5427/1465/195
f 5382/1440/195 5381/1438/195 5413/1517/195 5414/1440/195
f 5369/1416/195 5368/1415/195 5400/1415/195 5401/1416/195
f 5396/1467/195 5395/1465/195 5427/1518/195 5428/1467/195
f 5383/1442/195 5382/1440/195 5414/1519/195 5415/1442/195
f 5370/1418/195 5369/1416/195 5401/1416/195 5402/1418/195
f 5397/1468/195 5396/1467/195 5428/1520/195 5429/1468/195
f 5384/1444/195 5383/1442/195 5415/1521/195 5416/1444/195
f 5371/1420/195 5370/1418/195 5402/1418/195 5403/1420/195
f 5398/1470/195 5397/1468/195 5429/1522/195 5430/1470/195
f 5385/1446/195 5384/1444/195 5416/1444/195 5417/1446/195
f 5372/1422/195 5371/1420/195 5403/1420/195 5404/1422/195
f 5399/1473/195 5398/1470/195 5430/1523/195 5431/1473/195
f 5386/1448/195 5385/1446/195 5417/1446/195 5418/1448/195
f 5373/1423/195 5372/1422/195 5404/1422/195 5405/1423/195
f 5368/1475/195 5399/1473/195 5431/1524/195 5400/1475/195
f 5387/1450/195 5386/1448/195 5418/1448/195 5419/1450/195
f 5374/1425/195 5373/1425/195 5405/1423/195 5406/1425/195
f 5388/1371/195 5387/1450/195 5419/1450/195 5420/1371/195
f 5375/1427/195 5374/1427/195 5406/1425/195 5407/1427/195
f 5459/1465/193 5458/1465/193 5490/1463/193 5491/1465/193
f 5411/1435/207 5410/1433/207 5442/1433/207 5443/1435/207
f 5425/1461/221 5424/1459/221 5456/1459/221 5457/1461/221
f 5412/1370/208 5411/1435/208 5443/1435/208 5444/1370/208
f 5426/1463/222 5425/1461/222 5457/1461/222 5458/1463/222
f 5413/1438/209 5412/1370/209 5444/1370/209 5445/1438/209
f 5427/1465/223 5426/1463/223 5458/1463/223 5459/1465/223
f 5414/1440/210 5413/1438/210 5445/1438/210 5446/1440/210
f 5401/1416/197 5400/1415/197 5432/1415/197 5433/1416/197
f 5428/1467/224 5427/1465/224 5459/1465/224 5460/1467/224
f 5415/1442/211 5414/1440/211 5446/1440/211 5447/1442/211
f 5402/1418/198 5401/1416/198 5433/1416/198 5434/1418/198
f 5429/1468/225 5428/1467/225 5460/1467/225 5461/1468/225
f 5416/1444/212 5415/1442/212 5447/1442/212 5448/1444/212
f 5403/1420/199 5402/1418/199 5434/1418/199 5435/1420/199
f 5430/1470/226 5429/1468/226 5461/1468/226 5462/1470/226
f 5417/1446/213 5416/1444/213 5448/1444/213 5449/1446/213
f 5404/1422/200 5403/1420/200 5435/1420/200 5436/1422/200
f 5431/1473/227 5430/1470/227 5462/1470/227 5463/1473/227
f 5418/1448/214 5417/1446/214 5449/1446/214 5450/1448/214
f 5405/1423/201 5404/1422/201 5436/1422/201 5437/1423/201
f 5400/1475/228 5431/1473/228 5463/1473/228 5432/1475/228
f 5419/1450/215 5418/1448/215 5450/1448/215 5451/1450/215
f 5406/1425/202 5405/1423/202 5437/1423/202 5438/1425/202
f 5420/1371/216 5419/1450/216 5451/1450/216 5452/1371/216
f 5407/1427/203 5406/1425/203 5438/1425/203 5439/1427/203
f 5421/1453/217 5420/1371/217 5452/1371/217 5453/1453/217
f 5408/1429/204 5407/1427/204 5439/1427/204 5440/1429/204
f 5422/1455/218 5421/1453/218 5453/1453/218 5454/1455/218
f 5409/1431/205 5408/1429/205 5440/1429/205 5441/1431/205
f 5423/1457/219 5422/1455/219 5454/1455/219 5455/1457/219
f 5410/1433/206 5409/1431/206 5441/1431/206 5442/1433/206
f 5467/1420/199 5466/1418/199 5498/1418/199 5499/1420/199
f 5446/1440/193 5445/1438/193 5477/1438/193 5478/1440/193
f 5433/1416/193 5432/1415/193 5464/1415/193 5465/1416/193
f 5460/1467/193 5459/1467/193 5491/1465/193 5492/1467/193
f 5447/1442/193 5446/1440/193 5478/1440/193 5479/1442/193
f 5434/1418/193 5433/1416/193 5465/1416/193 5466/1418/193
f 5461/1468/193 5460/1468/193 5492/1467/193 5493/1468/193
f 5448/1444/193 5447/1442/193 5479/1442/193 5480/1444/193
f 5435/1420/193 5434/1418/193 5466/1418/193 5467/1420/193
f 5462/1470/193 5461/1468/193 5493/1468/193 5494/1470/193
f 5449/1446/193 5448/1444/193 5480/1444/193 5481/1446/193
f 5436/1422/193 5435/1420/193 5467/1422/193 5468/1422/193
f 5463/1473/193 5462/1470/193 5494/1470/193 5495/1473/193
f 5450/1448/193 5449/1446/193 5481/1446/193 5482/1448/193
f 5437/1423/193 5436/1422/193 5468/1423/193 5469/1423/193
f 5432/1475/193 5463/1473/193 5495/1473/193 5464/1475/193
f 5451/1450/193 5450/1448/193 5482/1448/193 5483/1450/193
f 5438/1425/193 5437/1423/193 5469/1425/193 5470/1425/193
f 5452/1371/193 5451/1450/193 5483/1371/193 5484/1371/193
f 5439/1427/193 5438/1425/193 5470/1525/193 5471/1427/193
f 5453/1453/193 5452/1371/193 5484/1453/193 5485/1453/193
f 5440/1429/193 5439/1427/193 5471/1429/193 5472/1429/193
f 5454/1455/193 5453/1453/193 5485/1455/193 5486/1455/193
f 5441/1431/193 5440/1431/193 5472/1429/193 5473/1431/193
f 5455/1457/193 5454/1455/193 5486/1457/193 5487/1457/193
f 5442/1433/193 5441/1433/193 5473/1431/193 5474/1433/193
f 5456/1459/193 5455/1457/193 5487/1459/193 5488/1459/193
f 5443/1435/193 5442/1435/193 5474/1433/193 5475/1435/193
f 5457/1461/193 5456/1461/193 5488/1459/193 5489/1461/193
f 5444/1370/193 5443/1370/193 5475/1435/193 5476/1370/193
f 5458/1463/193 5457/1463/193 5489/1461/193 5490/1463/193
f 5445/1438/193 5444/1438/193 5476/1370/193 5477/1438/193
f 5502/1425/193 5501/1423/193 5533/1425/193 5534/1425/193
f 5494/1470/226 5493/1468/226 5525/1468/226 5526/1470/226
f 5481/1446/213 5480/1444/213 5512/1444/213 5513/1446/213
f 5468/1422/200 5467/1420/200 5499/1420/200 5500/1422/200
f 5495/1473/227 5494/1470/227 5526/1470/227 5527/1473/227
f 5482/1448/214 5481/1446/214 5513/1446/214 5514/1448/214
f 5469/1423/201 5468/1422/201 5500/1422/201 5501/1423/201
f 5464/1475/228 5495/1473/228 5527/1473/228 5496/1475/228
f 5483/1450/215 5482/1448/215 5514/1448/215 5515/1450/215
f 5470/1425/202 5469/1423/202 5501/1423/202 5502/1425/202
f 5484/1371/216 5483/1450/216 5515/1450/216 5516/1371/216
f 5471/1427/203 5470/1425/203 5502/1425/203 5503/1427/203
f 5485/1453/217 5484/1371/217 5516/1371/217 5517/1453/217
f 5472/1429/204 5471/1427/204 5503/1427/204 5504/1429/204
f 5486/1455/218 5485/1453/218 5517/1453/218 5518/1455/218
f 5473/1431/205 5472/1429/205 5504/1429/205 5505/1431/205
f 5487/1457/219 5486/1455/219 5518/1455/219 5519/1457/219
f 5474/1433/206 5473/1431/206 5505/1431/206 5506/1433/206
f 5488/1459/220 5487/1457/220 5519/1457/220 5520/1459/220
f 5475/1435/207 5474/1433/207 5506/1433/207 5507/1435/207
f 5489/1461/221 5488/1459/221 5520/1459/221 5521/1461/221
f 5476/1370/208 5475/1435/208 5507/1435/208 5508/1370/208
f 5490/1463/222 5489/1461/222 5521/1461/222 5522/1463/222
f 5477/1438/209 5476/1370/209 5508/1370/209 5509/1438/209
f 5491/1465/223 5490/1463/223 5522/1463/223 5523/1465/223
f 5478/1440/210 5477/1438/210 5509/1438/210 5510/1440/210
f 5465/1416/197 5464/1415/197 5496/1415/197 5497/1416/197
f 5492/1467/224 5491/1465/224 5523/1465/224 5524/1467/224
f 5479/1442/211 5478/1440/211 5510/1440/211 5511/1442/211
f 5466/1418/198 5465/1416/198 5497/1416/198 5498/1418/198
f 5493/1468/225 5492/1467/225 5524/1467/225 5525/1468/225
f 5480/1444/212 5479/1442/212 5511/1442/212 5512/1444/212
f 5537/1431/205 5536/1429/205 5568/1429/205 5569/1431/205
f 5516/1371/193 5515/1450/193 5547/1526/193 5548/1371/193
f 5503/1427/193 5502/1425/193 5534/1427/193 5535/1427/193
f 5517/1453/193 5516/1371/193 5548/1453/193 5549/1453/193
f 5504/1429/193 5503/1427/193 5535/1429/193 5536/1429/193
f 5518/1455/193 5517/1453/193 5549/1455/193 5550/1455/193
f 5505/1431/193 5504/1431/193 5536/1429/193 5537/1431/193
f 5519/1457/193 5518/1455/193 5550/1457/193 5551/1457/193
f 5506/1433/193 5505/1433/193 5537/1431/193 5538/1433/193
f 5520/1459/193 5519/1457/193 5551/1459/193 5552/1459/193
f 5507/1435/193 5506/1435/193 5538/1433/193 5539/1435/193
f 5521/1461/193 5520/1461/193 5552/1459/193 5553/1461/193
f 5508/1370/193 5507/1370/193 5539/1435/193 5540/1370/193
f 5522/1463/193 5521/1463/193 5553/1461/193 5554/1463/193
f 5509/1438/193 5508/1370/193 5540/1370/193 5541/1438/193
f 5523/1465/193 5522/1465/193 5554/1463/193 5555/1465/193
f 5510/1440/193 5509/1438/193 5541/1438/193 5542/1440/193
f 5497/1416/193 5496/1415/193 5528/1415/193 5529/1416/193
f 5524/1467/193 5523/1467/193 5555/1465/193 5556/1467/193
f 5511/1442/193 5510/1440/193 5542/1440/193 5543/1442/193
f 5498/1418/193 5497/1416/193 5529/1527/193 5530/1418/193
f 5525/1468/193 5524/1467/193 5556/1467/193 5557/1468/193
f 5512/1444/193 5511/1442/193 5543/1442/193 5544/1444/193
f 5499/1420/193 5498/1418/193 5530/1528/193 5531/1420/193
f 5526/1470/193 5525/1468/193 5557/1468/193 5558/1470/193
f 5513/1446/193 5512/1444/193 5544/1444/193 5545/1446/193
f 5500/1422/193 5499/1420/193 5531/1529/193 5532/1422/193
f 5527/1473/193 5526/1470/193 5558/1470/193 5559/1473/193
f 5514/1448/193 5513/1446/193 5545/1530/193 5546/1448/193
f 5501/1423/193 5500/1422/193 5532/1423/193 5533/1423/193
f 5496/1475/193 5527/1473/193 5559/1473/193 5528/1475/193
f 5515/1450/193 5514/1448/193 5546/1531/193 5547/1450/193
f 5572/1370/195 5571/1435/195 5603/1370/195 5604/1370/195
f 5551/1457/219 5550/1455/219 5582/1455/219 5583/1457/219
f 5538/1433/206 5537/1431/206 5569/1431/206 5570/1433/206
f 5552/1459/220 5551/1457/220 5583/1457/220 5584/1459/220
f 5539/1435/207 5538/1433/207 5570/1433/207 5571/1435/207
f 5553/1461/221 5552/1459/221 5584/1459/221 5585/1461/221
f 5540/1370/208 5539/1435/208 5571/1435/208 5572/1370/208
f 5554/1463/222 5553/1461/222 5585/1461/222 5586/1463/222
f 5541/1438/209 5540/1370/209 5572/1370/209 5573/1438/209
f 5555/1465/223 5554/1463/223 5586/1463/223 5587/1465/223
f 5542/1440/210 5541/1438/210 5573/1438/210 5574/1440/210
f 5529/1416/197 5528/1415/197 5560/1415/197 5561/1416/197
f 5556/1467/224 5555/1465/224 5587/1465/224 5588/1467/224
f 5543/1442/211 5542/1440/211 5574/1440/211 5575/1442/211
f 5530/1418/198 5529/1416/198 5561/1416/198 5562/1418/198
f 5557/1468/225 5556/1467/225 5588/1467/225 5589/1468/225
f 5544/1444/212 5543/1442/212 5575/1442/212 5576/1444/212
f 5531/1420/199 5530/1418/199 5562/1418/199 5563/1420/199
f 5558/1470/226 5557/1468/226 5589/1468/226 5590/1470/226
f 5545/1446/213 5544/1444/213 5576/1444/213 5577/1446/213
f 5532/1422/200 5531/1420/200 5563/1420/200 5564/1422/200
f 5559/1473/227 5558/1470/227 5590/1470/227 5591/1473/227
f 5546/1448/214 5545/1446/214 5577/1446/214 5578/1448/214
f 5533/1423/201 5532/1422/201 5564/1422/201 5565/1423/201
f 5528/1475/228 5559/1473/228 5591/1473/228 5560/1475/228
f 5547/1450/215 5546/1448/215 5578/1448/215 5579/1450/215
f 5534/1425/202 5533/1423/202 5565/1423/202 5566/1425/202
f 5548/1371/216 5547/1450/216 5579/1450/216 5580/1371/216
f 5535/1427/203 5534/1425/203 5566/1425/203 5567/1427/203
f 5549/1453/217 5548/1371/217 5580/1371/217 5581/1453/217
f 5536/1429/204 5535/1427/204 5567/1427/204 5568/1429/204
f 5550/1455/218 5549/1453/218 5581/1453/218 5582/1455/218
f 5607/1442/211 5606/1440/211 5638/1440/211 5639/1442/211
f 5586/1463/195 5585/1461/195 5617/1463/195 5618/1463/195
f 5573/1438/195 5572/1370/195 5604/1438/195 5605/1438/195
f 5587/1465/195 5586/1463/195 5618/1465/195 5619/1465/195
f 5574/1440/195 5573/1438/195 5605/1440/195 5606/1440/195
f 5561/1416/195 5560/1415/195 5592/1415/195 5593/1416/195
f 5588/1467/195 5587/1465/195 5619/1467/195 5620/1467/195
f 5575/1442/195 5574/1440/195 5606/1532/195 5607/1442/195
f 5562/1418/195 5561/1416/195 5593/1416/195 5594/1418/195
f 5589/1468/195 5588/1467/195 5620/1468/195 5621/1468/195
f 5576/1444/195 5575/1442/195 5607/1533/195 5608/1444/195
f 5563/1420/195 5562/1420/195 5594/1418/195 5595/1420/195
f 5590/1470/195 5589/1468/195 5621/1470/195 5622/1470/195
f 5577/1446/195 5576/1444/195 5608/1444/195 5609/1446/195
f 5564/1422/195 5563/1422/195 5595/1420/195 5596/1422/195
f 5591/1473/195 5590/1470/195 5622/1534/195 5623/1473/195
f 5578/1448/195 5577/1446/195 5609/1446/195 5610/1448/195
f 5565/1423/195 5564/1423/195 5596/1422/195 5597/1423/195
f 5560/1475/195 5591/1473/195 5623/1535/195 5592/1475/195
f 5579/1450/195 5578/1450/195 5610/1448/195 5611/1450/195
f 5566/1425/195 5565/1425/195 5597/1423/195 5598/1425/195
f 5580/1371/195 5579/1371/195 5611/1450/195 5612/1371/195
f 5567/1427/195 5566/1427/195 5598/1425/195 5599/1427/195
f 5581/1453/195 5580/1453/195 5612/1371/195 5613/1453/195
f 5568/1429/195 5567/1429/195 5599/1427/195 5600/1429/195
f 5582/1455/195 5581/1455/195 5613/1453/195 5614/1455/195
f 5569/1431/195 5568/1429/195 5600/1536/195 5601/1431/195
f 5583/1457/195 5582/1457/195 5614/1455/195 5615/1457/195
f 5570/1433/195 5569/1431/195 5601/1433/195 5602/1433/195
f 5584/1459/195 5583/1459/195 5615/1457/195 5616/1459/195
f 5571/1435/195 5570/1433/195 5602/1537/195 5603/1435/195
f 5585/1461/195 5584/1459/195 5616/1461/195 5617/1461/195
f 5642/1448/229 5641/1446/229 5673/1446/229 5674/1448/229
f 5594/1418/198 5593/1416/198 5625/1416/198 5626/1418/198
f 5621/1468/225 5620/1467/225 5652/1467/225 5653/1468/225
f 5608/1444/212 5607/1442/212 5639/1442/212 5640/1444/212
f 5595/1420/199 5594/1418/199 5626/1418/199 5627/1420/199
f 5622/1470/226 5621/1468/226 5653/1468/226 5654/1470/226
f 5609/1446/213 5608/1444/213 5640/1444/213 5641/1446/213
f 5596/1422/200 5595/1420/200 5627/1420/200 5628/1422/200
f 5623/1473/227 5622/1470/227 5654/1470/227 5655/1473/227
f 5610/1448/214 5609/1446/214 5641/1446/214 5642/1448/214
f 5597/1423/201 5596/1422/201 5628/1422/201 5629/1423/201
f 5592/1475/228 5623/1473/228 5655/1473/228 5624/1475/228
f 5611/1450/215 5610/1448/215 5642/1448/215 5643/1450/215
f 5598/1425/202 5597/1423/202 5629/1423/202 5630/1425/202
f 5612/1371/216 5611/1450/216 5643/1450/216 5644/1371/216
f 5599/1427/203 5598/1425/203 5630/1425/203 5631/1427/203
f 5613/1453/217 5612/1371/217 5644/1371/217 5645/1453/217
f 5600/1429/204 5599/1427/204 5631/1427/204 5632/1429/204
f 5614/1455/218 5613/1453/218 5645/1453/218 5646/1455/218
f 5601/1431/205 5600/1429/205 5632/1429/205 5633/1431/205
f 5615/1457/219 5614/1455/219 5646/1455/219 5647/1457/219
f 5602/1433/206 5601/1431/206 5633/1431/206 5634/1433/206
f 5616/1459/220 5615/1457/220 5647/1457/220 5648/1459/220
f 5603/1435/207 5602/1433/207 5634/1433/207 5635/1435/207
f 5617/1461/221 5616/1459/221 5648/1459/221 5649/1461/221
f 5604/1370/208 5603/1435/208 5635/1435/208 5636/1370/208
f 5618/1463/222 5617/1461/222 5649/1461/222 5650/1463/222
f 5605/1438/209 5604/1370/209 5636/1370/209 5637/1438/209
f 5619/1465/223 5618/1463/223 5650/1463/223 5651/1465/223
f 5606/1440/210 5605/1438/210 5637/1438/210 5638/1440/210
f 5593/1416/197 5592/1415/197 5624/1415/197 5625/1416/197
f 5620/1467/224 5619/1465/224 5651/1465/224 5652/1467/224
f 5677/1453/217 5676/1371/217 5708/1371/217 5709/1453/217
f 5629/1423/230 5628/1422/230 5660/1422/230 5661/1423/230
f 5624/1475/231 5655/1473/231 5687/1473/231 5656/1475/231
f 5643/1450/232 5642/1448/232 5674/1448/232 5675/1450/232
f 5630/1425/233 5629/1423/233 5661/1423/233 5662/1425/233
f 5644/1371/234 5643/1450/234 5675/1450/234 5676/1371/234
f 5631/1427/235 5630/1425/235 5662/1425/235 5663/1427/235
f 5645/1453/236 5644/1371/236 5676/1371/236 5677/1453/236
f 5632/1429/237 5631/1427/237 5663/1427/237 5664/1429/237
f 5646/1455/238 5645/1453/238 5677/1453/238 5678/1455/238
f 5633/1431/239 5632/1429/239 5664/1429/239 5665/1431/239
f 5647/1457/240 5646/1455/240 5678/1455/240 5679/1457/240
f 5634/1433/241 5633/1431/241 5665/1431/241 5666/1433/241
f 5648/1459/242 5647/1457/242 5679/1457/242 5680/1459/242
f 5635/1435/243 5634/1433/243 5666/1433/243 5667/1435/243
f 5649/1461/244 5648/1459/244 5680/1459/244 5681/1461/244
f 5636/1370/245 5635/1435/245 5667/1435/245 5668/1370/245
f 5650/1463/246 5649/1461/246 5681/1461/246 5682/1463/246
f 5637/1438/247 5636/1370/247 5668/1370/247 5669/1438/247
f 5651/1465/248 5650/1463/248 5682/1463/248 5683/1465/248
f 5638/1440/249 5637/1438/249 5669/1438/249 5670/1440/249
f 5625/1416/250 5624/1415/250 5656/1415/250 5657/1416/250
f 5652/1467/251 5651/1465/251 5683/1465/251 5684/1467/251
f 5639/1442/252 5638/1440/252 5670/1440/252 5671/1442/252
f 5626/1418/253 5625/1416/253 5657/1416/253 5658/1418/253
f 5653/1468/254 5652/1467/254 5684/1467/254 5685/1468/254
f 5640/1444/255 5639/1442/255 5671/1442/255 5672/1444/255
f 5627/1420/256 5626/1418/256 5658/1418/256 5659/1420/256
f 5654/1470/257 5653/1468/257 5685/1468/257 5686/1470/257
f 5641/1446/258 5640/1444/258 5672/1444/258 5673/1446/258
f 5628/1422/259 5627/1420/259 5659/1420/259 5660/1422/259
f 5655/1473/260 5654/1470/260 5686/1470/260 5687/1473/260
f 5712/1459/261 5711/1457/261 5743/1457/261 5744/1459/261
f 5664/1429/204 5663/1427/204 5695/1427/204 5696/1429/204
f 5678/1455/218 5677/1453/218 5709/1453/218 5710/1455/218
f 5665/1431/205 5664/1429/205 5696/1429/205 5697/1431/205
f 5679/1457/219 5678/1455/219 5710/1455/219 5711/1457/219
f 5666/1433/206 5665/1431/206 5697/1431/206 5698/1433/206
f 5680/1459/220 5679/1457/220 5711/1457/220 5712/1459/220
f 5667/1435/207 5666/1433/207 5698/1433/207 5699/1435/207
f 5681/1461/221 5680/1459/221 5712/1459/221 5713/1461/221
f 5668/1370/208 5667/1435/208 5699/1435/208 5700/1370/208
f 5682/1463/222 5681/1461/222 5713/1461/222 5714/1463/222
f 5669/1438/209 5668/1370/209 5700/1370/209 5701/1438/209
f 5683/1465/223 5682/1463/223 5714/1463/223 5715/1465/223
f 5670/1440/210 5669/1438/210 5701/1438/210 5702/1440/210
f 5657/1416/197 5656/1415/197 5688/1415/197 5689/1416/197
f 5684/1467/224 5683/1465/224 5715/1465/224 5716/1467/224
f 5671/1442/211 5670/1440/211 5702/1440/211 5703/1442/211
f 5658/1418/198 5657/1416/198 5689/1416/198 5690/1418/198
f 5685/1468/225 5684/1467/225 5716/1467/225 5717/1468/225
f 5672/1444/212 5671/1442/212 5703/1442/212 5704/1444/212
f 5659/1420/199 5658/1418/199 5690/1418/199 5691/1420/199
f 5686/1470/226 5685/1468/226 5717/1468/226 5718/1470/226
f 5673/1446/213 5672/1444/213 5704/1444/213 5705/1446/213
f 5660/1422/200 5659/1420/200 5691/1420/200 5692/1422/200
f 5687/1473/227 5686/1470/227 5718/1470/227 5719/1473/227
f 5674/1448/214 5673/1446/214 5705/1446/214 5706/1448/214
f 5661/1423/201 5660/1422/201 5692/1422/201 5693/1423/201
f 5656/1475/228 5687/1473/228 5719/1473/228 5688/1475/228
f 5675/1450/215 5674/1448/215 5706/1448/215 5707/1450/215
f 5662/1425/202 5661/1423/202 5693/1423/202 5694/1425/202
f 5676/1371/216 5675/1450/216 5707/1450/216 5708/1371/216
f 5663/1427/203 5662/1425/203 5694/1425/203 5695/1427/203
f 5747/1465/223 5746/1463/223 5778/1463/223 5779/1465/223
f 5699/1435/262 5698/1433/262 5730/1433/262 5731/1435/262
f 5713/1461/263 5712/1459/263 5744/1459/263 5745/1461/263
f 5700/1370/264 5699/1435/264 5731/1435/264 5732/1370/264
f 5714/1463/265 5713/1461/265 5745/1461/265 5746/1463/265
f 5701/1438/266 5700/1370/266 5732/1370/266 5733/1438/266
f 5715/1465/267 5714/1463/267 5746/1463/267 5747/1465/267
f 5702/1440/268 5701/1438/268 5733/1438/268 5734/1440/268
f 5689/1416/269 5688/1415/269 5720/1415/269 5721/1416/269
f 5716/1467/270 5715/1465/270 5747/1465/270 5748/1467/270
f 5703/1442/271 5702/1440/271 5734/1440/271 5735/1442/271
f 5690/1418/272 5689/1416/272 5721/1416/272 5722/1418/272
f 5717/1468/273 5716/1467/273 5748/1467/273 5749/1468/273
f 5704/1444/274 5703/1442/274 5735/1442/274 5736/1444/274
f 5691/1420/275 5690/1418/275 5722/1418/275 5723/1420/275
f 5718/1470/276 5717/1468/276 5749/1468/276 5750/1470/276
f 5705/1446/277 5704/1444/277 5736/1444/277 5737/1446/277
f 5692/1422/278 5691/1420/278 5723/1420/278 5724/1422/278
f 5719/1473/279 5718/1470/279 5750/1470/279 5751/1473/279
f 5706/1448/280 5705/1446/280 5737/1446/280 5738/1448/280
f 5693/1423/281 5692/1422/281 5724/1422/281 5725/1423/281
f 5688/1475/282 5719/1473/282 5751/1473/282 5720/1475/282
f 5707/1450/283 5706/1448/283 5738/1448/283 5739/1450/283
f 5694/1425/284 5693/1423/284 5725/1423/284 5726/1425/284
f 5708/1371/285 5707/1450/285 5739/1450/285 5740/1371/285
f 5695/1427/286 5694/1425/286 5726/1425/286 5727/1427/286
f 5709/1453/287 5708/1371/287 5740/1371/287 5741/1453/287
f 5696/1429/288 5695/1427/288 5727/1427/288 5728/1429/288
f 5710/1455/289 5709/1453/289 5741/1453/289 5742/1455/289
f 5697/1431/290 5696/1429/290 5728/1429/290 5729/1431/290
f 5711/1457/291 5710/1455/291 5742/1455/291 5743/1457/291
f 5698/1433/292 5697/1431/292 5729/1431/292 5730/1433/292
f 5778/1538/195 5777/1539/195 5776/1540/195 5775/1539/195 5774/1538/195 5773/1541/195 5772/1542/195 5771/1543/195 5770/1544/195 5769/1545/195 5768/1546/195 5767/1547/195 5766/1548/195 5765/1549/195 5764/1550/195 5763/1551/195 5762/1552/195 5761/1553/195 5760/1554/195 5759/1553/195 5758/1552/195 5757/1551/195 5756/1550/195 5755/1549/195 5754/1548/195 5753/1547/195 5752/1546/195 5783/1545/195 5782/1544/195 5781/1543/195 5780/1542/195 5779/1541/195
f 5734/1440/210 5733/1438/210 5765/1438/210 5766/1440/210
f 5721/1416/197 5720/1415/197 5752/1415/197 5753/1416/197
f 5748/1467/224 5747/1465/224 5779/1465/224 5780/1467/224
f 5735/1442/211 5734/1440/211 5766/1440/211 5767/1442/211
f 5722/1418/198 5721/1416/198 5753/1416/198 5754/1418/198
f 5749/1468/225 5748/1467/225 5780/1467/225 5781/1468/225
f 5736/1444/212 5735/1442/212 5767/1442/212 5768/1444/212
f 5723/1420/199 5722/1418/199 5754/1418/199 5755/1420/199
f 5750/1470/226 5749/1468/226 5781/1468/226 5782/1470/226
f 5737/1446/213 5736/1444/213 5768/1444/213 5769/1446/213
f 5724/1422/200 5723/1420/200 5755/1420/200 5756/1422/200
f 5751/1473/227 5750/1470/227 5782/1470/227 5783/1473/227
f 5738/1448/214 5737/1446/214 5769/1446/214 5770/1448/214
f 5725/1423/201 5724/1422/201 5756/1422/201 5757/1423/201
f 5720/1475/228 5751/1473/228 5783/1473/228 5752/1475/228
f 5739/1450/215 5738/1448/215 5770/1448/215 5771/1450/215
f 5726/1425/202 5725/1423/202 5757/1423/202 5758/1425/202
f 5740/1371/216 5739/1450/216 5771/1450/216 5772/1371/216
f 5727/1427/203 5726/1425/203 5758/1425/203 5759/1427/203
f 5741/1453/217 5740/1371/217 5772/1371/217 5773/1453/217
f 5728/1429/204 5727/1427/204 5759/1427/204 5760/1429/204
f 5742/1455/218 5741/1453/218 5773/1453/218 5774/1455/218
f 5729/1431/205 5728/1429/205 5760/1429/205 5761/1431/205
f 5743/1457/219 5742/1455/219 5774/1455/219 5775/1457/219
f 5730/1433/206 5729/1431/206 5761/1431/206 5762/1433/206
f 5744/1459/220 5743/1457/220 5775/1457/220 5776/1459/220
f 5731/1435/207 5730/1433/207 5762/1433/207 5763/1435/207
f 5745/1461/221 5744/1459/221 5776/1459/221 5777/1461/221
f 5732/1370/208 5731/1435/208 5763/1435/208 5764/1370/208
f 5746/1463/222 5745/1461/222 5777/1461/222 5778/1463/222
f 5733/1438/209 5732/1370/209 5764/1370/209 5765/1438/209
o Куб.003
v 4.264889 1.939964 -0.975034
v 4.729308 2.178836 0.015775
v 4.741266 2.177659 0.015775
v 4.296746 2.065804 -1.006892
v 4.264889 1.939964 -1.569339
v 4.752765 2.174170 0.015775
v 4.296746 2.065804 -1.537481
v 4.763362 2.168506 0.015775
v 5.193727 1.939964 -0.975034
v 4.772651 2.160883 0.015775
v 5.161870 2.065804 -1.006892
v 4.780274 2.151594 0.015775
v 5.193727 1.939964 -1.569339
v 4.785938 2.140997 0.015775
v 5.161870 2.065804 -1.537481
v 4.789426 2.129498 0.015775
v 4.264889 2.065804 -0.975034
v 4.790604 2.117540 0.015775
v 4.264889 2.065804 -1.569339
v 4.789426 2.105582 0.015775
v 5.193727 2.065804 -1.569339
v 4.785938 2.094083 0.015775
v 5.193727 2.065804 -0.975034
v 4.780274 2.083485 0.015775
v 4.296746 2.154687 -1.006892
v 4.772651 2.074197 0.015775
v 4.296746 2.154687 -1.537481
v 4.763362 2.066574 0.015775
v 4.752765 2.060909 0.015775
v 5.161870 2.154687 -1.537481
v 5.161870 2.154687 -1.006892
v 4.741266 2.057421 0.015775
v 5.124157 2.065804 -1.569339
v 4.729308 2.056243 0.015775
v 4.334458 2.065804 -1.569339
v 4.717350 2.057421 0.015775
v 4.705851 2.060909 0.015775
v 4.334458 1.939964 -1.569339
v 4.695253 2.066574 0.015775
v 5.124157 1.939964 -1.569339
v 4.685965 2.074197 0.015775
v 4.948889 1.939964 -1.244640
v 4.880558 1.939964 -1.208116
v 4.678341 2.083485 0.015775
v 5.057935 1.939964 -1.353686
v 4.672677 2.094083 0.015775
v 4.669189 2.105582 0.015775
v 5.116950 1.939964 -1.496160
v 5.008782 1.939964 -1.293793
v 4.668011 2.117540 0.015775
v 4.669189 2.129498 0.015775
v 5.094459 1.939964 -1.422017
v 4.672677 2.140997 0.015775
v 4.341666 1.939964 -1.496160
v 4.678341 2.151594 0.015775
v 4.449833 1.939964 -1.293793
v 4.400681 1.939964 -1.353686
v 4.685965 2.160883 0.015775
v 4.364157 1.939964 -1.422017
v 4.695253 2.168506 0.015775
v 4.578057 1.939964 -1.208116
v 4.705851 2.174170 0.015775
v 4.729308 1.939964 -1.178031
v 4.717350 2.177659 0.015775
v 4.806415 1.939964 -1.185625
v 4.729308 2.178836 -0.916552
v 4.741266 2.177659 -0.916552
v 4.652201 1.939964 -1.185625
v 4.509726 1.939964 -1.244640
v 5.121019 2.065804 -1.537481
v 4.752765 2.174170 -0.916552
v 4.337596 2.065804 -1.537481
v 4.337596 2.154687 -1.537481
v 4.763362 2.168506 -0.916552
v 5.121019 2.154687 -1.537481
v 4.341666 2.154687 -1.496160
v 4.772651 2.160883 -0.916552
v 4.400681 2.154687 -1.353686
v 4.449833 2.154687 -1.293793
v 4.780274 2.151594 -0.916552
v 4.364157 2.154687 -1.422017
v 4.578057 2.154687 -1.208116
v 4.785938 2.140997 -0.916552
v 4.509726 2.154687 -1.244640
v 4.729308 2.154687 -1.178031
v 4.789426 2.129498 -0.916552
v 4.652201 2.154687 -1.185625
v 4.806415 2.154687 -1.185625
v 4.880558 2.154687 -1.208116
v 4.790604 2.117540 -0.916552
v 5.057935 2.154687 -1.353686
v 4.789426 2.105581 -0.916552
v 5.008782 2.154687 -1.293793
v 5.094459 2.154687 -1.422017
v 5.116950 2.154687 -1.496160
v 4.785938 2.094083 -0.916552
v 4.948889 2.154687 -1.244640
v 4.780274 2.083485 -0.916552
v 4.772651 2.074197 -0.916552
v 4.763362 2.066574 -0.916552
v 4.752765 2.060909 -0.916552
v 4.741266 2.057421 -0.916552
v 4.729308 2.056243 -0.916552
v 4.717350 2.057421 -0.916552
v 4.705851 2.060909 -0.916552
v 4.695253 2.066574 -0.916552
v 4.685965 2.074197 -0.916552
v 4.678341 2.083485 -0.916552
v 4.672677 2.094083 -0.916552
v 4.669189 2.105581 -0.916552
v 4.668011 2.117540 -0.916552
v 4.669189 2.129498 -0.916552
v 4.672677 2.140997 -0.916552
v 4.678341 2.151594 -0.916552
v 4.685965 2.160883 -0.916552
v 4.695253 2.168506 -0.916552
v 4.705851 2.174170 -0.916552
v 4.717350 2.177659 -0.916552
v 4.729308 2.196336 -0.916552
v 4.744680 2.194821 -0.916552
v 4.759462 2.190337 -0.916552
v 4.773085 2.183056 -0.916552
v 4.785025 2.173257 -0.916552
v 4.794824 2.161316 -0.916552
v 4.802105 2.147694 -0.916552
v 4.806590 2.132912 -0.916552
v 4.808104 2.117540 -0.916552
v 4.806590 2.102168 -0.916552
v 4.802105 2.087386 -0.916552
v 4.794824 2.073763 -0.916552
v 4.785025 2.061823 -0.916552
v 4.773085 2.052024 -0.916552
v 4.759462 2.044742 -0.916552
v 4.744680 2.040258 -0.916552
v 4.729308 2.038744 -0.916552
v 4.713936 2.040258 -0.916552
v 4.699154 2.044742 -0.916552
v 4.685532 2.052024 -0.916552
v 4.673591 2.061823 -0.916552
v 4.663792 2.073763 -0.916552
v 4.656510 2.087386 -0.916552
v 4.652026 2.102168 -0.916552
v 4.650512 2.117540 -0.916552
v 4.652026 2.132912 -0.916552
v 4.656510 2.147694 -0.916552
v 4.663792 2.161316 -0.916552
v 4.673591 2.173257 -0.916552
v 4.685532 2.183056 -0.916552
v 4.699154 2.190337 -0.916552
v 4.713936 2.194821 -0.916552
v 4.729308 2.196336 -1.033745
v 4.744680 2.194821 -1.033745
v 4.759462 2.190337 -1.033745
v 4.773085 2.183056 -1.033745
v 4.785025 2.173257 -1.033745
v 4.794824 2.161316 -1.033745
v 4.663792 2.161316 -1.033745
v 4.673591 2.173257 -1.033745
v 4.685532 2.183056 -1.033745
v 4.699154 2.190337 -1.033745
v 4.713936 2.194821 -1.033745
v 4.685532 2.052024 -0.975034
v 4.673591 2.061823 -0.975034
v 4.670324 2.065804 -0.975034
v 4.729308 2.038744 -0.975034
v 4.713936 2.040258 -0.975034
v 4.699154 2.044742 -0.975034
v 4.773085 2.052024 -0.975034
v 4.785025 2.061823 -0.975034
v 4.788292 2.065804 -0.975034
v 4.744680 2.040258 -0.975034
v 4.759462 2.044742 -0.975034
v 4.788292 2.065804 -1.006892
v 4.670324 2.065804 -1.006892
v 4.660248 2.154687 -1.006892
v 4.660248 2.154687 -1.033745
v 4.798368 2.154687 -1.033745
v 4.798368 2.154687 -1.006892
v 4.656510 2.087386 -1.006892
v 4.652026 2.102168 -1.006892
v 4.663792 2.073763 -1.006892
v 4.808104 2.117540 -1.006892
v 4.794824 2.073763 -1.006892
v 4.802105 2.087386 -1.006892
v 4.806590 2.102168 -1.006892
v 4.650512 2.117540 -1.006892
v 4.652026 2.132912 -1.006892
v 4.656510 2.147694 -1.006892
v 4.802105 2.147694 -1.006892
v 4.806590 2.132912 -1.006892
vn -1.0000 -0.0000 -0.0000
vn -0.0000 -0.0000 -1.0000
vn 1.0000 -0.0000 -0.0000
vn -0.0000 -0.0000 1.0000
vn -0.0000 -1.0000 -0.0000
vn -0.0000 1.0000 -0.0000
vn -0.9952 -0.0000 -0.0980
vn -0.9569 -0.0000 -0.2903
vn -0.8819 -0.0000 -0.4714
vn -0.7730 -0.0000 -0.6344
vn -0.6344 -0.0000 -0.7730
vn -0.4714 -0.0000 -0.8819
vn -0.2903 -0.0000 -0.9569
vn -0.0980 -0.0000 -0.9952
vn 0.0980 -0.0000 -0.9952
vn 0.2903 -0.0000 -0.9569
vn 0.4714 -0.0000 -0.8819
vn 0.6344 -0.0000 -0.7730
vn 0.7730 -0.0000 -0.6344
vn 0.8819 -0.0000 -0.4714
vn 0.9569 -0.0000 -0.2903
vn 0.9952 -0.0000 -0.0980
vn 0.0980 0.9952 -0.0000
vn 0.2903 0.9569 -0.0000
vn 0.4714 0.8819 -0.0000
vn 0.6344 0.7730 -0.0000
vn 0.7730 0.6344 -0.0000
vn 0.8819 0.4714 -0.0000
vn 0.9569 0.2903 -0.0000
vn 0.9952 0.0980 -0.0000
vn 0.9952 -0.0980 -0.0000
vn 0.9569 -0.2903 -0.0000
vn 0.8819 -0.4714 -0.0000
vn 0.7730 -0.6344 -0.0000
vn 0.6344 -0.7730 -0.0000
vn 0.4714 -0.8819 -0.0000
vn 0.2903 -0.9569 -0.0000
vn 0.0980 -0.9952 -0.0000
vn -0.0980 -0.9952 -0.0000
vn -0.2903 -0.9569 -0.0000
vn -0.4714 -0.8819 -0.0000
vn -0.6344 -0.7730 -0.0000
vn -0.7730 -0.6344 -0.0000
vn -0.8819 -0.4714 -0.0000
vn -0.9569 -0.2903 -0.0000
vn -0.9952 -0.0980 -0.0000
vn -0.9952 0.0980 -0.0000
vn -0.9569 0.2903 -0.0000
vn -0.8819 0.4714 -0.0000
vn -0.7730 0.6344 -0.0000
vn -0.6344 0.7730 -0.0000
vn -0.4714 0.8819 -0.0000
vn -0.2903 0.9569 -0.0000
vn -0.0980 0.9952 -0.0000
vt 0.375000 0.000000
vt 0.625000 0.000000
vt 0.625000 0.250000
vt 0.375000 0.250000
vt 0.625000 0.500000
vt 0.375000 0.500000
vt 0.375000 0.481275
vt 0.625000 0.481275
vt 0.625000 0.268725
vt 0.375000 0.268725
vt 0.625000 0.750000
vt 0.375000 0.750000
vt 0.625000 0.890876
vt 0.625000 1.000000
vt 0.375000 1.000000
vt 0.625000 0.859124
vt 0.617092 0.860003
vt 0.597624 0.863217
vt 0.583158 0.866884
vt 0.574250 0.870862
vt 0.571242 0.875000
vt 0.574250 0.879137
vt 0.583158 0.883116
vt 0.597624 0.886783
vt 0.617092 0.889996
vt 0.356275 0.500000
vt 0.125000 0.750000
vt 0.125000 0.500000
vt 0.143725 0.500000
vt 0.145665 0.530783
vt 0.151718 0.561972
vt 0.161549 0.590717
vt 0.174779 0.615911
vt 0.190899 0.636588
vt 0.209290 0.651952
vt 0.229246 0.661413
vt 0.250000 0.664608
vt 0.270754 0.661413
vt 0.290710 0.651952
vt 0.309101 0.636588
vt 0.325221 0.615911
vt 0.338451 0.590717
vt 0.348282 0.561972
vt 0.354335 0.530783
vt 0.866426 0.513401
vt 0.855431 0.513401
vt 0.644569 0.513401
vt 0.633574 0.513401
vt 0.644569 0.513401
vt 0.866426 0.736599
vt 0.875000 0.500000
vt 0.875000 0.750000
vt 0.643725 0.500000
vt 0.856275 0.500000
vt 0.633575 0.736599
vt 0.734124 0.736599
vt 0.734124 0.750000
vt 0.765876 0.750000
vt 0.765876 0.736599
vt 0.854335 0.530783
vt 0.768588 0.736599
vt 0.768588 0.725303
vt 0.731412 0.725303
vt 0.731412 0.736599
vt 0.645665 0.530783
vt 0.651718 0.561973
vt 0.661549 0.590717
vt 0.674779 0.615911
vt 0.690899 0.636588
vt 0.709291 0.651952
vt 0.729246 0.661413
vt 0.750000 0.664608
vt 0.770754 0.661413
vt 0.790710 0.651952
vt 0.809101 0.636588
vt 0.825222 0.615911
vt 0.838451 0.590717
vt 0.848282 0.561972
vt 0.730406 0.736599
vt 0.729199 0.736599
vt 0.728792 0.736599
vt 0.729199 0.736599
vt 0.730406 0.736599
vt 0.732366 0.736599
vt 0.767634 0.736599
vt 0.769594 0.736599
vt 0.770801 0.736599
vt 0.771208 0.736599
vt 0.770801 0.736599
vt 0.718750 0.846021
vt 0.735497 0.846021
vt 0.735497 0.789799
vt 0.748408 0.789799
vt 0.748408 0.710201
vt 0.718750 0.710201
vt 0.687500 0.710201
vt 0.687500 0.846021
vt 0.656250 0.710201
vt 0.656250 0.846021
vt 0.625000 0.710201
vt 0.625000 0.846021
vt 0.593750 0.710201
vt 0.593750 0.846021
vt 0.562500 0.710201
vt 0.562500 0.846021
vt 0.531250 0.710201
vt 0.531250 0.846021
vt 0.500000 0.710201
vt 0.500000 0.846021
vt 0.468750 0.710201
vt 0.468750 0.846021
vt 0.437500 0.710201
vt 0.437500 0.846021
vt 0.406250 0.710201
vt 0.406250 0.846021
vt 0.375000 0.710201
vt 0.375000 0.846021
vt 0.343750 0.710201
vt 0.343750 0.846021
vt 0.312500 0.710201
vt 0.312500 0.846021
vt 0.281250 0.710201
vt 0.281250 0.846021
vt 0.264503 0.789799
vt 0.264503 0.846021
vt 0.251592 0.710201
vt 0.251592 0.789799
vt 0.158156 0.028269
vt 0.203178 0.014612
vt 0.250000 0.490000
vt 0.296822 0.485388
vt 0.341844 0.471731
vt 0.383337 0.449553
vt 0.419706 0.419706
vt 0.449553 0.383337
vt 0.471731 0.341844
vt 0.485388 0.296822
vt 0.490000 0.250000
vt 0.116663 0.050447
vt 0.080294 0.080294
vt 0.050447 0.116663
vt 0.028269 0.158156
vt 0.014612 0.203178
vt 0.010000 0.250000
vt 1.000000 0.500000
vt 1.000000 1.000000
vt 0.968750 1.000000
vt 0.968750 0.500000
vt 0.937500 1.000000
vt 0.937500 0.500000
vt 0.906250 1.000000
vt 0.906250 0.500000
vt 0.875000 1.000000
vt 0.843750 1.000000
vt 0.843750 0.500000
vt 0.812500 1.000000
vt 0.812500 0.500000
vt 0.781250 1.000000
vt 0.781250 0.500000
vt 0.750000 1.000000
vt 0.750000 0.500000
vt 0.718750 1.000000
vt 0.718750 0.500000
vt 0.687500 1.000000
vt 0.687500 0.500000
vt 0.656250 1.000000
vt 0.656250 0.500000
vt 0.593750 1.000000
vt 0.593750 0.500000
vt 0.562500 1.000000
vt 0.562500 0.500000
vt 0.531250 1.000000
vt 0.531250 0.500000
vt 0.500000 1.000000
vt 0.500000 0.500000
vt 0.468750 1.000000
vt 0.468750 0.500000
vt 0.437500 1.000000
vt 0.437500 0.500000
vt 0.406250 1.000000
vt 0.406250 0.500000
vt 0.343750 1.000000
vt 0.343750 0.500000
vt 0.312500 1.000000
vt 0.312500 0.500000
vt 0.281250 1.000000
vt 0.281250 0.500000
vt 0.250000 1.000000
vt 0.250000 0.500000
vt 0.218750 1.000000
vt 0.218750 0.500000
vt 0.187500 1.000000
vt 0.187500 0.500000
vt 0.156250 1.000000
vt 0.156250 0.500000
vt 0.125000 1.000000
vt 0.093750 1.000000
vt 0.093750 0.500000
vt 0.062500 1.000000
vt 0.062500 0.500000
vt 0.383337 0.050447
vt 0.419706 0.080294
vt 0.449553 0.116663
vt 0.471731 0.158156
vt 0.485388 0.203178
vt 0.203178 0.485388
vt 0.158156 0.471731
vt 0.116663 0.449553
vt 0.080294 0.419706
vt 0.050447 0.383337
vt 0.028269 0.341844
vt 0.014612 0.296822
vt 0.031250 1.000000
vt 0.031250 0.500000
vt 0.000000 1.000000
vt 0.000000 0.500000
vt 0.828543 0.500000
vt 0.328543 0.500000
vt 0.828543 0.500000
vt 0.750000 0.500000
vt 0.635418 0.500000
vt 0.635418 0.500000
vt 0.364582 0.500000
vt 0.364582 0.500000
vt 0.171457 0.500000
vt 0.171457 0.500000
s 0
f 5816/1555/293 5832/1556/293 5834/1557/293 5820/1558/293
f 5836/1559/294 5828/1560/294 5855/1561/294 5848/1562/294
f 5820/1558/294 5834/1557/294 5850/1563/294 5853/1564/294
f 5828/1560/295 5836/1559/295 5838/1565/295 5824/1566/295
f 5979/1567/296 5832/1568/296 5816/1569/296 5824/1566/296 5838/1565/296 5985/1570/296 5984/1571/296 5983/1572/296 5987/1573/296 5986/1574/296 5980/1575/296 5981/1576/296 5982/1577/296 5977/1578/296 5978/1579/296
f 5855/1580/297 5828/1560/297 5824/1566/297 5816/1581/297 5820/1582/297 5853/1583/297 5869/1584/297 5874/1585/297 5872/1586/297 5871/1587/297 5884/1588/297 5876/1589/297 5883/1590/297 5878/1591/297 5880/1592/297 5858/1593/297 5857/1594/297 5864/1595/297 5860/1596/297 5867/1597/297 5863/1598/297
f 5822/1599/294 5842/1599/294 5888/1600/294 5887/1600/294
f 5890/1601/294 5845/1602/294 5830/1602/294 5885/1603/294
f 5819/1604/298 5822/1599/298 5834/1605/298 5832/1606/298
f 5885/1603/298 5830/1602/298 5836/1559/298 5848/1607/298
f 5834/1605/298 5822/1599/298 5887/1600/298 5850/1608/298
f 5830/1602/298 5826/1609/298 5838/1565/298 5836/1559/298
f 5838/1565/298 5826/1609/298 5988/1610/298 5985/1611/298
f 5819/1604/298 5832/1606/298 5979/1612/298 5989/1613/298
f 5891/1614/298 5888/1600/298 5842/1599/298 5840/1604/298 5990/1615/298 5991/1616/298 5992/1617/298 5993/1618/298 5846/1609/298 5845/1602/298 5890/1601/298 5910/1619/298 5909/1620/298 5906/1621/298 5908/1622/298 5912/1623/298 5904/1624/298 5903/1625/298 5900/1626/298 5902/1627/298 5897/1628/298 5899/1629/298 5894/1630/298 5893/1631/298 5896/1632/298
f 5826/1609/295 5830/1602/295 5845/1602/295 5846/1609/295
f 5822/1599/293 5819/1604/293 5840/1604/293 5842/1599/293
f 5988/1610/296 5826/1609/296 5846/1609/296 5993/1618/296 6004/1633/296 6005/1634/296 5997/1635/296 6000/1636/296 5999/1637/296 5998/1638/296
f 5990/1615/296 5840/1604/296 5819/1604/296 5989/1613/296 5996/1639/296 5994/1640/296 5995/1641/296 6001/1642/296 6002/1643/296 6003/1640/296
f 5910/1644/299 5890/1645/299 5885/1646/299 5848/1647/299 5855/1648/299 5863/1649/299
f 5863/1649/300 5867/1650/300 5909/1651/300 5910/1644/300
f 5867/1650/301 5860/1652/301 5906/1653/301 5909/1651/301
f 5860/1652/302 5864/1654/302 5908/1655/302 5906/1653/302
f 5864/1654/303 5857/1656/303 5912/1657/303 5908/1655/303
f 5857/1656/304 5858/1658/304 5904/1659/304 5912/1657/304
f 5858/1658/305 5880/1660/305 5903/1661/305 5904/1659/305
f 5880/1660/306 5878/1662/306 5900/1663/306 5903/1661/306
f 5878/1662/307 5883/1664/307 5902/1665/307 5900/1663/307
f 5883/1664/308 5876/1666/308 5897/1667/308 5902/1665/308
f 5876/1666/309 5884/1668/309 5899/1669/309 5897/1667/309
f 5884/1668/310 5871/1670/310 5894/1671/310 5899/1669/310
f 5894/1671/311 5871/1670/311 5872/1672/311 5893/1673/311
f 5893/1673/312 5872/1672/312 5874/1674/312 5896/1675/312
f 5896/1675/313 5874/1674/313 5869/1676/313 5891/1677/313
f 5887/1678/314 5888/1679/314 5891/1677/314 5869/1676/314 5853/1680/314 5850/1681/314
f 5877/1682/294 5879/1683/294 5817/1684/294 5818/1685/294 5821/1686/294 5823/1687/294 5825/1688/294 5827/1689/294 5829/1690/294 5831/1691/294 5833/1692/294 5835/1691/294 5837/1690/294 5839/1689/294 5841/1688/294 5843/1687/294 5844/1686/294 5847/1685/294 5849/1684/294 5851/1683/294 5852/1682/294 5854/1693/294 5856/1694/294 5859/1695/294 5861/1696/294 5862/1697/294 5865/1698/294 5866/1697/294 5868/1696/294 5870/1695/294 5873/1694/294 5875/1693/294
f 5881/1699/315 5817/1700/315 5818/1701/315 5882/1702/315
f 5882/1702/316 5818/1701/316 5821/1703/316 5886/1704/316
f 5886/1704/317 5821/1703/317 5823/1705/317 5889/1706/317
f 5889/1706/318 5823/1705/318 5825/1707/318 5892/1605/318
f 5892/1605/319 5825/1707/319 5827/1708/319 5895/1709/319
f 5895/1709/320 5827/1708/320 5829/1710/320 5898/1711/320
f 5898/1711/321 5829/1710/321 5831/1712/321 5901/1713/321
f 5901/1713/322 5831/1712/322 5833/1714/322 5905/1715/322
f 5905/1715/323 5833/1714/323 5835/1716/323 5907/1717/323
f 5907/1717/324 5835/1716/324 5837/1718/324 5911/1719/324
f 5911/1719/325 5837/1718/325 5839/1720/325 5913/1721/325
f 5913/1721/326 5839/1720/326 5841/1568/326 5914/1559/326
f 5914/1559/327 5841/1568/327 5843/1722/327 5915/1723/327
f 5915/1723/328 5843/1722/328 5844/1724/328 5916/1725/328
f 5916/1725/329 5844/1724/329 5847/1726/329 5917/1727/329
f 5917/1727/330 5847/1726/330 5849/1728/330 5918/1729/330
f 5918/1729/331 5849/1728/331 5851/1730/331 5919/1731/331
f 5919/1731/332 5851/1730/332 5852/1732/332 5920/1733/332
f 5920/1733/333 5852/1732/333 5854/1734/333 5921/1735/333
f 5921/1735/334 5854/1734/334 5856/1569/334 5922/1560/334
f 5922/1560/335 5856/1569/335 5859/1736/335 5923/1737/335
f 5923/1737/336 5859/1736/336 5861/1738/336 5924/1739/336
f 5924/1739/337 5861/1738/337 5862/1740/337 5925/1741/337
f 5925/1741/338 5862/1740/338 5865/1742/338 5926/1743/338
f 5926/1743/339 5865/1742/339 5866/1744/339 5927/1745/339
f 5927/1745/340 5866/1744/340 5868/1746/340 5928/1747/340
f 5928/1747/341 5868/1746/341 5870/1748/341 5929/1749/341
f 5929/1749/342 5870/1748/342 5873/1750/342 5930/1582/342
f 5930/1582/343 5873/1750/343 5875/1751/343 5931/1752/343
f 5931/1752/344 5875/1751/344 5877/1753/344 5932/1754/344
f 5849/1684/296 5847/1685/296 5844/1686/296 5843/1755/296 5841/1756/296 5839/1757/296 5837/1758/296 5835/1759/296 5833/1692/296 5831/1759/296 5829/1758/296 5827/1757/296 5825/1756/296 5823/1755/296 5821/1686/296 5818/1685/296 5817/1684/296 5879/1760/296 5877/1761/296 5875/1762/296 5873/1763/296 5870/1764/296 5868/1765/296 5866/1766/296 5865/1698/296 5862/1766/296 5861/1765/296 5859/1764/296 5856/1763/296 5854/1762/296 5852/1761/296 5851/1760/296
f 5932/1754/345 5877/1753/345 5879/1767/345 5933/1768/345
f 5933/1768/346 5879/1767/346 5817/1769/346 5881/1770/346
f 5886/1704/294 5936/1704/294 5937/1706/294 5889/1706/294
f 5913/1721/294 5945/1721/294 5946/1559/294 5914/1559/294
f 5922/1560/294 5954/1560/294 5955/1737/294 5923/1737/294
f 5931/1752/294 5963/1752/294 5964/1754/294 5932/1754/294
f 5889/1706/294 5937/1706/294 5938/1605/294 5892/1605/294
f 5914/1559/294 5946/1559/294 5947/1723/294 5915/1723/294
f 5923/1737/294 5955/1737/294 5956/1739/294 5924/1739/294
f 5932/1754/294 5964/1754/294 5965/1768/294 5933/1768/294
f 5892/1605/294 5938/1605/294 5939/1709/294 5895/1709/294
f 5915/1723/294 5947/1723/294 5948/1725/294 5916/1725/294
f 5924/1739/294 5956/1739/294 5957/1741/294 5925/1741/294
f 5933/1768/294 5965/1768/294 5934/1770/294 5881/1770/294
f 5895/1709/294 5939/1709/294 5940/1711/294 5898/1711/294
f 5916/1725/294 5948/1725/294 5949/1727/294 5917/1727/294
f 5925/1741/294 5957/1741/294 5958/1743/294 5926/1743/294
f 5898/1711/294 5940/1711/294 5941/1713/294 5901/1713/294
f 5917/1727/294 5949/1727/294 5950/1729/294 5918/1729/294
f 5926/1743/294 5958/1743/294 5959/1743/294 5927/1745/294
f 5901/1713/294 5941/1713/294 5942/1715/294 5905/1715/294
f 5918/1729/294 5950/1729/294 5951/1731/294 5919/1731/294
f 5927/1745/294 5959/1745/294 5960/1747/294 5928/1747/294
f 5905/1715/294 5942/1715/294 5943/1715/294 5907/1717/294
f 5919/1731/294 5951/1731/294 5952/1733/294 5920/1733/294
f 5881/1699/294 5934/1699/294 5935/1702/294 5882/1702/294
f 5928/1747/294 5960/1747/294 5961/1749/294 5929/1749/294
f 5907/1717/294 5943/1717/294 5944/1719/294 5911/1719/294
f 5920/1733/294 5952/1733/294 5953/1735/294 5921/1735/294
f 5929/1749/294 5961/1749/294 5962/1582/294 5930/1582/294
f 5882/1702/294 5935/1702/294 5936/1704/294 5886/1704/294
f 5911/1719/294 5944/1719/294 5945/1721/294 5913/1721/294
f 5921/1735/294 5953/1735/294 5954/1560/294 5922/1560/294
f 5930/1582/294 5962/1582/294 5963/1752/294 5931/1752/294
f 5976/1768/294 5966/1770/294 5967/1702/294 5968/1704/294 5969/1706/294 5970/1605/294 5971/1709/294 5992/1771/294 5991/1772/294 5972/1737/294 5973/1560/294 5974/1735/294 5975/1733/294
f 5938/1605/318 5970/1605/318 5969/1706/318 5937/1706/318
f 5939/1709/319 5971/1709/319 5970/1605/319 5938/1605/319
f 5992/1771/320 5971/1709/320 5939/1709/320 5940/1711/320 6004/1711/320 5993/1773/320
f 6004/1711/321 5940/1711/321 5941/1713/321 6005/1713/321
f 6005/1713/322 5941/1713/322 5942/1715/322 5997/1774/322
f 5997/1774/323 5942/1715/323 5943/1717/323 6000/1717/323
f 6000/1717/324 5943/1717/324 5944/1719/324 5999/1719/324
f 5999/1719/325 5944/1719/325 5945/1721/325 5998/1721/325
f 5998/1721/326 5945/1721/326 5946/1559/326 5984/1559/326 5985/1775/326 5988/1776/326
f 5984/1559/327 5946/1559/327 5947/1723/327 5983/1723/327
f 5983/1723/328 5947/1723/328 5948/1725/328 5987/1725/328
f 5987/1725/329 5948/1725/329 5949/1727/329 5986/1727/329
f 5949/1727/330 5950/1729/330 5980/1729/330 5986/1727/330
f 5950/1729/331 5951/1731/331 5981/1731/331 5980/1729/331
f 5981/1731/332 5951/1731/332 5952/1733/332 5982/1733/332
f 5982/1733/333 5952/1733/333 5953/1735/333 5977/1735/333
f 5977/1735/334 5953/1735/334 5954/1560/334 5978/1560/334
f 5979/1777/335 5978/1560/335 5954/1560/335 5955/1737/335 5996/1737/335 5989/1778/335
f 5996/1737/336 5955/1737/336 5956/1739/336 5994/1739/336
f 5994/1739/337 5956/1739/337 5957/1741/337 5995/1741/337
f 5957/1741/338 5958/1743/338 6001/1743/338 5995/1741/338
f 6001/1743/339 5958/1743/339 5959/1745/339 6002/1745/339
f 6002/1745/340 5959/1745/340 5960/1747/340 6003/1747/340
f 6003/1747/341 5960/1747/341 5961/1749/341 5972/1749/341 5991/1779/341 5990/1780/341
f 5962/1582/342 5973/1582/342 5972/1749/342 5961/1749/342
f 5963/1752/343 5974/1752/343 5973/1582/343 5962/1582/343
f 5964/1754/344 5975/1754/344 5974/1752/344 5963/1752/344
f 5965/1768/345 5976/1768/345 5975/1754/345 5964/1754/345
f 5934/1699/346 5966/1770/346 5976/1768/346 5965/1768/346
f 5935/1702/315 5967/1702/315 5966/1770/315 5934/1699/315
f 5936/1704/316 5968/1704/316 5967/1702/316 5935/1702/316
f 5937/1706/317 5969/1706/317 5968/1704/317 5936/1704/317
